make  all-recursive
make[1]: Entering directory '/var/tmp/pgb-poc/nano-8.2'
Making all in doc
make[2]: Entering directory '/var/tmp/pgb-poc/nano-8.2/doc'
make  all-recursive
make[3]: Entering directory '/var/tmp/pgb-poc/nano-8.2/doc'
make[4]: Entering directory '/var/tmp/pgb-poc/nano-8.2/doc'
make[4]: Nothing to be done for 'all-am'.
make[4]: Leaving directory '/var/tmp/pgb-poc/nano-8.2/doc'
make[3]: Leaving directory '/var/tmp/pgb-poc/nano-8.2/doc'
make[2]: Leaving directory '/var/tmp/pgb-poc/nano-8.2/doc'
Making all in lib
make[2]: Entering directory '/var/tmp/pgb-poc/nano-8.2/lib'
sed -e 1h -e '1s,.*,/* DO NOT EDIT! GENERATED AUTOMATICALLY! */,' -e 1G \
  -e 's|@''HAVE_ALLOCA_H''@|1|g' \
  ./alloca.in.h > alloca.h-t
sed -e 1h -e '1s,.*,/* DO NOT EDIT! GENERATED AUTOMATICALLY! */,' -e 1G \
      -e 's|@''GUARD_PREFIX''@|GL|g' \
      -e 's|@''INCLUDE_NEXT''@|include_next|g' \
      -e 's|@''PRAGMA_SYSTEM_HEADER''@|#pragma GCC system_header|g' \
      -e 's|@''PRAGMA_COLUMNS''@||g' \
      -e 's|@''NEXT_CTYPE_H''@|<ctype.h>|g' \
      -e 's/@''GNULIB_ISBLANK''@/1/g' \
      -e 's/@''HAVE_ISBLANK''@/1/g' \
      -e '/definitions of _GL_FUNCDECL_RPL/r ./c++defs.h' \
      -e '/definition of _GL_WARN_ON_USE/r ./warn-on-use.h' \
      ./ctype.in.h > ctype.h-t
sed -e 1h -e '1s,.*,/* DO NOT EDIT! GENERATED AUTOMATICALLY! */,' -e 1G \
      -e 's|@''GUARD_PREFIX''@|GL|g' \
      -e 's|@''HAVE_DIRENT_H''@|1|g' \
      -e 's|@''INCLUDE_NEXT''@|include_next|g' \
      -e 's|@''PRAGMA_SYSTEM_HEADER''@|#pragma GCC system_header|g' \
      -e 's|@''PRAGMA_COLUMNS''@||g' \
      -e 's|@''NEXT_DIRENT_H''@|<dirent.h>|g' \
      -e 's/@''DIR_HAS_FD_MEMBER''@/1/g' \
      -e 's/@''GNULIB_OPENDIR''@/1/g' \
      -e 's/@''GNULIB_READDIR''@/1/g' \
      -e 's/@''GNULIB_REWINDDIR''@/0/g' \
      -e 's/@''GNULIB_CLOSEDIR''@/1/g' \
      -e 's/@''GNULIB_DIRFD''@/1/g' \
      -e 's/@''GNULIB_FDOPENDIR''@/0/g' \
      -e 's/@''GNULIB_SCANDIR''@/0/g' \
      -e 's/@''GNULIB_ALPHASORT''@/0/g' \
      -e 's/@''HAVE_OPENDIR''@/1/g' \
      -e 's/@''HAVE_READDIR''@/1/g' \
      -e 's/@''HAVE_REWINDDIR''@/1/g' \
      -e 's/@''HAVE_CLOSEDIR''@/1/g' \
      -e 's|@''HAVE_DECL_DIRFD''@|1|g' \
      -e 's|@''HAVE_DECL_FDOPENDIR''@|1|g' \
      -e 's|@''HAVE_FDOPENDIR''@|1|g' \
      -e 's|@''HAVE_SCANDIR''@|1|g' \
      -e 's|@''HAVE_ALPHASORT''@|1|g' \
      -e 's|@''REPLACE_OPENDIR''@|0|g' \
      -e 's|@''REPLACE_READDIR''@|0|g' \
      -e 's|@''REPLACE_REWINDDIR''@|0|g' \
      -e 's|@''REPLACE_CLOSEDIR''@|0|g' \
      -e 's|@''REPLACE_DIRFD''@|0|g' \
      -e 's|@''REPLACE_FDOPENDIR''@|0|g' \
      -e '/definitions of _GL_FUNCDECL_RPL/r ./c++defs.h' \
      -e '/definition of _GL_ARG_NONNULL/r ./arg-nonnull.h' \
      -e '/definition of _GL_WARN_ON_USE/r ./warn-on-use.h' \
      ./dirent.in.h > dirent.h-t
sed -e 1h -e '1s,.*,/* DO NOT EDIT! GENERATED AUTOMATICALLY! */,' -e 1G \
      -e 's|@''GUARD_PREFIX''@|GL|g' \
      -e 's|@''HAVE_ERROR_H''@|1|g' \
      -e 's|@''INCLUDE_NEXT''@|include_next|g' \
      -e 's|@''NEXT_ERROR_H''@|<error.h>|g' \
      -e 's|@''HAVE_ERROR''@|1|g' \
      -e 's|@''HAVE_ERROR_AT_LINE''@|1|g' \
      -e 's|@''REPLACE_ERROR''@|0|g' \
      -e 's|@''REPLACE_ERROR_AT_LINE''@|0|g' \
      -e '/definitions of _GL_FUNCDECL_RPL/r ./c++defs.h' \
      ./error.in.h > error.h-t
mv alloca.h-t alloca.h
mv ctype.h-t ctype.h
mv error.h-t error.h
sed -e 1h -e '1s,.*,/* DO NOT EDIT! GENERATED AUTOMATICALLY! */,' -e 1G \
      -e 's|@''GUARD_PREFIX''@|GL|g' \
      -e 's|@''INCLUDE_NEXT''@|include_next|g' \
      -e 's|@''PRAGMA_SYSTEM_HEADER''@|#pragma GCC system_header|g' \
      -e 's|@''PRAGMA_COLUMNS''@||g' \
      -e 's|@''NEXT_FCNTL_H''@|<fcntl.h>|g' \
      -e 's/@''GNULIB_CREAT''@/0/g' \
      -e 's/@''GNULIB_FCNTL''@/1/g' \
      -e 's/@''GNULIB_NONBLOCKING''@/0/g' \
      -e 's/@''GNULIB_OPEN''@/1/g' \
      -e 's/@''GNULIB_OPENAT''@/1/g' \
      -e 's/@''GNULIB_MDA_CREAT''@/1/g' \
      -e 's/@''GNULIB_MDA_OPEN''@/1/g' \
      -e 's|@''HAVE_FCNTL''@|1|g' \
      -e 's|@''HAVE_OPENAT''@|1|g' \
      -e 's|@''REPLACE_CREAT''@|0|g' \
      -e 's|@''REPLACE_FCNTL''@|1|g' \
      -e 's|@''REPLACE_OPEN''@|0|g' \
      -e 's|@''REPLACE_OPENAT''@|0|g' \
      -e '/definitions of _GL_FUNCDECL_RPL/r ./c++defs.h' \
      -e '/definition of _GL_ARG_NONNULL/r ./arg-nonnull.h' \
      -e '/definition of _GL_WARN_ON_USE/r ./warn-on-use.h' \
      ./fcntl.in.h > fcntl.h-t
sed -e 1h -e '1s,.*,/* DO NOT EDIT! GENERATED AUTOMATICALLY! */,' -e 1G \
      -e 's|@''GUARD_PREFIX''@|GL|g' \
      -e 's|@''INCLUDE_NEXT''@|include_next|g' \
      -e 's|@''PRAGMA_SYSTEM_HEADER''@|#pragma GCC system_header|g' \
      -e 's|@''PRAGMA_COLUMNS''@||g' \
      -e 's|@''NEXT_FLOAT_H''@|<float.h>|g' \
      -e 's|@''REPLACE_ITOLD''@|0|g' \
      ./float.in.h > float.h-t
/usr/bin/mkdir -p 'malloc'
mv dirent.h-t dirent.h
sed -e 1h -e '1s,.*,/* DO NOT EDIT! GENERATED AUTOMATICALLY! */,' -e 1G \
  -e '/libc_hidden_proto/d' \
  ./malloc/dynarray.h > malloc/dynarray.gl.h-t
mv fcntl.h-t fcntl.h
mv float.h-t float.h
/usr/bin/mkdir -p 'malloc'
/usr/bin/mkdir -p 'malloc'
sed -e 1h -e '1s,.*,/* DO NOT EDIT! GENERATED AUTOMATICALLY! */,' -e 1G \
      -e '/__BEGIN_DECLS/{ s/__BEGIN_DECLS/#ifdef __cplusplus%extern "C" {%#endif/; y/%/\n/; }' \
      -e '/__END_DECLS/{ s/__END_DECLS/#ifdef __cplusplus%}%#endif/; y/%/\n/; }' \
      -e 's|__THROWNL||g' \
      -e 's|__THROW||g' \
      -e 's|__restrict|restrict|g' \
      -e 's|defined __USE_MISC|1|' \
      -e 's|ifdef __USE_GNU|if 1|' \
      -e 's|ifdef __USE_LARGEFILE64|if 0|' \
      ./glob-libc.h > glob-libc.gl.h-t
mv malloc/dynarray.gl.h-t malloc/dynarray.gl.h
sed -e 1h -e '1s,.*,/* DO NOT EDIT! GENERATED AUTOMATICALLY! */,' -e 1G \
      -e 's|<malloc/dynarray\.h>|<malloc/dynarray.gl.h>|g' \
      -e 's|__attribute_maybe_unused__|_GL_ATTRIBUTE_MAYBE_UNUSED|g' \
      -e 's|__attribute_nonnull__|_GL_ATTRIBUTE_NONNULL|g' \
      -e 's|__attribute_warn_unused_result__|_GL_ATTRIBUTE_NODISCARD|g' \
      -e 's|__glibc_likely|_GL_LIKELY|g' \
      -e 's|__glibc_unlikely|_GL_UNLIKELY|g' \
      ./malloc/dynarray-skeleton.c > malloc/dynarray-skeleton.gl.h-t
sed -e 1h -e '1s,.*,/* DO NOT EDIT! GENERATED AUTOMATICALLY! */,' -e 1G \
      -e 's|__always_inline|inline _GL_ATTRIBUTE_ALWAYS_INLINE|g' \
      -e 's|__glibc_likely|_GL_LIKELY|g' \
      -e 's|__glibc_unlikely|_GL_UNLIKELY|g' \
      -e '/libc_hidden_proto/d' \
      ./malloc/scratch_buffer.h > malloc/scratch_buffer.gl.h-t
mv glob-libc.gl.h-t glob-libc.gl.h
sed -e 1h -e '1s,.*,/* DO NOT EDIT! GENERATED AUTOMATICALLY! */,' -e 1G \
      -e 's/@''HAVE_INTTYPES_H''@/1/g' \
      -e 's|@''INCLUDE_NEXT''@|include_next|g' \
      -e 's|@''PRAGMA_SYSTEM_HEADER''@|#pragma GCC system_header|g' \
      -e 's|@''PRAGMA_COLUMNS''@||g' \
      -e 's|@''NEXT_INTTYPES_H''@|<inttypes.h>|g' \
      -e 's/@''APPLE_UNIVERSAL_BUILD''@/0/g' \
      -e 's/@''PRIPTR_PREFIX''@/__PRIPTR_PREFIX/g' \
      -e 's/@''GNULIB_IMAXABS''@/0/g' \
      -e 's/@''GNULIB_IMAXDIV''@/0/g' \
      -e 's/@''GNULIB_STRTOIMAX''@/0/g' \
      -e 's/@''GNULIB_STRTOUMAX''@/0/g' \
      -e 's/@''HAVE_DECL_IMAXABS''@/1/g' \
      -e 's/@''HAVE_DECL_IMAXDIV''@/1/g' \
      -e 's/@''HAVE_DECL_STRTOIMAX''@/1/g' \
      -e 's/@''HAVE_DECL_STRTOUMAX''@/1/g' \
      -e 's/@''HAVE_IMAXDIV_T''@/1/g' \
      -e 's/@''REPLACE_IMAXABS''@/0/g' \
      -e 's/@''REPLACE_IMAXDIV''@/0/g' \
      -e 's/@''REPLACE_STRTOIMAX''@/0/g' \
      -e 's/@''REPLACE_STRTOUMAX''@/0/g' \
      -e 's/@''INT32_MAX_LT_INTMAX_MAX''@/1/g' \
      -e 's/@''INT64_MAX_EQ_LONG_MAX''@/defined _LP64/g' \
      -e 's/@''UINT32_MAX_LT_UINTMAX_MAX''@/1/g' \
      -e 's/@''UINT64_MAX_EQ_ULONG_MAX''@/defined _LP64/g' \
      -e '/definitions of _GL_FUNCDECL_RPL/r ./c++defs.h' \
      -e '/definition of _GL_ARG_NONNULL/r ./arg-nonnull.h' \
      -e '/definition of _GL_WARN_ON_USE/r ./warn-on-use.h' \
      ./inttypes.in.h > inttypes.h-t
mv malloc/scratch_buffer.gl.h-t malloc/scratch_buffer.gl.h
sed -e 1h -e '1s,.*,/* DO NOT EDIT! GENERATED AUTOMATICALLY! */,' -e 1G \
      -e 's|@''GUARD_PREFIX''@|GL|g' \
      -e 's|@''HAVE_LANGINFO_H''@|1|g' \
      -e 's|@''INCLUDE_NEXT''@|include_next|g' \
      -e 's|@''PRAGMA_SYSTEM_HEADER''@|#pragma GCC system_header|g' \
      -e 's|@''PRAGMA_COLUMNS''@||g' \
      -e 's|@''NEXT_LANGINFO_H''@|<langinfo.h>|g' \
      -e 's/@''GNULIB_NL_LANGINFO''@/1/g' \
      -e 's|@''HAVE_LANGINFO_CODESET''@|1|g' \
      -e 's|@''HAVE_LANGINFO_T_FMT_AMPM''@|1|g' \
      -e 's|@''HAVE_LANGINFO_ALTMON''@|1|g' \
      -e 's|@''HAVE_LANGINFO_ERA''@|1|g' \
      -e 's|@''HAVE_LANGINFO_YESEXPR''@|1|g' \
      -e 's|@''HAVE_NL_LANGINFO''@|1|g' \
      -e 's|@''REPLACE_NL_LANGINFO''@|0|g' \
      -e '/definitions of _GL_FUNCDECL_RPL/r ./c++defs.h' \
      -e '/definition of _GL_WARN_ON_USE/r ./warn-on-use.h' \
      ./langinfo.in.h > langinfo.h-t
mv malloc/dynarray-skeleton.gl.h-t malloc/dynarray-skeleton.gl.h
sed -e 1h -e '1s,.*,/* DO NOT EDIT! GENERATED AUTOMATICALLY! */,' -e 1G \
      -e 's|@''GUARD_PREFIX''@|GL|g' \
      -e 's|@''INCLUDE_NEXT''@|include_next|g' \
      -e 's|@''PRAGMA_SYSTEM_HEADER''@|#pragma GCC system_header|g' \
      -e 's|@''PRAGMA_COLUMNS''@||g' \
      -e 's|@''NEXT_LIMITS_H''@|<limits.h>|g' \
      ./limits.in.h > limits.h-t
sed -e 1h -e '1s,.*,/* DO NOT EDIT! GENERATED AUTOMATICALLY! */,' -e 1G \
      -e 's|@''GUARD_PREFIX''@|GL|g' \
      -e 's|@''INCLUDE_NEXT''@|include_next|g' \
      -e 's|@''PRAGMA_SYSTEM_HEADER''@|#pragma GCC system_header|g' \
      -e 's|@''PRAGMA_COLUMNS''@||g' \
      -e 's|@''NEXT_LOCALE_H''@|<locale.h>|g' \
      -e 's/@''GNULIB_LOCALECONV''@/1/g' \
      -e 's/@''GNULIB_SETLOCALE''@/0/g' \
      -e 's/@''GNULIB_SETLOCALE_NULL''@/1/g' \
      -e 's/@''GNULIB_DUPLOCALE''@/0/g' \
      -e 's/@''GNULIB_LOCALENAME_UNSAFE''@/0/g' \
      -e 's|@''HAVE_NEWLOCALE''@|1|g' \
      -e 's|@''HAVE_DUPLOCALE''@|1|g' \
      -e 's|@''HAVE_FREELOCALE''@|1|g' \
      -e 's|@''HAVE_XLOCALE_H''@|0|g' \
      -e 's|@''REPLACE_LOCALECONV''@|0|g' \
      -e 's|@''REPLACE_SETLOCALE''@|0|g' \
      -e 's|@''REPLACE_NEWLOCALE''@|0|g' \
      -e 's|@''REPLACE_DUPLOCALE''@|0|g' \
      -e 's|@''REPLACE_FREELOCALE''@|0|g' \
      -e 's|@''REPLACE_STRUCT_LCONV''@|0|g' \
      -e 's|@''LOCALENAME_ENHANCE_LOCALE_FUNCS''@|0|g' \
      -e '/definitions of _GL_FUNCDECL_RPL/r ./c++defs.h' \
      -e '/definition of _GL_ARG_NONNULL/r ./arg-nonnull.h' \
      -e '/definition of _GL_WARN_ON_USE/r ./warn-on-use.h' \
      ./locale.in.h > locale.h-t
mv inttypes.h-t inttypes.h
mv langinfo.h-t langinfo.h
mv limits.h-t limits.h
sed -e 1h -e '1s,.*,/* DO NOT EDIT! GENERATED AUTOMATICALLY! */,' -e 1G \
      -e 's|@''GUARD_PREFIX''@|GL|g' \
      -e 's|@''INCLUDE_NEXT_AS_FIRST_DIRECTIVE''@|include_next|g' \
      -e 's|@''PRAGMA_SYSTEM_HEADER''@|#pragma GCC system_header|g' \
      -e 's|@''PRAGMA_COLUMNS''@||g' \
      -e 's|@''NEXT_AS_FIRST_DIRECTIVE_MATH_H''@|<math.h>|g' \
      -e 's/@''GNULIB_ACOSF''@/0/g' \
      -e 's/@''GNULIB_ACOSL''@/0/g' \
      -e 's/@''GNULIB_ASINF''@/0/g' \
      -e 's/@''GNULIB_ASINL''@/0/g' \
      -e 's/@''GNULIB_ATANF''@/0/g' \
      -e 's/@''GNULIB_ATANL''@/0/g' \
      -e 's/@''GNULIB_ATAN2F''@/0/g' \
      -e 's/@''GNULIB_CBRT''@/0/g' \
      -e 's/@''GNULIB_CBRTF''@/0/g' \
      -e 's/@''GNULIB_CBRTL''@/0/g' \
      -e 's/@''GNULIB_CEIL''@/0/g' \
      -e 's/@''GNULIB_CEILF''@/0/g' \
      -e 's/@''GNULIB_CEILL''@/0/g' \
      -e 's/@''GNULIB_COPYSIGN''@/0/g' \
      -e 's/@''GNULIB_COPYSIGNF''@/0/g' \
      -e 's/@''GNULIB_COPYSIGNL''@/0/g' \
      -e 's/@''GNULIB_COSF''@/0/g' \
      -e 's/@''GNULIB_COSL''@/0/g' \
      -e 's/@''GNULIB_COSHF''@/0/g' \
      -e 's/@''GNULIB_EXPF''@/0/g' \
      -e 's/@''GNULIB_EXPL''@/0/g' \
      -e 's/@''GNULIB_EXP2''@/0/g' \
      -e 's/@''GNULIB_EXP2F''@/0/g' \
      -e 's/@''GNULIB_EXP2L''@/0/g' \
      -e 's/@''GNULIB_EXPM1''@/0/g' \
      -e 's/@''GNULIB_EXPM1F''@/0/g' \
      -e 's/@''GNULIB_EXPM1L''@/0/g' \
      -e 's/@''GNULIB_FABSF''@/0/g' \
      -e 's/@''GNULIB_FABSL''@/0/g' \
      -e 's/@''GNULIB_FLOOR''@/0/g' \
      -e 's/@''GNULIB_FLOORF''@/0/g' \
      -e 's/@''GNULIB_FLOORL''@/0/g' \
      -e 's/@''GNULIB_FMA''@/0/g' \
      -e 's/@''GNULIB_FMAF''@/0/g' \
      -e 's/@''GNULIB_FMAL''@/0/g' \
      -e 's/@''GNULIB_FMOD''@/0/g' \
      -e 's/@''GNULIB_FMODF''@/0/g' \
      -e 's/@''GNULIB_FMODL''@/0/g' \
      -e 's/@''GNULIB_FREXPF''@/0/g' \
      -e 's/@''GNULIB_FREXP''@/1/g' \
      -e 's/@''GNULIB_FREXPL''@/1/g' \
      -e 's/@''GNULIB_GETPAYLOAD''@/0/g' \
      -e 's/@''GNULIB_GETPAYLOADF''@/0/g' \
      -e 's/@''GNULIB_GETPAYLOADL''@/0/g' \
      -e 's/@''GNULIB_HYPOT''@/0/g' \
      -e 's/@''GNULIB_HYPOTF''@/0/g' \
      -e 's/@''GNULIB_HYPOTL''@/0/g' \
      < ./math.in.h > math.h-t1
sed -e 1h -e '1s,.*,/* DO NOT EDIT! GENERATED AUTOMATICALLY! */,' -e 1G \
      -e 's|@''GUARD_PREFIX''@|GL|g' \
      -e 's|@''HAVE_PTHREAD_H''@|1|g' \
      -e 's|@''INCLUDE_NEXT''@|include_next|g' \
      -e 's|@''PRAGMA_SYSTEM_HEADER''@|#pragma GCC system_header|g' \
      -e 's|@''PRAGMA_COLUMNS''@||g' \
      -e 's|@''NEXT_PTHREAD_H''@|<pthread.h>|g' \
      -e 's/@''GNULIB_PTHREAD_THREAD''@/0/g' \
      -e 's/@''GNULIB_PTHREAD_ONCE''@/1/g' \
      -e 's/@''GNULIB_PTHREAD_MUTEX''@/0/g' \
      -e 's/@''GNULIB_PTHREAD_RWLOCK''@/0/g' \
      -e 's/@''GNULIB_PTHREAD_COND''@/0/g' \
      -e 's/@''GNULIB_PTHREAD_TSS''@/0/g' \
      -e 's/@''GNULIB_PTHREAD_SPIN''@/0/g' \
      -e 's/@''GNULIB_PTHREAD_MUTEX_TIMEDLOCK''@/0/g' \
      -e 's|@''HAVE_PTHREAD_T''@|1|g' \
      -e 's|@''HAVE_PTHREAD_SPINLOCK_T''@|1|g' \
      -e 's|@''HAVE_PTHREAD_CREATE_DETACHED''@|1|g' \
      -e 's|@''HAVE_PTHREAD_MUTEX_RECURSIVE''@|1|g' \
      -e 's|@''HAVE_PTHREAD_MUTEX_ROBUST''@|1|g' \
      -e 's|@''HAVE_PTHREAD_PROCESS_SHARED''@|1|g' \
      -e 's|@''HAVE_PTHREAD_CREATE''@|1|g' \
      -e 's|@''HAVE_PTHREAD_ATTR_INIT''@|1|g' \
      -e 's|@''HAVE_PTHREAD_ATTR_GETDETACHSTATE''@|1|g' \
      -e 's|@''HAVE_PTHREAD_ATTR_SETDETACHSTATE''@|1|g' \
      -e 's|@''HAVE_PTHREAD_ATTR_DESTROY''@|1|g' \
      -e 's|@''HAVE_PTHREAD_SELF''@|1|g' \
      -e 's|@''HAVE_PTHREAD_EQUAL''@|1|g' \
      -e 's|@''HAVE_PTHREAD_DETACH''@|1|g' \
      -e 's|@''HAVE_PTHREAD_JOIN''@|1|g' \
      -e 's|@''HAVE_PTHREAD_EXIT''@|1|g' \
      < ./pthread.in.h > pthread.h-t1
sed -e 1h -e '1s,.*,/* DO NOT EDIT! GENERATED AUTOMATICALLY! */,' -e 1G \
      -e 's|@''GUARD_PREFIX''@|GL|g' \
      -e 's|@''HAVE_SCHED_H''@|1|g' \
      -e 's|@''HAVE_SYS_CDEFS_H''@|1|g' \
      -e 's|@''INCLUDE_NEXT''@|include_next|g' \
      -e 's|@''PRAGMA_SYSTEM_HEADER''@|#pragma GCC system_header|g' \
      -e 's|@''PRAGMA_COLUMNS''@||g' \
      -e 's|@''NEXT_SCHED_H''@|<sched.h>|g' \
      -e 's|@''HAVE_STRUCT_SCHED_PARAM''@|1|g' \
      -e 's/@''GNULIB_SCHED_YIELD''@/0/g' \
      -e 's|@''HAVE_SCHED_YIELD''@|1|g' \
      -e 's|@''REPLACE_SCHED_YIELD''@|0|g' \
      -e '/definitions of _GL_FUNCDECL_RPL/r ./c++defs.h' \
      -e '/definition of _GL_WARN_ON_USE/r ./warn-on-use.h' \
      ./sched.in.h > sched.h-t
mv locale.h-t locale.h
sed -e 1h -e '1s,.*,/* DO NOT EDIT! GENERATED AUTOMATICALLY! */,' -e 1G \
      -e 's|@''GUARD_PREFIX''@|GL|g' \
      -e 's|@''INCLUDE_NEXT''@|include_next|g' \
      -e 's|@''PRAGMA_SYSTEM_HEADER''@|#pragma GCC system_header|g' \
      -e 's|@''PRAGMA_COLUMNS''@||g' \
      -e 's|@''NEXT_SIGNAL_H''@|<signal.h>|g' \
      -e 's/@''GNULIB_PTHREAD_SIGMASK''@/0/g' \
      -e 's/@''GNULIB_RAISE''@/1/g' \
      -e 's/@''GNULIB_SIG2STR''@/0/g' \
      -e 's/@''GNULIB_SIGNAL_H_SIGPIPE''@/0/g' \
      -e 's/@''GNULIB_SIGPROCMASK''@/1/g' \
      -e 's/@''GNULIB_SIGACTION''@/1/g' \
      -e 's|@''HAVE_POSIX_SIGNALBLOCKING''@|1|g' \
      -e 's|@''HAVE_PTHREAD_SIGMASK''@|1|g' \
      -e 's|@''HAVE_RAISE''@|1|g' \
      -e 's|@''HAVE_SIG2STR''@|1|g' \
      -e 's|@''HAVE_SIGSET_T''@|1|g' \
      -e 's|@''HAVE_SIGINFO_T''@|1|g' \
      -e 's|@''HAVE_SIGACTION''@|1|g' \
      -e 's|@''HAVE_STR2SIG''@|1|g' \
      -e 's|@''HAVE_STRUCT_SIGACTION_SA_SIGACTION''@|1|g' \
      -e 's|@''HAVE_TYPE_VOLATILE_SIG_ATOMIC_T''@|1|g' \
      -e 's|@''HAVE_SIGHANDLER_T''@|1|g' \
      -e 's|@''REPLACE_PTHREAD_SIGMASK''@|0|g' \
      -e 's|@''REPLACE_RAISE''@|0|g' \
      -e '/definitions of _GL_FUNCDECL_RPL/r ./c++defs.h' \
      -e '/definition of _GL_ARG_NONNULL/r ./arg-nonnull.h' \
      -e '/definition of _GL_WARN_ON_USE/r ./warn-on-use.h' \
      ./signal.in.h > signal.h-t
sed \
      -e 's|@''HAVE_PTHREAD_ONCE''@|1|g' \
      -e 's|@''HAVE_PTHREAD_MUTEX_INIT''@|1|g' \
      -e 's|@''HAVE_PTHREAD_MUTEXATTR_INIT''@|1|g' \
      -e 's|@''HAVE_PTHREAD_MUTEXATTR_GETTYPE''@|1|g' \
      -e 's|@''HAVE_PTHREAD_MUTEXATTR_SETTYPE''@|1|g' \
      -e 's|@''HAVE_PTHREAD_MUTEXATTR_GETROBUST''@|1|g' \
      -e 's|@''HAVE_PTHREAD_MUTEXATTR_SETROBUST''@|1|g' \
      -e 's|@''HAVE_PTHREAD_MUTEXATTR_DESTROY''@|1|g' \
      -e 's|@''HAVE_PTHREAD_MUTEX_LOCK''@|1|g' \
      -e 's|@''HAVE_PTHREAD_MUTEX_TRYLOCK''@|1|g' \
      -e 's|@''HAVE_PTHREAD_MUTEX_TIMEDLOCK''@|1|g' \
      -e 's|@''HAVE_PTHREAD_MUTEX_UNLOCK''@|1|g' \
      -e 's|@''HAVE_PTHREAD_MUTEX_DESTROY''@|1|g' \
      -e 's|@''HAVE_PTHREAD_RWLOCK_INIT''@|1|g' \
      -e 's|@''HAVE_PTHREAD_RWLOCKATTR_INIT''@|1|g' \
      -e 's|@''HAVE_PTHREAD_RWLOCKATTR_DESTROY''@|1|g' \
      -e 's|@''HAVE_PTHREAD_RWLOCK_RDLOCK''@|1|g' \
      -e 's|@''HAVE_PTHREAD_RWLOCK_WRLOCK''@|1|g' \
      -e 's|@''HAVE_PTHREAD_RWLOCK_TRYRDLOCK''@|1|g' \
      -e 's|@''HAVE_PTHREAD_RWLOCK_TRYWRLOCK''@|1|g' \
      -e 's|@''HAVE_PTHREAD_RWLOCK_TIMEDRDLOCK''@|1|g' \
      -e 's|@''HAVE_PTHREAD_RWLOCK_TIMEDWRLOCK''@|1|g' \
      -e 's|@''HAVE_PTHREAD_RWLOCK_UNLOCK''@|1|g' \
      -e 's|@''HAVE_PTHREAD_RWLOCK_DESTROY''@|1|g' \
      -e 's|@''HAVE_PTHREAD_COND_INIT''@|1|g' \
      -e 's|@''HAVE_PTHREAD_CONDATTR_INIT''@|1|g' \
      -e 's|@''HAVE_PTHREAD_CONDATTR_DESTROY''@|1|g' \
      -e 's|@''HAVE_PTHREAD_COND_WAIT''@|1|g' \
      -e 's|@''HAVE_PTHREAD_COND_TIMEDWAIT''@|1|g' \
      -e 's|@''HAVE_PTHREAD_COND_SIGNAL''@|1|g' \
      -e 's|@''HAVE_PTHREAD_COND_BROADCAST''@|1|g' \
      -e 's|@''HAVE_PTHREAD_COND_DESTROY''@|1|g' \
      -e 's|@''HAVE_PTHREAD_KEY_CREATE''@|1|g' \
      -e 's|@''HAVE_PTHREAD_SETSPECIFIC''@|1|g' \
      -e 's|@''HAVE_PTHREAD_GETSPECIFIC''@|1|g' \
      -e 's|@''HAVE_PTHREAD_KEY_DELETE''@|1|g' \
      -e 's|@''HAVE_PTHREAD_SPIN_INIT''@|1|g' \
      -e 's|@''HAVE_PTHREAD_SPIN_LOCK''@|1|g' \
      -e 's|@''HAVE_PTHREAD_SPIN_TRYLOCK''@|1|g' \
      -e 's|@''HAVE_PTHREAD_SPIN_UNLOCK''@|1|g' \
      -e 's|@''HAVE_PTHREAD_SPIN_DESTROY''@|1|g' \
      < pthread.h-t1 > pthread.h-t2
mv sched.h-t sched.h
mv signal.h-t signal.h
sed \
      -e 's/@''GNULIB_ILOGB''@/0/g' \
      -e 's/@''GNULIB_ILOGBF''@/0/g' \
      -e 's/@''GNULIB_ILOGBL''@/0/g' \
      -e 's/@''GNULIB_ISFINITE''@/0/g' \
      -e 's/@''GNULIB_ISINF''@/0/g' \
      -e 's/@''GNULIB_ISNAN''@/0/g' \
      -e 's/@''GNULIB_ISNANF''@/0/g' \
      -e 's/@''GNULIB_ISNAND''@/0/g' \
      -e 's/@''GNULIB_ISNANL''@/0/g' \
      -e 's/@''GNULIB_LDEXP''@/0/g' \
      -e 's/@''GNULIB_LDEXPF''@/0/g' \
      -e 's/@''GNULIB_LDEXPL''@/0/g' \
      -e 's/@''GNULIB_LOG''@/0/g' \
      -e 's/@''GNULIB_LOGF''@/0/g' \
      -e 's/@''GNULIB_LOGL''@/0/g' \
      -e 's/@''GNULIB_LOG10''@/0/g' \
      -e 's/@''GNULIB_LOG10F''@/0/g' \
      -e 's/@''GNULIB_LOG10L''@/0/g' \
      -e 's/@''GNULIB_LOG1P''@/0/g' \
      -e 's/@''GNULIB_LOG1PF''@/0/g' \
      -e 's/@''GNULIB_LOG1PL''@/0/g' \
      -e 's/@''GNULIB_LOG2''@/0/g' \
      -e 's/@''GNULIB_LOG2F''@/0/g' \
      -e 's/@''GNULIB_LOG2L''@/0/g' \
      -e 's/@''GNULIB_LOGB''@/0/g' \
      -e 's/@''GNULIB_LOGBF''@/0/g' \
      -e 's/@''GNULIB_LOGBL''@/0/g' \
      -e 's/@''GNULIB_LOGP1''@/0/g' \
      -e 's/@''GNULIB_LOGP1F''@/0/g' \
      -e 's/@''GNULIB_LOGP1L''@/0/g' \
      -e 's/@''GNULIB_MODF''@/0/g' \
      -e 's/@''GNULIB_MODFF''@/0/g' \
      -e 's/@''GNULIB_MODFL''@/0/g' \
      -e 's/@''GNULIB_POWF''@/0/g' \
      -e 's/@''GNULIB_REMAINDER''@/0/g' \
      -e 's/@''GNULIB_REMAINDERF''@/0/g' \
      -e 's/@''GNULIB_REMAINDERL''@/0/g' \
      -e 's/@''GNULIB_RINT''@/0/g' \
      -e 's/@''GNULIB_RINTF''@/0/g' \
      -e 's/@''GNULIB_RINTL''@/0/g' \
      -e 's/@''GNULIB_ROUND''@/0/g' \
      -e 's/@''GNULIB_ROUNDF''@/0/g' \
      -e 's/@''GNULIB_ROUNDL''@/0/g' \
      -e 's/@''GNULIB_SETPAYLOAD''@/0/g' \
      -e 's/@''GNULIB_SETPAYLOADF''@/0/g' \
      -e 's/@''GNULIB_SETPAYLOADL''@/0/g' \
      -e 's/@''GNULIB_SETPAYLOADSIG''@/0/g' \
      -e 's/@''GNULIB_SETPAYLOADSIGF''@/0/g' \
      -e 's/@''GNULIB_SETPAYLOADSIGL''@/0/g' \
      -e 's/@''GNULIB_SIGNBIT''@/1/g' \
      -e 's/@''GNULIB_SINF''@/0/g' \
      -e 's/@''GNULIB_SINL''@/0/g' \
      -e 's/@''GNULIB_SINHF''@/0/g' \
      -e 's/@''GNULIB_SQRTF''@/0/g' \
      -e 's/@''GNULIB_SQRTL''@/0/g' \
      -e 's/@''GNULIB_TANF''@/0/g' \
      -e 's/@''GNULIB_TANL''@/0/g' \
      -e 's/@''GNULIB_TANHF''@/0/g' \
      -e 's/@''GNULIB_TRUNC''@/0/g' \
      -e 's/@''GNULIB_TRUNCF''@/0/g' \
      -e 's/@''GNULIB_TRUNCL''@/0/g' \
      -e 's/@''GNULIB_TOTALORDER''@/0/g' \
      -e 's/@''GNULIB_TOTALORDERF''@/0/g' \
      -e 's/@''GNULIB_TOTALORDERL''@/0/g' \
      -e 's/@''GNULIB_TOTALORDERMAG''@/0/g' \
      -e 's/@''GNULIB_TOTALORDERMAGF''@/0/g' \
      -e 's/@''GNULIB_TOTALORDERMAGL''@/0/g' \
      -e 's/@''GNULIB_MDA_J0''@/1/g' \
      -e 's/@''GNULIB_MDA_J1''@/1/g' \
      -e 's/@''GNULIB_MDA_JN''@/1/g' \
      -e 's/@''GNULIB_MDA_Y0''@/1/g' \
      -e 's/@''GNULIB_MDA_Y1''@/1/g' \
      -e 's/@''GNULIB_MDA_YN''@/1/g' \
      < math.h-t1 > math.h-t2
sed -e 1h -e '1s,.*,/* DO NOT EDIT! GENERATED AUTOMATICALLY! */,' -e 1G \
  ./stdckdint.in.h > stdckdint.h-t
sed -e 1h -e '1s,.*,/* DO NOT EDIT! GENERATED AUTOMATICALLY! */,' -e 1G \
      -e 's|@''GUARD_PREFIX''@|GL|g' \
      -e 's|@''INCLUDE_NEXT''@|include_next|g' \
      -e 's|@''PRAGMA_SYSTEM_HEADER''@|#pragma GCC system_header|g' \
      -e 's|@''PRAGMA_COLUMNS''@||g' \
      -e 's|@''NEXT_STDDEF_H''@|<stddef.h>|g' \
      -e 's|@''NULLPTR_T_NEEDS_STDDEF''@|1|g' \
      -e 's|@''STDDEF_NOT_IDEMPOTENT''@|0|g' \
      -e 's|@''REPLACE_NULL''@|0|g' \
      -e 's|@''HAVE_MAX_ALIGN_T''@|1|g' \
      ./stddef.in.h > stddef.h-t
mv stdckdint.h-t stdckdint.h
sed \
      -e 's|@''REPLACE_PTHREAD_CREATE''@|0|g' \
      -e 's|@''REPLACE_PTHREAD_ATTR_INIT''@|0|g' \
      -e 's|@''REPLACE_PTHREAD_ATTR_GETDETACHSTATE''@|0|g' \
      -e 's|@''REPLACE_PTHREAD_ATTR_SETDETACHSTATE''@|0|g' \
      -e 's|@''REPLACE_PTHREAD_ATTR_DESTROY''@|0|g' \
      -e 's|@''REPLACE_PTHREAD_SELF''@|0|g' \
      -e 's|@''REPLACE_PTHREAD_EQUAL''@|0|g' \
      -e 's|@''REPLACE_PTHREAD_DETACH''@|0|g' \
      -e 's|@''REPLACE_PTHREAD_JOIN''@|0|g' \
      -e 's|@''REPLACE_PTHREAD_EXIT''@|0|g' \
      -e 's|@''REPLACE_PTHREAD_ONCE''@|0|g' \
      -e 's|@''REPLACE_PTHREAD_MUTEX_INIT''@|0|g' \
      -e 's|@''REPLACE_PTHREAD_MUTEXATTR_INIT''@|0|g' \
      -e 's|@''REPLACE_PTHREAD_MUTEXATTR_GETTYPE''@|0|g' \
      -e 's|@''REPLACE_PTHREAD_MUTEXATTR_SETTYPE''@|0|g' \
      -e 's|@''REPLACE_PTHREAD_MUTEXATTR_GETROBUST''@|0|g' \
      -e 's|@''REPLACE_PTHREAD_MUTEXATTR_SETROBUST''@|0|g' \
      -e 's|@''REPLACE_PTHREAD_MUTEXATTR_DESTROY''@|0|g' \
      -e 's|@''REPLACE_PTHREAD_MUTEX_LOCK''@|0|g' \
      -e 's|@''REPLACE_PTHREAD_MUTEX_TRYLOCK''@|0|g' \
      -e 's|@''REPLACE_PTHREAD_MUTEX_TIMEDLOCK''@|0|g' \
      -e 's|@''REPLACE_PTHREAD_MUTEX_UNLOCK''@|0|g' \
      -e 's|@''REPLACE_PTHREAD_MUTEX_DESTROY''@|0|g' \
      -e 's|@''REPLACE_PTHREAD_RWLOCK_INIT''@|0|g' \
      -e 's|@''REPLACE_PTHREAD_RWLOCKATTR_INIT''@|0|g' \
      -e 's|@''REPLACE_PTHREAD_RWLOCKATTR_DESTROY''@|0|g' \
      -e 's|@''REPLACE_PTHREAD_RWLOCK_RDLOCK''@|0|g' \
      -e 's|@''REPLACE_PTHREAD_RWLOCK_WRLOCK''@|0|g' \
      -e 's|@''REPLACE_PTHREAD_RWLOCK_TRYRDLOCK''@|0|g' \
      -e 's|@''REPLACE_PTHREAD_RWLOCK_TRYWRLOCK''@|0|g' \
      -e 's|@''REPLACE_PTHREAD_RWLOCK_TIMEDRDLOCK''@|0|g' \
      -e 's|@''REPLACE_PTHREAD_RWLOCK_TIMEDWRLOCK''@|0|g' \
      -e 's|@''REPLACE_PTHREAD_RWLOCK_UNLOCK''@|0|g' \
      -e 's|@''REPLACE_PTHREAD_RWLOCK_DESTROY''@|0|g' \
      < pthread.h-t2 > pthread.h-t3
sed -e 1h -e '1s,.*,/* DO NOT EDIT! GENERATED AUTOMATICALLY! */,' -e 1G \
      -e 's|@''GUARD_PREFIX''@|GL|g' \
      -e 's|@''INCLUDE_NEXT''@|include_next|g' \
      -e 's|@''PRAGMA_SYSTEM_HEADER''@|#pragma GCC system_header|g' \
      -e 's|@''PRAGMA_COLUMNS''@||g' \
      -e 's|@''NEXT_STDIO_H''@|<stdio.h>|g' \
      -e 's/@''GNULIB_DPRINTF''@/0/g' \
      -e 's/@''GNULIB_DZPRINTF''@/0/g' \
      -e 's/@''GNULIB_FCLOSE''@/0/g' \
      -e 's/@''GNULIB_FDOPEN''@/0/g' \
      -e 's/@''GNULIB_FFLUSH''@/0/g' \
      -e 's/@''GNULIB_FGETC''@/1/g' \
      -e 's/@''GNULIB_FGETS''@/1/g' \
      -e 's/@''GNULIB_FOPEN''@/0/g' \
      -e 's/@''GNULIB_FOPEN_GNU''@/0/g' \
      -e 's/@''GNULIB_FPRINTF''@/1/g' \
      -e 's/@''GNULIB_FPRINTF_POSIX''@/0/g' \
      -e 's/@''GNULIB_FPURGE''@/0/g' \
      -e 's/@''GNULIB_FPUTC''@/1/g' \
      -e 's/@''GNULIB_FPUTS''@/1/g' \
      -e 's/@''GNULIB_FREAD''@/1/g' \
      -e 's/@''GNULIB_FREOPEN''@/0/g' \
      -e 's/@''GNULIB_FSCANF''@/1/g' \
      -e 's/@''GNULIB_FSEEK''@/0/g' \
      -e 's/@''GNULIB_FSEEKO''@/0/g' \
      -e 's/@''GNULIB_FTELL''@/0/g' \
      -e 's/@''GNULIB_FTELLO''@/0/g' \
      -e 's/@''GNULIB_FWRITE''@/1/g' \
      -e 's/@''GNULIB_FZPRINTF''@/0/g' \
      -e 's/@''GNULIB_GETC''@/1/g' \
      -e 's/@''GNULIB_GETCHAR''@/1/g' \
      -e 's/@''GNULIB_GETDELIM''@/1/g' \
      -e 's/@''GNULIB_GETLINE''@/1/g' \
      -e 's/@''GNULIB_OBSTACK_PRINTF''@/0/g' \
      -e 's/@''GNULIB_OBSTACK_PRINTF_POSIX''@/0/g' \
      -e 's/@''GNULIB_OBSTACK_ZPRINTF''@/0/g' \
      -e 's/@''GNULIB_PCLOSE''@/0/g' \
      -e 's/@''GNULIB_PERROR''@/0/g' \
      -e 's/@''GNULIB_POPEN''@/0/g' \
      -e 's/@''GNULIB_PRINTF''@/1/g' \
      -e 's/@''GNULIB_PRINTF_POSIX''@/0/g' \
      -e 's/@''GNULIB_PUTC''@/1/g' \
      -e 's/@''GNULIB_PUTCHAR''@/1/g' \
      -e 's/@''GNULIB_PUTS''@/1/g' \
      -e 's/@''GNULIB_REMOVE''@/0/g' \
      -e 's/@''GNULIB_RENAME''@/0/g' \
      -e 's/@''GNULIB_RENAMEAT''@/0/g' \
      -e 's/@''GNULIB_SCANF''@/1/g' \
      -e 's/@''GNULIB_SNPRINTF''@/1/g' \
      -e 's/@''GNULIB_SNZPRINTF''@/0/g' \
      -e 's/@''GNULIB_SPRINTF_POSIX''@/0/g' \
      -e 's/@''GNULIB_STDIO_H_NONBLOCKING''@/0/g' \
      -e 's/@''GNULIB_STDIO_H_SIGPIPE''@/0/g' \
      -e 's/@''GNULIB_SZPRINTF''@/0/g' \
      -e 's/@''GNULIB_TMPFILE''@/0/g' \
      -e 's/@''GNULIB_VASPRINTF''@/0/g' \
      -e 's/@''GNULIB_VASZPRINTF''@/0/g' \
      -e 's/@''GNULIB_VDPRINTF''@/0/g' \
      -e 's/@''GNULIB_VDZPRINTF''@/0/g' \
      -e 's/@''GNULIB_VFPRINTF''@/1/g' \
      -e 's/@''GNULIB_VFPRINTF_POSIX''@/0/g' \
      -e 's/@''GNULIB_VFZPRINTF''@/0/g' \
      -e 's/@''GNULIB_VFSCANF''@/0/g' \
      -e 's/@''GNULIB_VSCANF''@/0/g' \
      -e 's/@''GNULIB_VPRINTF''@/1/g' \
      -e 's/@''GNULIB_VPRINTF_POSIX''@/0/g' \
      -e 's/@''GNULIB_VSNPRINTF''@/1/g' \
      -e 's/@''GNULIB_VSNZPRINTF''@/1/g' \
      -e 's/@''GNULIB_VSPRINTF_POSIX''@/0/g' \
      -e 's/@''GNULIB_VSZPRINTF''@/0/g' \
      -e 's/@''GNULIB_VZPRINTF''@/0/g' \
      -e 's/@''GNULIB_ZPRINTF''@/0/g' \
      -e 's/@''GNULIB_MDA_FCLOSEALL''@/1/g' \
      -e 's/@''GNULIB_MDA_FDOPEN''@/1/g' \
      -e 's/@''GNULIB_MDA_FILENO''@/1/g' \
      -e 's/@''GNULIB_MDA_GETW''@/1/g' \
      -e 's/@''GNULIB_MDA_PUTW''@/1/g' \
      -e 's/@''GNULIB_MDA_TEMPNAM''@/1/g' \
      < ./stdio.in.h > stdio.h-t1
mv stddef.h-t stddef.h
sed -e 1h -e '1s,.*,/* DO NOT EDIT! GENERATED AUTOMATICALLY! */,' -e 1G \
      -e 's|@''GUARD_PREFIX''@|GL|g' \
      -e 's|@''INCLUDE_NEXT''@|include_next|g' \
      -e 's|@''PRAGMA_SYSTEM_HEADER''@|#pragma GCC system_header|g' \
      -e 's|@''PRAGMA_COLUMNS''@||g' \
      -e 's|@''NEXT_STDLIB_H''@|<stdlib.h>|g' \
      -e 's/@''GNULIB__EXIT''@/0/g' \
      -e 's/@''GNULIB_ABORT_DEBUG''@/0/g' \
      -e 's/@''GNULIB_ALIGNED_ALLOC''@/0/g' \
      -e 's/@''GNULIB_ATOLL''@/0/g' \
      -e 's/@''GNULIB_CALLOC_GNU''@/0/g' \
      -e 's/@''GNULIB_CALLOC_POSIX''@/0/g' \
      -e 's/@''GNULIB_CANONICALIZE_FILE_NAME''@/1/g' \
      -e 's/@''GNULIB_FREE_POSIX''@/1/g' \
      -e 's/@''GNULIB_GETLOADAVG''@/0/g' \
      -e 's/@''GNULIB_GETPROGNAME''@/1/g' \
      -e 's/@''GNULIB_GETSUBOPT''@/0/g' \
      -e 's/@''GNULIB_GRANTPT''@/0/g' \
      -e 's/@''GNULIB_MALLOC_GNU''@/0/g' \
      -e 's/@''GNULIB_MALLOC_POSIX''@/1/g' \
      -e 's/@''GNULIB_MBSTOWCS''@/0/g' \
      -e 's/@''GNULIB_MBTOWC''@/1/g' \
      -e 's/@''GNULIB_MKDTEMP''@/0/g' \
      -e 's/@''GNULIB_MKOSTEMP''@/0/g' \
      -e 's/@''GNULIB_MKOSTEMPS''@/0/g' \
      -e 's/@''GNULIB_MKSTEMP''@/0/g' \
      -e 's/@''GNULIB_MKSTEMPS''@/1/g' \
      -e 's/@''GNULIB_POSIX_MEMALIGN''@/0/g' \
      -e 's/@''GNULIB_POSIX_OPENPT''@/0/g' \
      -e 's/@''GNULIB_PTSNAME''@/0/g' \
      -e 's/@''GNULIB_PTSNAME_R''@/0/g' \
      -e 's/@''GNULIB_PUTENV''@/0/g' \
      -e 's/@''GNULIB_QSORT_R''@/0/g' \
      -e 's/@''GNULIB_RAND''@/0/g' \
      -e 's/@''GNULIB_RANDOM''@/0/g' \
      -e 's/@''GNULIB_RANDOM_R''@/0/g' \
      -e 's/@''GNULIB_REALLOC_GNU''@/0/g' \
      -e 's/@''GNULIB_REALLOC_POSIX''@/1/g' \
      -e 's/@''GNULIB_REALLOCARRAY''@/0/g' \
      -e 's/@''GNULIB_REALPATH''@/1/g' \
      -e 's/@''GNULIB_RPMATCH''@/0/g' \
      -e 's/@''GNULIB_SECURE_GETENV''@/0/g' \
      -e 's/@''GNULIB_SETENV''@/0/g' \
      -e 's/@''GNULIB_STACK_TRACE''@/0/g' \
      -e 's/@''GNULIB_STRTOD''@/0/g' \
      -e 's/@''GNULIB_STRTOF''@/0/g' \
      -e 's/@''GNULIB_STRTOL''@/0/g' \
      -e 's/@''GNULIB_STRTOLD''@/0/g' \
      -e 's/@''GNULIB_STRTOLL''@/0/g' \
      -e 's/@''GNULIB_STRTOUL''@/0/g' \
      -e 's/@''GNULIB_STRTOULL''@/0/g' \
      -e 's/@''GNULIB_SYSTEM_POSIX''@/0/g' \
      -e 's/@''GNULIB_UNLOCKPT''@/0/g' \
      -e 's/@''GNULIB_UNSETENV''@/0/g' \
      -e 's/@''GNULIB_WCTOMB''@/0/g' \
      -e 's/@''GNULIB_MDA_ECVT''@/1/g' \
      -e 's/@''GNULIB_MDA_FCVT''@/1/g' \
      -e 's/@''GNULIB_MDA_GCVT''@/1/g' \
      -e 's/@''GNULIB_MDA_MKTEMP''@/1/g' \
      -e 's/@''GNULIB_MDA_PUTENV''@/1/g' \
      < ./stdlib.in.h > stdlib.h-t1
sed \
      -e 's|@''HAVE_ACOSF''@|1|g' \
      -e 's|@''HAVE_ACOSL''@|1|g' \
      -e 's|@''HAVE_ASINF''@|1|g' \
      -e 's|@''HAVE_ASINL''@|1|g' \
      -e 's|@''HAVE_ATANF''@|1|g' \
      -e 's|@''HAVE_ATANL''@|1|g' \
      -e 's|@''HAVE_ATAN2F''@|1|g' \
      -e 's|@''HAVE_CBRT''@|1|g' \
      -e 's|@''HAVE_CBRTF''@|1|g' \
      -e 's|@''HAVE_CBRTL''@|1|g' \
      -e 's|@''HAVE_COPYSIGN''@|1|g' \
      -e 's|@''HAVE_COPYSIGNL''@|1|g' \
      -e 's|@''HAVE_COSF''@|1|g' \
      -e 's|@''HAVE_COSL''@|1|g' \
      -e 's|@''HAVE_COSHF''@|1|g' \
      -e 's|@''HAVE_EXPF''@|1|g' \
      -e 's|@''HAVE_EXPL''@|1|g' \
      -e 's|@''HAVE_EXPM1''@|1|g' \
      -e 's|@''HAVE_EXPM1F''@|1|g' \
      -e 's|@''HAVE_FABSF''@|1|g' \
      -e 's|@''HAVE_FABSL''@|1|g' \
      -e 's|@''HAVE_FMA''@|1|g' \
      -e 's|@''HAVE_FMAF''@|1|g' \
      -e 's|@''HAVE_FMAL''@|1|g' \
      -e 's|@''HAVE_FMODF''@|1|g' \
      -e 's|@''HAVE_FMODL''@|1|g' \
      -e 's|@''HAVE_FREXPF''@|1|g' \
      -e 's|@''HAVE_GETPAYLOAD''@|1|g' \
      -e 's|@''HAVE_GETPAYLOADF''@|1|g' \
      -e 's|@''HAVE_GETPAYLOADL''@|1|g' \
      -e 's|@''HAVE_HYPOTF''@|1|g' \
      -e 's|@''HAVE_HYPOTL''@|1|g' \
      -e 's|@''HAVE_ILOGB''@|1|g' \
      -e 's|@''HAVE_ILOGBF''@|1|g' \
      -e 's|@''HAVE_ILOGBL''@|1|g' \
      -e 's|@''HAVE_ISNANF''@|1|g' \
      -e 's|@''HAVE_ISNAND''@|1|g' \
      -e 's|@''HAVE_ISNANL''@|1|g' \
      -e 's|@''HAVE_LDEXPF''@|1|g' \
      -e 's|@''HAVE_LOGF''@|1|g' \
      -e 's|@''HAVE_LOGL''@|1|g' \
      -e 's|@''HAVE_LOG10F''@|1|g' \
      -e 's|@''HAVE_LOG10L''@|1|g' \
      -e 's|@''HAVE_LOG1P''@|1|g' \
      -e 's|@''HAVE_LOG1PF''@|1|g' \
      -e 's|@''HAVE_LOG1PL''@|1|g' \
      -e 's|@''HAVE_LOGBF''@|1|g' \
      -e 's|@''HAVE_LOGBL''@|1|g' \
      -e 's|@''HAVE_LOGP1''@|1|g' \
      -e 's|@''HAVE_LOGP1F''@|1|g' \
      -e 's|@''HAVE_LOGP1L''@|1|g' \
      -e 's|@''HAVE_MODFF''@|1|g' \
      -e 's|@''HAVE_MODFL''@|1|g' \
      -e 's|@''HAVE_POWF''@|1|g' \
      -e 's|@''HAVE_REMAINDER''@|1|g' \
      -e 's|@''HAVE_REMAINDERF''@|1|g' \
      -e 's|@''HAVE_RINT''@|1|g' \
      -e 's|@''HAVE_RINTL''@|1|g' \
      -e 's|@''HAVE_SETPAYLOAD''@|1|g' \
      -e 's|@''HAVE_SETPAYLOADF''@|1|g' \
      -e 's|@''HAVE_SETPAYLOADL''@|1|g' \
      -e 's|@''HAVE_SETPAYLOADSIG''@|1|g' \
      -e 's|@''HAVE_SETPAYLOADSIGF''@|1|g' \
      -e 's|@''HAVE_SETPAYLOADSIGL''@|1|g' \
      -e 's|@''HAVE_SINF''@|1|g' \
      -e 's|@''HAVE_SINL''@|1|g' \
      -e 's|@''HAVE_SINHF''@|1|g' \
      -e 's|@''HAVE_SQRTF''@|1|g' \
      -e 's|@''HAVE_SQRTL''@|1|g' \
      -e 's|@''HAVE_TANF''@|1|g' \
      -e 's|@''HAVE_TANL''@|1|g' \
      -e 's|@''HAVE_TANHF''@|1|g' \
      -e 's|@''HAVE_TOTALORDER''@|1|g' \
      -e 's|@''HAVE_TOTALORDERF''@|1|g' \
      -e 's|@''HAVE_TOTALORDERL''@|1|g' \
      -e 's|@''HAVE_TOTALORDERMAG''@|1|g' \
      -e 's|@''HAVE_TOTALORDERMAGF''@|1|g' \
      -e 's|@''HAVE_TOTALORDERMAGL''@|1|g' \
      < math.h-t2 > math.h-t3
sed \
      -e 's|@''REPLACE_PTHREAD_COND_INIT''@|0|g' \
      -e 's|@''REPLACE_PTHREAD_CONDATTR_INIT''@|0|g' \
      -e 's|@''REPLACE_PTHREAD_CONDATTR_DESTROY''@|0|g' \
      -e 's|@''REPLACE_PTHREAD_COND_WAIT''@|0|g' \
      -e 's|@''REPLACE_PTHREAD_COND_TIMEDWAIT''@|0|g' \
      -e 's|@''REPLACE_PTHREAD_COND_SIGNAL''@|0|g' \
      -e 's|@''REPLACE_PTHREAD_COND_BROADCAST''@|0|g' \
      -e 's|@''REPLACE_PTHREAD_COND_DESTROY''@|0|g' \
      -e 's|@''REPLACE_PTHREAD_KEY_CREATE''@|0|g' \
      -e 's|@''REPLACE_PTHREAD_SETSPECIFIC''@|0|g' \
      -e 's|@''REPLACE_PTHREAD_GETSPECIFIC''@|0|g' \
      -e 's|@''REPLACE_PTHREAD_KEY_DELETE''@|0|g' \
      -e 's|@''REPLACE_PTHREAD_SPIN_INIT''@|0|g' \
      -e 's|@''REPLACE_PTHREAD_SPIN_LOCK''@|0|g' \
      -e 's|@''REPLACE_PTHREAD_SPIN_TRYLOCK''@|0|g' \
      -e 's|@''REPLACE_PTHREAD_SPIN_UNLOCK''@|0|g' \
      -e 's|@''REPLACE_PTHREAD_SPIN_DESTROY''@|0|g' \
      -e '/definitions of _GL_FUNCDECL_RPL/r ./c++defs.h' \
      -e '/definition of _Noreturn/r ./_Noreturn.h' \
      -e '/definition of _GL_ARG_NONNULL/r ./arg-nonnull.h' \
      -e '/definition of _GL_WARN_ON_USE/r ./warn-on-use.h' \
      < pthread.h-t3 > pthread.h-t4
rm -f pthread.h-t1 pthread.h-t2 pthread.h-t3
sed \
      -e 's|@''HAVE_DECL_FCLOSEALL''@|1|g' \
      -e 's|@''HAVE_DECL_FPURGE''@|1|g' \
      -e 's|@''HAVE_DECL_FSEEKO''@|1|g' \
      -e 's|@''HAVE_DECL_FTELLO''@|1|g' \
      -e 's|@''HAVE_DECL_GETDELIM''@|1|g' \
      -e 's|@''HAVE_DECL_GETLINE''@|1|g' \
      -e 's|@''HAVE_DECL_GETW''@|1|g' \
      -e 's|@''HAVE_DECL_OBSTACK_PRINTF''@|1|g' \
      -e 's|@''HAVE_DECL_PUTW''@|1|g' \
      -e 's|@''HAVE_DECL_SNPRINTF''@|1|g' \
      -e 's|@''HAVE_DECL_VSNPRINTF''@|1|g' \
      -e 's|@''HAVE_DPRINTF''@|1|g' \
      -e 's|@''HAVE_FSEEKO''@|1|g' \
      -e 's|@''HAVE_FTELLO''@|1|g' \
      -e 's|@''HAVE_PCLOSE''@|1|g' \
      -e 's|@''HAVE_POPEN''@|1|g' \
      -e 's|@''HAVE_RENAMEAT''@|1|g' \
      -e 's|@''HAVE_VASPRINTF''@|1|g' \
      -e 's|@''HAVE_VDPRINTF''@|1|g' \
      < stdio.h-t1 > stdio.h-t2
sed \
      -e 's|@''HAVE__EXIT''@|1|g' \
      -e 's|@''HAVE_ALIGNED_ALLOC''@|1|g' \
      -e 's|@''HAVE_ATOLL''@|1|g' \
      -e 's|@''HAVE_CANONICALIZE_FILE_NAME''@|1|g' \
      -e 's|@''HAVE_DECL_ECVT''@|1|g' \
      -e 's|@''HAVE_DECL_FCVT''@|1|g' \
      -e 's|@''HAVE_DECL_GCVT''@|1|g' \
      -e 's|@''HAVE_DECL_GETLOADAVG''@|1|g' \
      -e 's|@''HAVE_DECL_PROGRAM_INVOCATION_NAME''@|1|g' \
      -e 's|@''HAVE_GETPROGNAME''@|0|g' \
      -e 's|@''HAVE_GETSUBOPT''@|1|g' \
      -e 's|@''HAVE_GRANTPT''@|1|g' \
      -e 's|@''HAVE_INITSTATE''@|1|g' \
      -e 's|@''HAVE_DECL_INITSTATE''@|1|g' \
      -e 's|@''HAVE_MBTOWC''@|1|g' \
      -e 's|@''HAVE_MKDTEMP''@|1|g' \
      -e 's|@''HAVE_MKOSTEMP''@|1|g' \
      -e 's|@''HAVE_MKOSTEMPS''@|1|g' \
      -e 's|@''HAVE_MKSTEMP''@|1|g' \
      -e 's|@''HAVE_MKSTEMPS''@|1|g' \
      -e 's|@''HAVE_POSIX_MEMALIGN''@|1|g' \
      -e 's|@''HAVE_POSIX_OPENPT''@|1|g' \
      -e 's|@''HAVE_PTSNAME''@|1|g' \
      -e 's|@''HAVE_PTSNAME_R''@|1|g' \
      -e 's|@''HAVE_QSORT_R''@|1|g' \
      -e 's|@''HAVE_RANDOM''@|1|g' \
      -e 's|@''HAVE_RANDOM_H''@|1|g' \
      -e 's|@''HAVE_RANDOM_R''@|1|g' \
      -e 's|@''HAVE_REALLOCARRAY''@|1|g' \
      -e 's|@''HAVE_REALPATH''@|1|g' \
      -e 's|@''HAVE_RPMATCH''@|1|g' \
      -e 's|@''HAVE_SECURE_GETENV''@|1|g' \
      -e 's|@''HAVE_DECL_SETENV''@|1|g' \
      -e 's|@''HAVE_SETSTATE''@|1|g' \
      -e 's|@''HAVE_DECL_SETSTATE''@|1|g' \
      -e 's|@''HAVE_STRTOD''@|1|g' \
      -e 's|@''HAVE_STRTOF''@|1|g' \
      -e 's|@''HAVE_STRTOL''@|1|g' \
      -e 's|@''HAVE_STRTOLD''@|1|g' \
      -e 's|@''HAVE_STRTOLL''@|1|g' \
      -e 's|@''HAVE_STRTOUL''@|1|g' \
      -e 's|@''HAVE_STRTOULL''@|1|g' \
      -e 's|@''HAVE_STRUCT_RANDOM_DATA''@|1|g' \
      -e 's|@''HAVE_SYS_LOADAVG_H''@|0|g' \
      -e 's|@''HAVE_UNLOCKPT''@|1|g' \
      -e 's|@''HAVE_DECL_UNSETENV''@|1|g' \
      < stdlib.h-t1 > stdlib.h-t2
mv pthread.h-t4 pthread.h
sed -e 1h -e '1s,.*,/* DO NOT EDIT! GENERATED AUTOMATICALLY! */,' -e 1G \
      -e 's|@''GUARD_PREFIX''@|GL|g' \
      -e 's|@''INCLUDE_NEXT''@|include_next|g' \
      -e 's|@''PRAGMA_SYSTEM_HEADER''@|#pragma GCC system_header|g' \
      -e 's|@''PRAGMA_COLUMNS''@||g' \
      -e 's|@''NEXT_STRING_H''@|<string.h>|g' \
      -e 's/@''GNULIB_EXPLICIT_BZERO''@/0/g' \
      -e 's/@''GNULIB_FFSL''@/0/g' \
      -e 's/@''GNULIB_FFSLL''@/0/g' \
      -e 's/@''GNULIB_MBSLEN''@/0/g' \
      -e 's/@''GNULIB_MBSNLEN''@/0/g' \
      -e 's/@''GNULIB_MBSCHR''@/0/g' \
      -e 's/@''GNULIB_MBSRCHR''@/0/g' \
      -e 's/@''GNULIB_MBSSTR''@/0/g' \
      -e 's/@''GNULIB_MBSCASECMP''@/0/g' \
      -e 's/@''GNULIB_MBSNCASECMP''@/0/g' \
      -e 's/@''GNULIB_MBSPCASECMP''@/0/g' \
      -e 's/@''GNULIB_MBSCASESTR''@/0/g' \
      -e 's/@''GNULIB_MBSCSPN''@/0/g' \
      -e 's/@''GNULIB_MBSPBRK''@/0/g' \
      -e 's/@''GNULIB_MBSSPN''@/0/g' \
      -e 's/@''GNULIB_MBSSEP''@/0/g' \
      -e 's/@''GNULIB_MBSTOK_R''@/0/g' \
      -e 's/@''GNULIB_MEMCHR''@/1/g' \
      -e 's/@''GNULIB_MEMMEM''@/0/g' \
      -e 's/@''GNULIB_MEMPCPY''@/1/g' \
      -e 's/@''GNULIB_MEMRCHR''@/1/g' \
      -e 's/@''GNULIB_MEMSET_EXPLICIT''@/0/g' \
      -e 's/@''GNULIB_RAWMEMCHR''@/1/g' \
      -e 's/@''GNULIB_STPCPY''@/0/g' \
      -e 's/@''GNULIB_STPNCPY''@/0/g' \
      -e 's/@''GNULIB_STRCHRNUL''@/0/g' \
      -e 's/@''GNULIB_STRDUP''@/1/g' \
      -e 's/@''GNULIB_STRNCAT''@/0/g' \
      -e 's/@''GNULIB_STRNDUP''@/0/g' \
      -e 's/@''GNULIB_STRNLEN''@/1/g' \
      -e 's/@''GNULIB_STRPBRK''@/0/g' \
      -e 's/@''GNULIB_STRSEP''@/0/g' \
      -e 's/@''GNULIB_STRSTR''@/0/g' \
      -e 's/@''GNULIB_STRCASESTR''@/1/g' \
      -e 's/@''GNULIB_STRTOK_R''@/0/g' \
      -e 's/@''GNULIB_STRERROR''@/1/g' \
      -e 's/@''GNULIB_STRERROR_R''@/0/g' \
      -e 's/@''GNULIB_STRERRORNAME_NP''@/0/g' \
      -e 's/@''GNULIB_SIGABBREV_NP''@/0/g' \
      -e 's/@''GNULIB_SIGDESCR_NP''@/0/g' \
      -e 's/@''GNULIB_STRSIGNAL''@/0/g' \
      -e 's/@''GNULIB_STRVERSCMP''@/0/g' \
      -e 's/@''GNULIB_MDA_MEMCCPY''@/1/g' \
      -e 's/@''GNULIB_MDA_STRDUP''@/1/g' \
      -e 's/@''GNULIB_FREE_POSIX''@/1/g' \
      < ./string.in.h > string.h-t1
sed \
      -e 's|@''REPLACE_DPRINTF''@|0|g' \
      -e 's|@''REPLACE_FCLOSE''@|0|g' \
      -e 's|@''REPLACE_FDOPEN''@|0|g' \
      -e 's|@''REPLACE_FFLUSH''@|0|g' \
      -e 's|@''REPLACE_FOPEN''@|0|g' \
      -e 's|@''REPLACE_FOPEN_FOR_FOPEN_GNU''@|0|g' \
      -e 's|@''REPLACE_FPRINTF''@|0|g' \
      -e 's|@''REPLACE_FPURGE''@|0|g' \
      -e 's|@''REPLACE_FREOPEN''@|0|g' \
      -e 's|@''REPLACE_FSEEK''@|0|g' \
      -e 's|@''REPLACE_FSEEKO''@|0|g' \
      -e 's|@''REPLACE_FTELL''@|0|g' \
      -e 's|@''REPLACE_FTELLO''@|0|g' \
      -e 's|@''REPLACE_GETDELIM''@|0|g' \
      -e 's|@''REPLACE_GETLINE''@|0|g' \
      -e 's|@''REPLACE_OBSTACK_PRINTF''@|0|g' \
      -e 's|@''REPLACE_PERROR''@|0|g' \
      -e 's|@''REPLACE_POPEN''@|0|g' \
      -e 's|@''REPLACE_PRINTF''@|0|g' \
      -e 's|@''REPLACE_REMOVE''@|0|g' \
      -e 's|@''REPLACE_RENAME''@|0|g' \
      -e 's|@''REPLACE_RENAMEAT''@|0|g' \
      -e 's|@''REPLACE_SNPRINTF''@|1|g' \
      -e 's|@''REPLACE_SPRINTF''@|0|g' \
      -e 's|@''REPLACE_STDIO_READ_FUNCS''@|0|g' \
      -e 's|@''REPLACE_STDIO_WRITE_FUNCS''@|0|g' \
      -e 's|@''REPLACE_TMPFILE''@|0|g' \
      -e 's|@''REPLACE_VASPRINTF''@|0|g' \
      -e 's|@''REPLACE_VDPRINTF''@|0|g' \
      -e 's|@''REPLACE_VFPRINTF''@|0|g' \
      -e 's|@''REPLACE_VPRINTF''@|0|g' \
      -e 's|@''REPLACE_VSNPRINTF''@|1|g' \
      -e 's|@''REPLACE_VSPRINTF''@|0|g' \
      -e 's|@''ASM_SYMBOL_PREFIX''@||g' \
      -e '/definitions of _GL_FUNCDECL_RPL/r ./c++defs.h' \
      -e '/definition of _GL_ARG_NONNULL/r ./arg-nonnull.h' \
      -e '/definition of _GL_WARN_ON_USE/r ./warn-on-use.h' \
      < stdio.h-t2 > stdio.h-t3
sed \
      -e 's|@''HAVE_DECL_ACOSL''@|1|g' \
      -e 's|@''HAVE_DECL_ASINL''@|1|g' \
      -e 's|@''HAVE_DECL_ATANL''@|1|g' \
      -e 's|@''HAVE_DECL_CBRTF''@|1|g' \
      -e 's|@''HAVE_DECL_CBRTL''@|1|g' \
      -e 's|@''HAVE_DECL_CEILF''@|1|g' \
      -e 's|@''HAVE_DECL_CEILL''@|1|g' \
      -e 's|@''HAVE_DECL_COPYSIGNF''@|1|g' \
      -e 's|@''HAVE_DECL_COSL''@|1|g' \
      -e 's|@''HAVE_DECL_EXPL''@|1|g' \
      -e 's|@''HAVE_DECL_EXP2''@|1|g' \
      -e 's|@''HAVE_DECL_EXP2F''@|1|g' \
      -e 's|@''HAVE_DECL_EXP2L''@|1|g' \
      -e 's|@''HAVE_DECL_EXPM1L''@|1|g' \
      -e 's|@''HAVE_DECL_FLOORF''@|1|g' \
      -e 's|@''HAVE_DECL_FLOORL''@|1|g' \
      -e 's|@''HAVE_DECL_FREXPL''@|1|g' \
      -e 's|@''HAVE_DECL_LDEXPL''@|1|g' \
      -e 's|@''HAVE_DECL_LOGL''@|1|g' \
      -e 's|@''HAVE_DECL_LOG10L''@|1|g' \
      -e 's|@''HAVE_DECL_LOG2''@|1|g' \
      -e 's|@''HAVE_DECL_LOG2F''@|1|g' \
      -e 's|@''HAVE_DECL_LOG2L''@|1|g' \
      -e 's|@''HAVE_DECL_LOGB''@|1|g' \
      -e 's|@''HAVE_DECL_REMAINDER''@|1|g' \
      -e 's|@''HAVE_DECL_REMAINDERL''@|1|g' \
      -e 's|@''HAVE_DECL_RINTF''@|1|g' \
      -e 's|@''HAVE_DECL_ROUND''@|1|g' \
      -e 's|@''HAVE_DECL_ROUNDF''@|1|g' \
      -e 's|@''HAVE_DECL_ROUNDL''@|1|g' \
      -e 's|@''HAVE_DECL_SINL''@|1|g' \
      -e 's|@''HAVE_DECL_SQRTL''@|1|g' \
      -e 's|@''HAVE_DECL_TANL''@|1|g' \
      -e 's|@''HAVE_DECL_TRUNC''@|1|g' \
      -e 's|@''HAVE_DECL_TRUNCF''@|1|g' \
      -e 's|@''HAVE_DECL_TRUNCL''@|1|g' \
      < math.h-t3 > math.h-t4
sed \
      -e 's|@''REPLACE__EXIT''@|0|g' \
      -e 's|@''REPLACE_ABORT''@|0|g' \
      -e 's|@''REPLACE_ALIGNED_ALLOC''@|0|g' \
      -e 's|@''REPLACE_CALLOC_FOR_CALLOC_GNU''@|0|g' \
      -e 's|@''REPLACE_CALLOC_FOR_CALLOC_POSIX''@|0|g' \
      -e 's|@''REPLACE_CANONICALIZE_FILE_NAME''@|0|g' \
      -e 's|@''REPLACE_FREE''@|0|g' \
      -e 's|@''REPLACE_GETLOADAVG''@|0|g' \
      -e 's|@''REPLACE_GETPROGNAME''@|0|g' \
      -e 's|@''REPLACE_GETSUBOPT''@|0|g' \
      -e 's|@''REPLACE_INITSTATE''@|0|g' \
      -e 's|@''REPLACE_MALLOC_FOR_MALLOC_GNU''@|0|g' \
      -e 's|@''REPLACE_MALLOC_FOR_MALLOC_POSIX''@|0|g' \
      -e 's|@''REPLACE_MB_CUR_MAX''@|0|g' \
      -e 's|@''REPLACE_MBSTOWCS''@|0|g' \
      -e 's|@''REPLACE_MBTOWC''@|0|g' \
      -e 's|@''REPLACE_MKOSTEMP''@|0|g' \
      -e 's|@''REPLACE_MKOSTEMPS''@|0|g' \
      -e 's|@''REPLACE_MKSTEMP''@|0|g' \
      -e 's|@''REPLACE_POSIX_MEMALIGN''@|0|g' \
      -e 's|@''REPLACE_POSIX_OPENPT''@|0|g' \
      -e 's|@''REPLACE_PTSNAME''@|0|g' \
      -e 's|@''REPLACE_PTSNAME_R''@|0|g' \
      -e 's|@''REPLACE_PUTENV''@|0|g' \
      -e 's|@''REPLACE_QSORT_R''@|0|g' \
      -e 's|@''REPLACE_RAND''@|0|g' \
      -e 's|@''REPLACE_RANDOM''@|0|g' \
      -e 's|@''REPLACE_RANDOM_R''@|0|g' \
      -e 's|@''REPLACE_REALLOC_FOR_REALLOC_GNU''@|0|g' \
      -e 's|@''REPLACE_REALLOC_FOR_REALLOC_POSIX''@|0|g' \
      -e 's|@''REPLACE_REALLOCARRAY''@|0|g' \
      -e 's|@''REPLACE_REALPATH''@|0|g' \
      -e 's|@''REPLACE_SETENV''@|0|g' \
      -e 's|@''REPLACE_SETSTATE''@|0|g' \
      -e 's|@''REPLACE_STRTOD''@|0|g' \
      -e 's|@''REPLACE_STRTOF''@|0|g' \
      -e 's|@''REPLACE_STRTOL''@|0|g' \
      -e 's|@''REPLACE_STRTOLD''@|0|g' \
      -e 's|@''REPLACE_STRTOLL''@|0|g' \
      -e 's|@''REPLACE_STRTOUL''@|0|g' \
      -e 's|@''REPLACE_STRTOULL''@|0|g' \
      -e 's|@''REPLACE_UNSETENV''@|0|g' \
      -e 's|@''REPLACE_WCTOMB''@|0|g' \
      -e 's|@''CAN_PRINT_STACK_TRACE''@|0|g' \
      -e '/definitions of _GL_FUNCDECL_RPL/r ./c++defs.h' \
      -e '/definition of _Noreturn/r ./_Noreturn.h' \
      -e '/definition of _GL_ARG_NONNULL/r ./arg-nonnull.h' \
      -e '/definition of _GL_WARN_ON_USE/r ./warn-on-use.h' \
      < stdlib.h-t2 > stdlib.h-t3
sed \
      -e 's|@''HAVE_EXPLICIT_BZERO''@|1|g' \
      -e 's|@''HAVE_FFSL''@|1|g' \
      -e 's|@''HAVE_FFSLL''@|1|g' \
      -e 's|@''HAVE_MBSLEN''@|0|g' \
      -e 's|@''HAVE_DECL_MEMMEM''@|1|g' \
      -e 's|@''HAVE_MEMPCPY''@|1|g' \
      -e 's|@''HAVE_DECL_MEMRCHR''@|1|g' \
      -e 's|@''HAVE_MEMSET_EXPLICIT''@|1|g' \
      -e 's|@''HAVE_RAWMEMCHR''@|1|g' \
      -e 's|@''HAVE_STPCPY''@|1|g' \
      -e 's|@''HAVE_STPNCPY''@|1|g' \
      -e 's|@''HAVE_STRCHRNUL''@|1|g' \
      -e 's|@''HAVE_DECL_STRDUP''@|1|g' \
      -e 's|@''HAVE_DECL_STRNDUP''@|1|g' \
      -e 's|@''HAVE_DECL_STRNLEN''@|1|g' \
      -e 's|@''HAVE_STRPBRK''@|1|g' \
      -e 's|@''HAVE_STRSEP''@|1|g' \
      -e 's|@''HAVE_STRCASESTR''@|1|g' \
      -e 's|@''HAVE_DECL_STRTOK_R''@|1|g' \
      -e 's|@''HAVE_DECL_STRERROR_R''@|1|g' \
      -e 's|@''HAVE_STRERRORNAME_NP''@|1|g' \
      -e 's|@''HAVE_SIGABBREV_NP''@|1|g' \
      -e 's|@''HAVE_SIGDESCR_NP''@|1|g' \
      -e 's|@''HAVE_DECL_STRSIGNAL''@|1|g' \
      -e 's|@''HAVE_STRVERSCMP''@|1|g' \
      -e 's|@''REPLACE_FFSLL''@|0|g' \
      -e 's|@''REPLACE_MEMCHR''@|0|g' \
      -e 's|@''REPLACE_MEMMEM''@|0|g' \
      -e 's|@''REPLACE_MEMPCPY''@|0|g' \
      -e 's|@''REPLACE_MEMSET_EXPLICIT''@|0|g' \
      -e 's|@''REPLACE_FREE''@|0|g' \
      -e 's|@''REPLACE_STPCPY''@|0|g' \
      -e 's|@''REPLACE_STPNCPY''@|0|g' \
      -e 's|@''REPLACE_STRCHRNUL''@|0|g' \
      -e 's|@''REPLACE_STRDUP''@|0|g' \
      -e 's|@''REPLACE_STRNCAT''@|0|g' \
      -e 's|@''REPLACE_STRNDUP''@|0|g' \
      -e 's|@''REPLACE_STRNLEN''@|0|g' \
      -e 's|@''REPLACE_STRSTR''@|0|g' \
      -e 's|@''REPLACE_STRCASESTR''@|0|g' \
      -e 's|@''REPLACE_STRTOK_R''@|0|g' \
      -e 's|@''REPLACE_STRERROR''@|0|g' \
      -e 's|@''REPLACE_STRERROR_R''@|0|g' \
      -e 's|@''REPLACE_STRERRORNAME_NP''@|0|g' \
      -e 's|@''REPLACE_STRSIGNAL''@|0|g' \
      -e 's|@''REPLACE_STRVERSCMP''@|0|g' \
      -e 's|@''UNDEFINE_STRTOK_R''@|0|g' \
      -e '/definitions of _GL_FUNCDECL_RPL/r ./c++defs.h' \
      -e '/definition of _GL_ARG_NONNULL/r ./arg-nonnull.h' \
      -e '/definition of _GL_WARN_ON_USE/r ./warn-on-use.h' \
      < string.h-t1 > string.h-t2
rm -f stdio.h-t1 stdio.h-t2
mv stdio.h-t3 stdio.h
sed -e 1h -e '1s,.*,/* DO NOT EDIT! GENERATED AUTOMATICALLY! */,' -e 1G \
      -e 's|@''GUARD_PREFIX''@|GL|g' \
      -e 's|@''HAVE_STRINGS_H''@|1|g' \
      -e 's|@''INCLUDE_NEXT''@|include_next|g' \
      -e 's|@''PRAGMA_SYSTEM_HEADER''@|#pragma GCC system_header|g' \
      -e 's|@''PRAGMA_COLUMNS''@||g' \
      -e 's|@''NEXT_STRINGS_H''@|<strings.h>|g' \
      -e 's/@''GNULIB_FFS''@/0/g' \
      -e 's|@''HAVE_FFS''@|1|g' \
      -e 's|@''HAVE_STRCASECMP''@|1|g' \
      -e 's|@''HAVE_DECL_STRNCASECMP''@|1|g' \
      -e '/definitions of _GL_FUNCDECL_RPL/r ./c++defs.h' \
      -e '/definition of _GL_ARG_NONNULL/r ./arg-nonnull.h' \
      -e '/definition of _GL_WARN_ON_USE/r ./warn-on-use.h' \
      ./strings.in.h > strings.h-t
rm -f stdlib.h-t1 stdlib.h-t2
sed \
      -e 's|@''REPLACE_ACOSF''@|0|g' \
      -e 's|@''REPLACE_ASINF''@|0|g' \
      -e 's|@''REPLACE_ATANF''@|0|g' \
      -e 's|@''REPLACE_ATAN2F''@|0|g' \
      -e 's|@''REPLACE_CBRTF''@|0|g' \
      -e 's|@''REPLACE_CBRTL''@|0|g' \
      -e 's|@''REPLACE_CEIL''@|0|g' \
      -e 's|@''REPLACE_CEILF''@|0|g' \
      -e 's|@''REPLACE_CEILL''@|0|g' \
      -e 's|@''REPLACE_COSF''@|0|g' \
      -e 's|@''REPLACE_COSHF''@|0|g' \
      -e 's|@''REPLACE_EXPF''@|0|g' \
      -e 's|@''REPLACE_EXPL''@|0|g' \
      -e 's|@''REPLACE_EXPM1''@|0|g' \
      -e 's|@''REPLACE_EXPM1F''@|0|g' \
      -e 's|@''REPLACE_EXPM1L''@|0|g' \
      -e 's|@''REPLACE_EXP2''@|0|g' \
      -e 's|@''REPLACE_EXP2L''@|0|g' \
      -e 's|@''REPLACE_FABSL''@|0|g' \
      -e 's|@''REPLACE_FLOOR''@|0|g' \
      -e 's|@''REPLACE_FLOORF''@|0|g' \
      -e 's|@''REPLACE_FLOORL''@|0|g' \
      -e 's|@''REPLACE_FMA''@|0|g' \
      -e 's|@''REPLACE_FMAF''@|0|g' \
      -e 's|@''REPLACE_FMAL''@|0|g' \
      -e 's|@''REPLACE_FMOD''@|0|g' \
      -e 's|@''REPLACE_FMODF''@|0|g' \
      -e 's|@''REPLACE_FMODL''@|0|g' \
      -e 's|@''REPLACE_FREXPF''@|0|g' \
      -e 's|@''REPLACE_FREXP''@|0|g' \
      -e 's|@''REPLACE_FREXPL''@|0|g' \
      -e 's|@''REPLACE_GETPAYLOAD''@|0|g' \
      -e 's|@''REPLACE_GETPAYLOADF''@|0|g' \
      -e 's|@''REPLACE_GETPAYLOADL''@|0|g' \
      -e 's|@''REPLACE_HUGE_VAL''@|0|g' \
      -e 's|@''REPLACE_HYPOT''@|0|g' \
      -e 's|@''REPLACE_HYPOTF''@|0|g' \
      -e 's|@''REPLACE_HYPOTL''@|0|g' \
      -e 's|@''REPLACE_ILOGB''@|0|g' \
      -e 's|@''REPLACE_ILOGBF''@|0|g' \
      -e 's|@''REPLACE_ILOGBL''@|0|g' \
      -e 's|@''REPLACE_ISFINITE''@|0|g' \
      -e 's|@''REPLACE_ISINF''@|0|g' \
      -e 's|@''REPLACE_ISNAN''@|0|g' \
      -e 's|@''REPLACE_ITOLD''@|0|g' \
      < math.h-t4 > math.h-t5
rm -f string.h-t1
mv strings.h-t strings.h
mv stdlib.h-t3 stdlib.h
/usr/bin/mkdir -p 'sys'
mv string.h-t2 string.h
/usr/bin/mkdir -p 'sys'
sed -e 1h -e '1s,.*,/* DO NOT EDIT! GENERATED AUTOMATICALLY! */,' -e 1G \
      -e 's|@''GUARD_PREFIX''@|GL|g' \
      -e 's|@''INCLUDE_NEXT''@|include_next|g' \
      -e 's|@''PRAGMA_SYSTEM_HEADER''@|#pragma GCC system_header|g' \
      -e 's|@''PRAGMA_COLUMNS''@||g' \
      -e 's|@''NEXT_SYS_RANDOM_H''@|<sys/random.h>|g' \
      -e 's|@''HAVE_SYS_RANDOM_H''@|1|g' \
      -e 's/@''GNULIB_GETRANDOM''@/1/g' \
      -e 's/@''HAVE_GETRANDOM''@/1/g' \
      -e 's/@''REPLACE_GETRANDOM''@/0/g' \
      -e '/definitions of _GL_FUNCDECL_RPL/r ./c++defs.h' \
      -e '/definition of _GL_ARG_NONNULL/r ./arg-nonnull.h' \
      -e '/definition of _GL_WARN_ON_USE/r ./warn-on-use.h' \
      ./sys_random.in.h > sys/random.h-t
sed -e 1h -e '1s,.*,/* DO NOT EDIT! GENERATED AUTOMATICALLY! */,' -e 1G \
      -e 's|@''GUARD_PREFIX''@|GL|g' \
      -e 's|@''INCLUDE_NEXT''@|include_next|g' \
      -e 's|@''PRAGMA_SYSTEM_HEADER''@|#pragma GCC system_header|g' \
      -e 's|@''PRAGMA_COLUMNS''@||g' \
      -e 's|@''NEXT_SYS_STAT_H''@|<sys/stat.h>|g' \
      -e 's|@''WINDOWS_64_BIT_ST_SIZE''@|0|g' \
      -e 's|@''WINDOWS_STAT_TIMESPEC''@|0|g' \
      -e 's/@''GNULIB_CHMOD''@/0/g' \
      -e 's/@''GNULIB_FCHMODAT''@/0/g' \
      -e 's/@''GNULIB_FSTAT''@/1/g' \
      -e 's/@''GNULIB_FSTATAT''@/1/g' \
      -e 's/@''GNULIB_FUTIMENS''@/1/g' \
      -e 's/@''GNULIB_GETUMASK''@/0/g' \
      -e 's/@''GNULIB_LCHMOD''@/0/g' \
      -e 's/@''GNULIB_LSTAT''@/1/g' \
      -e 's/@''GNULIB_MKDIR''@/1/g' \
      -e 's/@''GNULIB_MKDIRAT''@/0/g' \
      -e 's/@''GNULIB_MKFIFO''@/0/g' \
      -e 's/@''GNULIB_MKFIFOAT''@/0/g' \
      -e 's/@''GNULIB_MKNOD''@/0/g' \
      -e 's/@''GNULIB_MKNODAT''@/0/g' \
      -e 's/@''GNULIB_STAT''@/1/g' \
      -e 's/@''GNULIB_UTIMENSAT''@/0/g' \
      -e 's/@''GNULIB_OVERRIDES_STRUCT_STAT''@/0/g' \
      -e 's/@''GNULIB_MDA_CHMOD''@/1/g' \
      -e 's/@''GNULIB_MDA_MKDIR''@/1/g' \
      -e 's/@''GNULIB_MDA_UMASK''@/1/g' \
      -e 's|@''HAVE_FCHMODAT''@|1|g' \
      -e 's|@''HAVE_FSTATAT''@|1|g' \
      -e 's|@''HAVE_FUTIMENS''@|1|g' \
      -e 's|@''HAVE_GETUMASK''@|1|g' \
      -e 's|@''HAVE_LCHMOD''@|1|g' \
      -e 's|@''HAVE_LSTAT''@|1|g' \
      -e 's|@''HAVE_MKDIRAT''@|1|g' \
      -e 's|@''HAVE_MKFIFO''@|1|g' \
      -e 's|@''HAVE_MKFIFOAT''@|1|g' \
      -e 's|@''HAVE_MKNOD''@|1|g' \
      -e 's|@''HAVE_MKNODAT''@|1|g' \
      -e 's|@''HAVE_UTIMENSAT''@|1|g' \
      -e 's|@''REPLACE_CHMOD''@|0|g' \
      -e 's|@''REPLACE_FCHMODAT''@|0|g' \
      -e 's|@''REPLACE_FSTAT''@|0|g' \
      -e 's|@''REPLACE_FSTATAT''@|0|g' \
      -e 's|@''REPLACE_FUTIMENS''@|0|g' \
      -e 's|@''REPLACE_LSTAT''@|0|g' \
      -e 's|@''REPLACE_MKDIR''@|0|g' \
      -e 's|@''REPLACE_MKFIFO''@|0|g' \
      -e 's|@''REPLACE_MKFIFOAT''@|0|g' \
      -e 's|@''REPLACE_MKNOD''@|0|g' \
      -e 's|@''REPLACE_MKNODAT''@|0|g' \
      -e 's|@''REPLACE_STAT''@|0|g' \
      -e 's|@''REPLACE_UTIMENSAT''@|0|g' \
      -e '/definitions of _GL_FUNCDECL_RPL/r ./c++defs.h' \
      -e '/definition of _GL_ARG_NONNULL/r ./arg-nonnull.h' \
      -e '/definition of _GL_WARN_ON_USE/r ./warn-on-use.h' \
      ./sys_stat.in.h > sys/stat.h-t
/usr/bin/mkdir -p 'sys'
sed \
      -e 's|@''REPLACE_LDEXP''@|0|g' \
      -e 's|@''REPLACE_LDEXPL''@|0|g' \
      -e 's|@''REPLACE_LOG''@|0|g' \
      -e 's|@''REPLACE_LOGF''@|0|g' \
      -e 's|@''REPLACE_LOGL''@|0|g' \
      -e 's|@''REPLACE_LOG10''@|0|g' \
      -e 's|@''REPLACE_LOG10F''@|0|g' \
      -e 's|@''REPLACE_LOG10L''@|0|g' \
      -e 's|@''REPLACE_LOG1P''@|0|g' \
      -e 's|@''REPLACE_LOG1PF''@|0|g' \
      -e 's|@''REPLACE_LOG1PL''@|0|g' \
      -e 's|@''REPLACE_LOG2''@|0|g' \
      -e 's|@''REPLACE_LOG2F''@|0|g' \
      -e 's|@''REPLACE_LOG2L''@|0|g' \
      -e 's|@''REPLACE_LOGB''@|0|g' \
      -e 's|@''REPLACE_LOGBF''@|0|g' \
      -e 's|@''REPLACE_LOGBL''@|0|g' \
      -e 's|@''REPLACE_MODF''@|0|g' \
      -e 's|@''REPLACE_MODFF''@|0|g' \
      -e 's|@''REPLACE_MODFL''@|0|g' \
      -e 's|@''REPLACE_NAN''@|0|g' \
      -e 's|@''REPLACE_REMAINDER''@|0|g' \
      -e 's|@''REPLACE_REMAINDERF''@|0|g' \
      -e 's|@''REPLACE_REMAINDERL''@|0|g' \
      -e 's|@''REPLACE_RINTL''@|0|g' \
      -e 's|@''REPLACE_ROUND''@|0|g' \
      -e 's|@''REPLACE_ROUNDF''@|0|g' \
      -e 's|@''REPLACE_ROUNDL''@|0|g' \
      -e 's|@''REPLACE_SIGNBIT''@|0|g' \
      -e 's|@''REPLACE_SIGNBIT_USING_BUILTINS''@|1|g' \
      -e 's|@''REPLACE_SINF''@|0|g' \
      -e 's|@''REPLACE_SINHF''@|0|g' \
      -e 's|@''REPLACE_SQRTF''@|0|g' \
      -e 's|@''REPLACE_SQRTL''@|0|g' \
      -e 's|@''REPLACE_TANF''@|0|g' \
      -e 's|@''REPLACE_TANHF''@|0|g' \
      -e 's|@''REPLACE_TOTALORDER''@|0|g' \
      -e 's|@''REPLACE_TOTALORDERF''@|0|g' \
      -e 's|@''REPLACE_TOTALORDERL''@|0|g' \
      -e 's|@''REPLACE_TOTALORDERMAG''@|0|g' \
      -e 's|@''REPLACE_TOTALORDERMAGF''@|0|g' \
      -e 's|@''REPLACE_TOTALORDERMAGL''@|0|g' \
      -e 's|@''REPLACE_TRUNC''@|0|g' \
      -e 's|@''REPLACE_TRUNCF''@|0|g' \
      -e 's|@''REPLACE_TRUNCL''@|0|g' \
      -e '/definitions of _GL_FUNCDECL_RPL/r ./c++defs.h' \
      -e '/definition of _GL_ARG_NONNULL/r ./arg-nonnull.h' \
      -e '/definition of _GL_WARN_ON_USE/r ./warn-on-use.h' \
      < math.h-t5 > math.h-t6
mv sys/random.h-t sys/random.h
sed -e 1h -e '1s,.*,/* DO NOT EDIT! GENERATED AUTOMATICALLY! */,' -e 1G \
      -e 's|@''GUARD_PREFIX''@|GL|g' \
      -e 's/@''HAVE_SYS_TIME_H''@/1/g' \
      -e 's|@''INCLUDE_NEXT''@|include_next|g' \
      -e 's|@''PRAGMA_SYSTEM_HEADER''@|#pragma GCC system_header|g' \
      -e 's|@''PRAGMA_COLUMNS''@||g' \
      -e 's|@''NEXT_SYS_TIME_H''@|<sys/time.h>|g' \
      -e 's/@''GNULIB_GETTIMEOFDAY''@/1/g' \
      -e 's|@''HAVE_WINSOCK2_H''@|0|g' \
      -e 's/@''HAVE_GETTIMEOFDAY''@/1/g' \
      -e 's/@''HAVE_STRUCT_TIMEVAL''@/1/g' \
      -e 's/@''REPLACE_GETTIMEOFDAY''@/0/g' \
      -e 's/@''REPLACE_STRUCT_TIMEVAL''@/0/g' \
      -e '/definitions of _GL_FUNCDECL_RPL/r ./c++defs.h' \
      -e '/definition of _GL_ARG_NONNULL/r ./arg-nonnull.h' \
      -e '/definition of _GL_WARN_ON_USE/r ./warn-on-use.h' \
      ./sys_time.in.h > sys/time.h-t
mv sys/stat.h-t sys/stat.h
/usr/bin/mkdir -p 'sys'
mv sys/time.h-t sys/time.h
/usr/bin/mkdir -p 'sys'
sed -e 1h -e '1s,.*,/* DO NOT EDIT! GENERATED AUTOMATICALLY! */,' -e 1G \
      -e 's|@''GUARD_PREFIX''@|GL|g' \
      -e 's|@''INCLUDE_NEXT''@|include_next|g' \
      -e 's|@''PRAGMA_SYSTEM_HEADER''@|#pragma GCC system_header|g' \
      -e 's|@''PRAGMA_COLUMNS''@||g' \
      -e 's|@''NEXT_SYS_TYPES_H''@|<sys/types.h>|g' \
      -e 's|@''WINDOWS_64_BIT_OFF_T''@|0|g' \
      -e 's|@''HAVE_OFF64_T''@|1|g' \
      -e 's|@''WINDOWS_STAT_INODES''@|0|g' \
      ./sys_types.in.h > sys/types.h-t
sed -e 1h -e '1s,.*,/* DO NOT EDIT! GENERATED AUTOMATICALLY! */,' -e 1G \
      -e 's|@''GUARD_PREFIX''@|GL|g' \
      -e 's|@''INCLUDE_NEXT''@|include_next|g' \
      -e 's|@''PRAGMA_SYSTEM_HEADER''@|#pragma GCC system_header|g' \
      -e 's|@''PRAGMA_COLUMNS''@||g' \
      -e 's|@''NEXT_TIME_H''@|<time.h>|g' \
      -e 's/@''GNULIB_CTIME''@/0/g' \
      -e 's/@''GNULIB_LOCALTIME''@/0/g' \
      -e 's/@''GNULIB_MKTIME''@/0/g' \
      -e 's/@''GNULIB_NANOSLEEP''@/0/g' \
      -e 's/@''GNULIB_STRFTIME''@/0/g' \
      -e 's/@''GNULIB_STRPTIME''@/0/g' \
      -e 's/@''GNULIB_TIME''@/0/g' \
      -e 's/@''GNULIB_TIMEGM''@/0/g' \
      -e 's/@''GNULIB_TIMESPEC_GET''@/0/g' \
      -e 's/@''GNULIB_TIMESPEC_GETRES''@/0/g' \
      -e 's/@''GNULIB_TIME_R''@/0/g' \
      -e 's/@''GNULIB_TIME_RZ''@/0/g' \
      -e 's/@''GNULIB_TZNAME''@/0/g' \
      -e 's/@''GNULIB_TZSET''@/0/g' \
      -e 's/@''GNULIB_MDA_TZSET''@/1/g' \
      -e 's|@''HAVE_DECL_LOCALTIME_R''@|1|g' \
      -e 's|@''HAVE_NANOSLEEP''@|1|g' \
      -e 's|@''HAVE_STRPTIME''@|1|g' \
      -e 's|@''HAVE_TIMEGM''@|1|g' \
      -e 's|@''HAVE_TIMESPEC_GET''@|1|g' \
      -e 's|@''HAVE_TIMESPEC_GETRES''@|1|g' \
      -e 's|@''HAVE_TIMEZONE_T''@|0|g' \
      -e 's|@''REPLACE_CTIME''@|0|g' \
      -e 's|@''REPLACE_GMTIME''@|0|g' \
      -e 's|@''REPLACE_LOCALTIME''@|0|g' \
      -e 's|@''REPLACE_LOCALTIME_R''@|0|g' \
      -e 's|@''REPLACE_MKTIME''@|0|g' \
      -e 's|@''REPLACE_NANOSLEEP''@|0|g' \
      -e 's|@''REPLACE_STRFTIME''@|0|g' \
      -e 's|@''REPLACE_TIME''@|0|g' \
      -e 's|@''REPLACE_TIMEGM''@|0|g' \
      -e 's|@''REPLACE_TIMESPEC_GET''@|0|g' \
      -e 's|@''REPLACE_TIMESPEC_GETRES''@|0|g' \
      -e 's|@''REPLACE_TZSET''@|0|g' \
      -e 's|@''PTHREAD_H_DEFINES_STRUCT_TIMESPEC''@|0|g' \
      -e 's|@''SYS_TIME_H_DEFINES_STRUCT_TIMESPEC''@|0|g' \
      -e 's|@''TIME_H_DEFINES_STRUCT_TIMESPEC''@|1|g' \
      -e 's|@''UNISTD_H_DEFINES_STRUCT_TIMESPEC''@|0|g' \
      -e 's|@''TIME_H_DEFINES_TIME_UTC''@|1|g' \
      -e '/definitions of _GL_FUNCDECL_RPL/r ./c++defs.h' \
      -e '/definition of _GL_ARG_NONNULL/r ./arg-nonnull.h' \
      -e '/definition of _GL_WARN_ON_USE/r ./warn-on-use.h' \
      ./time.in.h > time.h-t
sed -e 1h -e '1s,.*,/* DO NOT EDIT! GENERATED AUTOMATICALLY! */,' -e 1G \
      -e 's|@''GUARD_PREFIX''@|GL|g' \
      -e 's|@''INCLUDE_NEXT''@|include_next|g' \
      -e 's|@''PRAGMA_SYSTEM_HEADER''@|#pragma GCC system_header|g' \
      -e 's|@''PRAGMA_COLUMNS''@||g' \
      -e 's|@''NEXT_SYS_WAIT_H''@|<sys/wait.h>|g' \
      -e 's/@''GNULIB_WAITPID''@/0/g' \
      -e '/definitions of _GL_FUNCDECL_RPL/r ./c++defs.h' \
      -e '/definition of _GL_WARN_ON_USE/r ./warn-on-use.h' \
      ./sys_wait.in.h > sys/wait.h-t
rm -f math.h-t1 math.h-t2 math.h-t3 math.h-t4 math.h-t5
mv sys/types.h-t sys/types.h
mv sys/wait.h-t sys/wait.h
mv math.h-t6 math.h
sed -e 1h -e '1s,.*,/* DO NOT EDIT! GENERATED AUTOMATICALLY! */,' -e 1G \
      -e 's|@''GUARD_PREFIX''@|GL|g' \
      -e 's/@''HAVE_UCHAR_H''@/1/g' \
      -e 's|@''INCLUDE_NEXT''@|include_next|g' \
      -e 's|@''PRAGMA_SYSTEM_HEADER''@|#pragma GCC system_header|g' \
      -e 's|@''PRAGMA_COLUMNS''@||g' \
      -e 's|@''NEXT_UCHAR_H''@|<uchar.h>|g' \
      -e 's|@''CXX_HAS_CHAR8_TYPE''@|0|g' \
      -e 's|@''CXX_HAS_UCHAR_TYPES''@|0|g' \
      -e 's|@''SMALL_WCHAR_T''@|0|g' \
      -e 's|@''GNULIBHEADERS_OVERRIDE_CHAR8_T''@|0|g' \
      -e 's|@''GNULIBHEADERS_OVERRIDE_CHAR16_T''@|0|g' \
      -e 's|@''GNULIBHEADERS_OVERRIDE_CHAR32_T''@|0|g' \
      -e 's/@''GNULIB_BTOC32''@/1/g' \
      -e 's/@''GNULIB_BTOWC''@/1/g' \
      -e 's/@''GNULIB_C32ISALNUM''@/1/g' \
      -e 's/@''GNULIB_C32ISALPHA''@/1/g' \
      -e 's/@''GNULIB_C32ISBLANK''@/1/g' \
      -e 's/@''GNULIB_C32ISCNTRL''@/1/g' \
      -e 's/@''GNULIB_C32ISDIGIT''@/1/g' \
      -e 's/@''GNULIB_C32ISGRAPH''@/1/g' \
      -e 's/@''GNULIB_C32ISLOWER''@/1/g' \
      -e 's/@''GNULIB_C32ISPRINT''@/1/g' \
      -e 's/@''GNULIB_C32ISPUNCT''@/1/g' \
      -e 's/@''GNULIB_C32ISSPACE''@/1/g' \
      -e 's/@''GNULIB_C32ISUPPER''@/1/g' \
      -e 's/@''GNULIB_C32ISXDIGIT''@/1/g' \
      -e 's/@''GNULIB_C32TOLOWER''@/1/g' \
      -e 's/@''GNULIB_C32TOUPPER''@/0/g' \
      -e 's/@''GNULIB_C32WIDTH''@/0/g' \
      -e 's/@''GNULIB_C32RTOMB''@/0/g' \
      -e 's/@''GNULIB_C32SNRTOMBS''@/0/g' \
      -e 's/@''GNULIB_C32SRTOMBS''@/0/g' \
      -e 's/@''GNULIB_C32STOMBS''@/0/g' \
      -e 's/@''GNULIB_C32SWIDTH''@/0/g' \
      -e 's/@''GNULIB_C32TOB''@/0/g' \
      -e 's/@''GNULIB_C32_APPLY_MAPPING''@/0/g' \
      -e 's/@''GNULIB_C32_APPLY_TYPE_TEST''@/1/g' \
      -e 's/@''GNULIB_C32_GET_MAPPING''@/0/g' \
      -e 's/@''GNULIB_C32_GET_TYPE_TEST''@/1/g' \
      -e 's/@''GNULIB_ISWCTYPE''@/1/g' \
      -e 's/@''GNULIB_ISWDIGIT''@/1/g' \
      -e 's/@''GNULIB_ISWXDIGIT''@/1/g' \
      -e 's/@''GNULIB_MBRTOC16''@/0/g' \
      -e 's/@''GNULIB_MBRTOC32''@/1/g' \
      -e 's/@''GNULIB_MBSNRTOC32S''@/0/g' \
      -e 's/@''GNULIB_MBSNRTOWCS''@/0/g' \
      -e 's/@''GNULIB_MBSRTOC32S''@/1/g' \
      -e 's/@''GNULIB_MBSRTOWCS''@/1/g' \
      -e 's/@''GNULIB_MBSTOC32S''@/0/g' \
      -e 's/@''GNULIB_TOWCTRANS''@/0/g' \
      -e 's/@''GNULIB_WCSNRTOMBS''@/0/g' \
      -e 's/@''GNULIB_WCSRTOMBS''@/0/g' \
      -e 's/@''GNULIB_WCSWIDTH''@/0/g' \
      -e 's/@''GNULIB_WCTOB''@/0/g' \
      -e 's/@''GNULIB_WCTRANS''@/0/g' \
      -e 's/@''GNULIB_WCTYPE''@/1/g' \
      -e 's/@''GNULIB_WCWIDTH''@/1/g' \
      -e 's|@''HAVE_C32RTOMB''@|1|g' \
      -e 's|@''HAVE_MBRTOC16''@|1|g' \
      -e 's|@''HAVE_MBRTOC32''@|1|g' \
      -e 's|@''REPLACE_C32RTOMB''@|0|g' \
      -e 's|@''REPLACE_MBRTOC16''@|0|g' \
      -e 's|@''REPLACE_MBRTOC32''@|1|g' \
      -e '/definitions of _GL_FUNCDECL_RPL/r ./c++defs.h' \
      -e '/definition of _GL_ARG_NONNULL/r ./arg-nonnull.h' \
      -e '/definition of _GL_WARN_ON_USE/r ./warn-on-use.h' \
      ./uchar.in.h > uchar.h-t
sed -e 1h -e '1s,.*,/* DO NOT EDIT! GENERATED AUTOMATICALLY! */,' -e 1G \
      -e 's|@''HAVE_UNISTRING_WOE32DLL_H''@|0|g' \
      -e 's/@''GNULIB_UNICASE_EMPTY_PREFIX_CONTEXT_DLL_VARIABLE''@/LIBUNISTRING_DLL_VARIABLE/g' \
      -e 's/@''GNULIB_UNICASE_EMPTY_SUFFIX_CONTEXT_DLL_VARIABLE''@/LIBUNISTRING_DLL_VARIABLE/g' \
      ./unicase.in.h > unicase.h-t
sed -e 1h -e '1s,.*,/* DO NOT EDIT! GENERATED AUTOMATICALLY! */,' -e 1G \
      -e 's|@''HAVE_UNISTRING_WOE32DLL_H''@|0|g' \
      -e 's/@''GNULIB_UNICTYPE_CATEGORY_L_DLL_VARIABLE''@/LIBUNISTRING_DLL_VARIABLE/g' \
      -e 's/@''GNULIB_UNICTYPE_CATEGORY_LC_DLL_VARIABLE''@/LIBUNISTRING_DLL_VARIABLE/g' \
      -e 's/@''GNULIB_UNICTYPE_CATEGORY_LU_DLL_VARIABLE''@/LIBUNISTRING_DLL_VARIABLE/g' \
      -e 's/@''GNULIB_UNICTYPE_CATEGORY_LL_DLL_VARIABLE''@/LIBUNISTRING_DLL_VARIABLE/g' \
      -e 's/@''GNULIB_UNICTYPE_CATEGORY_LT_DLL_VARIABLE''@/LIBUNISTRING_DLL_VARIABLE/g' \
      -e 's/@''GNULIB_UNICTYPE_CATEGORY_LM_DLL_VARIABLE''@/LIBUNISTRING_DLL_VARIABLE/g' \
      -e 's/@''GNULIB_UNICTYPE_CATEGORY_LO_DLL_VARIABLE''@/LIBUNISTRING_DLL_VARIABLE/g' \
      -e 's/@''GNULIB_UNICTYPE_CATEGORY_M_DLL_VARIABLE''@/LIBUNISTRING_DLL_VARIABLE/g' \
      -e 's/@''GNULIB_UNICTYPE_CATEGORY_MN_DLL_VARIABLE''@/LIBUNISTRING_DLL_VARIABLE/g' \
      -e 's/@''GNULIB_UNICTYPE_CATEGORY_MC_DLL_VARIABLE''@/LIBUNISTRING_DLL_VARIABLE/g' \
      -e 's/@''GNULIB_UNICTYPE_CATEGORY_ME_DLL_VARIABLE''@/LIBUNISTRING_DLL_VARIABLE/g' \
      -e 's/@''GNULIB_UNICTYPE_CATEGORY_N_DLL_VARIABLE''@/LIBUNISTRING_DLL_VARIABLE/g' \
      -e 's/@''GNULIB_UNICTYPE_CATEGORY_ND_DLL_VARIABLE''@/LIBUNISTRING_DLL_VARIABLE/g' \
      -e 's/@''GNULIB_UNICTYPE_CATEGORY_NL_DLL_VARIABLE''@/LIBUNISTRING_DLL_VARIABLE/g' \
      -e 's/@''GNULIB_UNICTYPE_CATEGORY_NO_DLL_VARIABLE''@/LIBUNISTRING_DLL_VARIABLE/g' \
      -e 's/@''GNULIB_UNICTYPE_CATEGORY_P_DLL_VARIABLE''@/LIBUNISTRING_DLL_VARIABLE/g' \
      -e 's/@''GNULIB_UNICTYPE_CATEGORY_PC_DLL_VARIABLE''@/LIBUNISTRING_DLL_VARIABLE/g' \
      -e 's/@''GNULIB_UNICTYPE_CATEGORY_PD_DLL_VARIABLE''@/LIBUNISTRING_DLL_VARIABLE/g' \
      -e 's/@''GNULIB_UNICTYPE_CATEGORY_PS_DLL_VARIABLE''@/LIBUNISTRING_DLL_VARIABLE/g' \
      -e 's/@''GNULIB_UNICTYPE_CATEGORY_PE_DLL_VARIABLE''@/LIBUNISTRING_DLL_VARIABLE/g' \
      -e 's/@''GNULIB_UNICTYPE_CATEGORY_PI_DLL_VARIABLE''@/LIBUNISTRING_DLL_VARIABLE/g' \
      -e 's/@''GNULIB_UNICTYPE_CATEGORY_PF_DLL_VARIABLE''@/LIBUNISTRING_DLL_VARIABLE/g' \
      -e 's/@''GNULIB_UNICTYPE_CATEGORY_PO_DLL_VARIABLE''@/LIBUNISTRING_DLL_VARIABLE/g' \
      -e 's/@''GNULIB_UNICTYPE_CATEGORY_S_DLL_VARIABLE''@/LIBUNISTRING_DLL_VARIABLE/g' \
      -e 's/@''GNULIB_UNICTYPE_CATEGORY_SM_DLL_VARIABLE''@/LIBUNISTRING_DLL_VARIABLE/g' \
      -e 's/@''GNULIB_UNICTYPE_CATEGORY_SC_DLL_VARIABLE''@/LIBUNISTRING_DLL_VARIABLE/g' \
      -e 's/@''GNULIB_UNICTYPE_CATEGORY_SK_DLL_VARIABLE''@/LIBUNISTRING_DLL_VARIABLE/g' \
      -e 's/@''GNULIB_UNICTYPE_CATEGORY_SO_DLL_VARIABLE''@/LIBUNISTRING_DLL_VARIABLE/g' \
      -e 's/@''GNULIB_UNICTYPE_CATEGORY_Z_DLL_VARIABLE''@/LIBUNISTRING_DLL_VARIABLE/g' \
      -e 's/@''GNULIB_UNICTYPE_CATEGORY_ZS_DLL_VARIABLE''@/LIBUNISTRING_DLL_VARIABLE/g' \
      -e 's/@''GNULIB_UNICTYPE_CATEGORY_ZL_DLL_VARIABLE''@/LIBUNISTRING_DLL_VARIABLE/g' \
      -e 's/@''GNULIB_UNICTYPE_CATEGORY_ZP_DLL_VARIABLE''@/LIBUNISTRING_DLL_VARIABLE/g' \
      -e 's/@''GNULIB_UNICTYPE_CATEGORY_C_DLL_VARIABLE''@/LIBUNISTRING_DLL_VARIABLE/g' \
      -e 's/@''GNULIB_UNICTYPE_CATEGORY_CC_DLL_VARIABLE''@/LIBUNISTRING_DLL_VARIABLE/g' \
      -e 's/@''GNULIB_UNICTYPE_CATEGORY_CF_DLL_VARIABLE''@/LIBUNISTRING_DLL_VARIABLE/g' \
      -e 's/@''GNULIB_UNICTYPE_CATEGORY_CS_DLL_VARIABLE''@/LIBUNISTRING_DLL_VARIABLE/g' \
      -e 's/@''GNULIB_UNICTYPE_CATEGORY_CO_DLL_VARIABLE''@/LIBUNISTRING_DLL_VARIABLE/g' \
      -e 's/@''GNULIB_UNICTYPE_CATEGORY_CN_DLL_VARIABLE''@/LIBUNISTRING_DLL_VARIABLE/g' \
      < ./unictype.in.h > unictype.h-t1
mv time.h-t time.h
mv unicase.h-t unicase.h
sed -e 1h -e '1s,.*,/* DO NOT EDIT! GENERATED AUTOMATICALLY! */,' -e 1G \
      -e 's|@''HAVE_UNISTRING_WOE32DLL_H''@|0|g' \
      -e 's/@''GNULIB_UNINORM_NFD_DLL_VARIABLE''@/LIBUNISTRING_DLL_VARIABLE/g' \
      -e 's/@''GNULIB_UNINORM_NFC_DLL_VARIABLE''@/LIBUNISTRING_DLL_VARIABLE/g' \
      -e 's/@''GNULIB_UNINORM_NFKD_DLL_VARIABLE''@/LIBUNISTRING_DLL_VARIABLE/g' \
      -e 's/@''GNULIB_UNINORM_NFKC_DLL_VARIABLE''@/LIBUNISTRING_DLL_VARIABLE/g' \
      ./uninorm.in.h > uninorm.h-t
mv uchar.h-t uchar.h
sed -e 1h -e '1s,.*,/* DO NOT EDIT! GENERATED AUTOMATICALLY! */,' -e 1G \
      -e 's|@''GUARD_PREFIX''@|GL|g' \
      -e 's|@''HAVE_UNISTD_H''@|1|g' \
      -e 's|@''INCLUDE_NEXT''@|include_next|g' \
      -e 's|@''PRAGMA_SYSTEM_HEADER''@|#pragma GCC system_header|g' \
      -e 's|@''PRAGMA_COLUMNS''@||g' \
      -e 's|@''NEXT_UNISTD_H''@|<unistd.h>|g' \
      -e 's|@''WINDOWS_64_BIT_OFF_T''@|0|g' \
      -e 's/@''GNULIB_ACCESS''@/0/g' \
      -e 's/@''GNULIB_CHDIR''@/1/g' \
      -e 's/@''GNULIB_CHOWN''@/0/g' \
      -e 's/@''GNULIB_CLOSE''@/1/g' \
      -e 's/@''GNULIB_COPY_FILE_RANGE''@/0/g' \
      -e 's/@''GNULIB_DUP''@/0/g' \
      -e 's/@''GNULIB_DUP2''@/1/g' \
      -e 's/@''GNULIB_DUP3''@/0/g' \
      -e 's/@''GNULIB_ENVIRON''@/0/g' \
      -e 's/@''GNULIB_EUIDACCESS''@/0/g' \
      -e 's/@''GNULIB_EXECL''@/0/g' \
      -e 's/@''GNULIB_EXECLE''@/0/g' \
      -e 's/@''GNULIB_EXECLP''@/0/g' \
      -e 's/@''GNULIB_EXECV''@/0/g' \
      -e 's/@''GNULIB_EXECVE''@/0/g' \
      -e 's/@''GNULIB_EXECVP''@/0/g' \
      -e 's/@''GNULIB_EXECVPE''@/0/g' \
      -e 's/@''GNULIB_FACCESSAT''@/0/g' \
      -e 's/@''GNULIB_FCHDIR''@/1/g' \
      -e 's/@''GNULIB_FCHOWNAT''@/0/g' \
      -e 's/@''GNULIB_FDATASYNC''@/0/g' \
      -e 's/@''GNULIB_FSYNC''@/0/g' \
      -e 's/@''GNULIB_FTRUNCATE''@/0/g' \
      < ./unistd.in.h > unistd.h-t1
mv uninorm.h-t uninorm.h
sed \
      -e 's/@''GNULIB_UNICTYPE_PROPERTY_WHITE_SPACE_DLL_VARIABLE''@/LIBUNISTRING_DLL_VARIABLE/g' \
      -e 's/@''GNULIB_UNICTYPE_PROPERTY_ALPHABETIC_DLL_VARIABLE''@/LIBUNISTRING_DLL_VARIABLE/g' \
      -e 's/@''GNULIB_UNICTYPE_PROPERTY_OTHER_ALPHABETIC_DLL_VARIABLE''@/LIBUNISTRING_DLL_VARIABLE/g' \
      -e 's/@''GNULIB_UNICTYPE_PROPERTY_NOT_A_CHARACTER_DLL_VARIABLE''@/LIBUNISTRING_DLL_VARIABLE/g' \
      -e 's/@''GNULIB_UNICTYPE_PROPERTY_DEFAULT_IGNORABLE_CODE_POINT_DLL_VARIABLE''@/LIBUNISTRING_DLL_VARIABLE/g' \
      -e 's/@''GNULIB_UNICTYPE_PROPERTY_OTHER_DEFAULT_IGNORABLE_CODE_POINT_DLL_VARIABLE''@/LIBUNISTRING_DLL_VARIABLE/g' \
      -e 's/@''GNULIB_UNICTYPE_PROPERTY_DEPRECATED_DLL_VARIABLE''@/LIBUNISTRING_DLL_VARIABLE/g' \
      -e 's/@''GNULIB_UNICTYPE_PROPERTY_LOGICAL_ORDER_EXCEPTION_DLL_VARIABLE''@/LIBUNISTRING_DLL_VARIABLE/g' \
      -e 's/@''GNULIB_UNICTYPE_PROPERTY_VARIATION_SELECTOR_DLL_VARIABLE''@/LIBUNISTRING_DLL_VARIABLE/g' \
      -e 's/@''GNULIB_UNICTYPE_PROPERTY_PRIVATE_USE_DLL_VARIABLE''@/LIBUNISTRING_DLL_VARIABLE/g' \
      -e 's/@''GNULIB_UNICTYPE_PROPERTY_UNASSIGNED_CODE_VALUE_DLL_VARIABLE''@/LIBUNISTRING_DLL_VARIABLE/g' \
      -e 's/@''GNULIB_UNICTYPE_PROPERTY_UPPERCASE_DLL_VARIABLE''@/LIBUNISTRING_DLL_VARIABLE/g' \
      -e 's/@''GNULIB_UNICTYPE_PROPERTY_OTHER_UPPERCASE_DLL_VARIABLE''@/LIBUNISTRING_DLL_VARIABLE/g' \
      -e 's/@''GNULIB_UNICTYPE_PROPERTY_LOWERCASE_DLL_VARIABLE''@/LIBUNISTRING_DLL_VARIABLE/g' \
      -e 's/@''GNULIB_UNICTYPE_PROPERTY_OTHER_LOWERCASE_DLL_VARIABLE''@/LIBUNISTRING_DLL_VARIABLE/g' \
      -e 's/@''GNULIB_UNICTYPE_PROPERTY_TITLECASE_DLL_VARIABLE''@/LIBUNISTRING_DLL_VARIABLE/g' \
      -e 's/@''GNULIB_UNICTYPE_PROPERTY_CASED_DLL_VARIABLE''@/LIBUNISTRING_DLL_VARIABLE/g' \
      -e 's/@''GNULIB_UNICTYPE_PROPERTY_CASE_IGNORABLE_DLL_VARIABLE''@/LIBUNISTRING_DLL_VARIABLE/g' \
      -e 's/@''GNULIB_UNICTYPE_PROPERTY_CHANGES_WHEN_LOWERCASED_DLL_VARIABLE''@/LIBUNISTRING_DLL_VARIABLE/g' \
      -e 's/@''GNULIB_UNICTYPE_PROPERTY_CHANGES_WHEN_UPPERCASED_DLL_VARIABLE''@/LIBUNISTRING_DLL_VARIABLE/g' \
      -e 's/@''GNULIB_UNICTYPE_PROPERTY_CHANGES_WHEN_TITLECASED_DLL_VARIABLE''@/LIBUNISTRING_DLL_VARIABLE/g' \
      -e 's/@''GNULIB_UNICTYPE_PROPERTY_CHANGES_WHEN_CASEFOLDED_DLL_VARIABLE''@/LIBUNISTRING_DLL_VARIABLE/g' \
      -e 's/@''GNULIB_UNICTYPE_PROPERTY_CHANGES_WHEN_CASEMAPPED_DLL_VARIABLE''@/LIBUNISTRING_DLL_VARIABLE/g' \
      -e 's/@''GNULIB_UNICTYPE_PROPERTY_SOFT_DOTTED_DLL_VARIABLE''@/LIBUNISTRING_DLL_VARIABLE/g' \
      < unictype.h-t1 > unictype.h-t2
sed -e 1h -e '1s,.*,/* DO NOT EDIT! GENERATED AUTOMATICALLY! */,' -e 1G -n -e 'w unistr.h-t' ./unistr.in.h
mv unistr.h-t unistr.h
sed -e 1h -e '1s,.*,/* DO NOT EDIT! GENERATED AUTOMATICALLY! */,' -e 1G -n -e 'w unitypes.h-t' ./unitypes.in.h
sed \
      -e 's/@''GNULIB_GETCWD''@/1/g' \
      -e 's/@''GNULIB_GETDOMAINNAME''@/0/g' \
      -e 's/@''GNULIB_GETDTABLESIZE''@/1/g' \
      -e 's/@''GNULIB_GETENTROPY''@/0/g' \
      -e 's/@''GNULIB_GETGROUPS''@/0/g' \
      -e 's/@''GNULIB_GETHOSTNAME''@/0/g' \
      -e 's/@''GNULIB_GETLOGIN''@/0/g' \
      -e 's/@''GNULIB_GETLOGIN_R''@/1/g' \
      -e 's/@''GNULIB_GETOPT_POSIX''@/1/g' \
      -e 's/@''GNULIB_GETPAGESIZE''@/0/g' \
      -e 's/@''GNULIB_GETPASS''@/0/g' \
      -e 's/@''GNULIB_GETPASS_GNU''@/0/g' \
      -e 's/@''GNULIB_GETUSERSHELL''@/0/g' \
      -e 's/@''GNULIB_GROUP_MEMBER''@/0/g' \
      -e 's/@''GNULIB_ISATTY''@/0/g' \
      -e 's/@''GNULIB_LCHOWN''@/0/g' \
      -e 's/@''GNULIB_LINK''@/0/g' \
      -e 's/@''GNULIB_LINKAT''@/0/g' \
      -e 's/@''GNULIB_LSEEK''@/0/g' \
      -e 's/@''GNULIB_PIPE''@/1/g' \
      -e 's/@''GNULIB_PIPE2''@/0/g' \
      -e 's/@''GNULIB_PREAD''@/0/g' \
      -e 's/@''GNULIB_PWRITE''@/0/g' \
      -e 's/@''GNULIB_READ''@/0/g' \
      -e 's/@''GNULIB_READLINK''@/1/g' \
      -e 's/@''GNULIB_READLINKAT''@/0/g' \
      -e 's/@''GNULIB_RMDIR''@/0/g' \
      -e 's/@''GNULIB_SETHOSTNAME''@/0/g' \
      -e 's/@''GNULIB_SLEEP''@/0/g' \
      -e 's/@''GNULIB_SYMLINK''@/0/g' \
      -e 's/@''GNULIB_SYMLINKAT''@/0/g' \
      -e 's/@''GNULIB_TRUNCATE''@/0/g' \
      -e 's/@''GNULIB_TTYNAME_R''@/0/g' \
      -e 's/@''GNULIB_UNISTD_H_GETOPT''@/00/g' \
      -e 's/@''GNULIB_UNISTD_H_NONBLOCKING''@/0/g' \
      -e 's/@''GNULIB_UNISTD_H_SIGPIPE''@/0/g' \
      -e 's/@''GNULIB_UNLINK''@/0/g' \
      -e 's/@''GNULIB_UNLINKAT''@/0/g' \
      -e 's/@''GNULIB_USLEEP''@/0/g' \
      -e 's/@''GNULIB_WRITE''@/0/g' \
      -e 's/@''GNULIB_MDA_ACCESS''@/1/g' \
      -e 's/@''GNULIB_MDA_CHDIR''@/1/g' \
      -e 's/@''GNULIB_MDA_CLOSE''@/1/g' \
      -e 's/@''GNULIB_MDA_DUP''@/1/g' \
      -e 's/@''GNULIB_MDA_DUP2''@/1/g' \
      -e 's/@''GNULIB_MDA_EXECL''@/1/g' \
      -e 's/@''GNULIB_MDA_EXECLE''@/1/g' \
      -e 's/@''GNULIB_MDA_EXECLP''@/1/g' \
      -e 's/@''GNULIB_MDA_EXECV''@/1/g' \
      -e 's/@''GNULIB_MDA_EXECVE''@/1/g' \
      -e 's/@''GNULIB_MDA_EXECVP''@/1/g' \
      -e 's/@''GNULIB_MDA_EXECVPE''@/1/g' \
      -e 's/@''GNULIB_MDA_GETCWD''@/1/g' \
      -e 's/@''GNULIB_MDA_GETPID''@/1/g' \
      -e 's/@''GNULIB_MDA_ISATTY''@/1/g' \
      -e 's/@''GNULIB_MDA_LSEEK''@/1/g' \
      -e 's/@''GNULIB_MDA_READ''@/1/g' \
      -e 's/@''GNULIB_MDA_RMDIR''@/1/g' \
      -e 's/@''GNULIB_MDA_SWAB''@/1/g' \
      -e 's/@''GNULIB_MDA_UNLINK''@/1/g' \
      -e 's/@''GNULIB_MDA_WRITE''@/1/g' \
      < unistd.h-t1 > unistd.h-t2
sed -e 1h -e '1s,.*,/* DO NOT EDIT! GENERATED AUTOMATICALLY! */,' -e 1G -n -e 'w uniwidth.h-t' ./uniwidth.in.h
mv unitypes.h-t unitypes.h
sed \
      -e 's/@''GNULIB_UNICTYPE_PROPERTY_ID_START_DLL_VARIABLE''@/LIBUNISTRING_DLL_VARIABLE/g' \
      -e 's/@''GNULIB_UNICTYPE_PROPERTY_OTHER_ID_START_DLL_VARIABLE''@/LIBUNISTRING_DLL_VARIABLE/g' \
      -e 's/@''GNULIB_UNICTYPE_PROPERTY_ID_CONTINUE_DLL_VARIABLE''@/LIBUNISTRING_DLL_VARIABLE/g' \
      -e 's/@''GNULIB_UNICTYPE_PROPERTY_OTHER_ID_CONTINUE_DLL_VARIABLE''@/LIBUNISTRING_DLL_VARIABLE/g' \
      -e 's/@''GNULIB_UNICTYPE_PROPERTY_XID_START_DLL_VARIABLE''@/LIBUNISTRING_DLL_VARIABLE/g' \
      -e 's/@''GNULIB_UNICTYPE_PROPERTY_XID_CONTINUE_DLL_VARIABLE''@/LIBUNISTRING_DLL_VARIABLE/g' \
      -e 's/@''GNULIB_UNICTYPE_PROPERTY_ID_COMPAT_MATH_START_DLL_VARIABLE''@/LIBUNISTRING_DLL_VARIABLE/g' \
      -e 's/@''GNULIB_UNICTYPE_PROPERTY_ID_COMPAT_MATH_CONTINUE_DLL_VARIABLE''@/LIBUNISTRING_DLL_VARIABLE/g' \
      -e 's/@''GNULIB_UNICTYPE_PROPERTY_PATTERN_WHITE_SPACE_DLL_VARIABLE''@/LIBUNISTRING_DLL_VARIABLE/g' \
      -e 's/@''GNULIB_UNICTYPE_PROPERTY_PATTERN_SYNTAX_DLL_VARIABLE''@/LIBUNISTRING_DLL_VARIABLE/g' \
      -e 's/@''GNULIB_UNICTYPE_PROPERTY_JOIN_CONTROL_DLL_VARIABLE''@/LIBUNISTRING_DLL_VARIABLE/g' \
      -e 's/@''GNULIB_UNICTYPE_PROPERTY_GRAPHEME_BASE_DLL_VARIABLE''@/LIBUNISTRING_DLL_VARIABLE/g' \
      -e 's/@''GNULIB_UNICTYPE_PROPERTY_GRAPHEME_EXTEND_DLL_VARIABLE''@/LIBUNISTRING_DLL_VARIABLE/g' \
      -e 's/@''GNULIB_UNICTYPE_PROPERTY_OTHER_GRAPHEME_EXTEND_DLL_VARIABLE''@/LIBUNISTRING_DLL_VARIABLE/g' \
      -e 's/@''GNULIB_UNICTYPE_PROPERTY_GRAPHEME_LINK_DLL_VARIABLE''@/LIBUNISTRING_DLL_VARIABLE/g' \
      -e 's/@''GNULIB_UNICTYPE_PROPERTY_BIDI_CONTROL_DLL_VARIABLE''@/LIBUNISTRING_DLL_VARIABLE/g' \
      -e 's/@''GNULIB_UNICTYPE_PROPERTY_BIDI_LEFT_TO_RIGHT_DLL_VARIABLE''@/LIBUNISTRING_DLL_VARIABLE/g' \
      -e 's/@''GNULIB_UNICTYPE_PROPERTY_BIDI_HEBREW_RIGHT_TO_LEFT_DLL_VARIABLE''@/LIBUNISTRING_DLL_VARIABLE/g' \
      -e 's/@''GNULIB_UNICTYPE_PROPERTY_BIDI_ARABIC_RIGHT_TO_LEFT_DLL_VARIABLE''@/LIBUNISTRING_DLL_VARIABLE/g' \
      -e 's/@''GNULIB_UNICTYPE_PROPERTY_BIDI_EUROPEAN_DIGIT_DLL_VARIABLE''@/LIBUNISTRING_DLL_VARIABLE/g' \
      -e 's/@''GNULIB_UNICTYPE_PROPERTY_BIDI_EUR_NUM_SEPARATOR_DLL_VARIABLE''@/LIBUNISTRING_DLL_VARIABLE/g' \
      -e 's/@''GNULIB_UNICTYPE_PROPERTY_BIDI_EUR_NUM_TERMINATOR_DLL_VARIABLE''@/LIBUNISTRING_DLL_VARIABLE/g' \
      -e 's/@''GNULIB_UNICTYPE_PROPERTY_BIDI_ARABIC_DIGIT_DLL_VARIABLE''@/LIBUNISTRING_DLL_VARIABLE/g' \
      -e 's/@''GNULIB_UNICTYPE_PROPERTY_BIDI_COMMON_SEPARATOR_DLL_VARIABLE''@/LIBUNISTRING_DLL_VARIABLE/g' \
      -e 's/@''GNULIB_UNICTYPE_PROPERTY_BIDI_BLOCK_SEPARATOR_DLL_VARIABLE''@/LIBUNISTRING_DLL_VARIABLE/g' \
      -e 's/@''GNULIB_UNICTYPE_PROPERTY_BIDI_SEGMENT_SEPARATOR_DLL_VARIABLE''@/LIBUNISTRING_DLL_VARIABLE/g' \
      -e 's/@''GNULIB_UNICTYPE_PROPERTY_BIDI_WHITESPACE_DLL_VARIABLE''@/LIBUNISTRING_DLL_VARIABLE/g' \
      -e 's/@''GNULIB_UNICTYPE_PROPERTY_BIDI_NON_SPACING_MARK_DLL_VARIABLE''@/LIBUNISTRING_DLL_VARIABLE/g' \
      -e 's/@''GNULIB_UNICTYPE_PROPERTY_BIDI_BOUNDARY_NEUTRAL_DLL_VARIABLE''@/LIBUNISTRING_DLL_VARIABLE/g' \
      -e 's/@''GNULIB_UNICTYPE_PROPERTY_BIDI_PDF_DLL_VARIABLE''@/LIBUNISTRING_DLL_VARIABLE/g' \
      -e 's/@''GNULIB_UNICTYPE_PROPERTY_BIDI_EMBEDDING_OR_OVERRIDE_DLL_VARIABLE''@/LIBUNISTRING_DLL_VARIABLE/g' \
      -e 's/@''GNULIB_UNICTYPE_PROPERTY_BIDI_OTHER_NEUTRAL_DLL_VARIABLE''@/LIBUNISTRING_DLL_VARIABLE/g' \
      < unictype.h-t2 > unictype.h-t3
mv uniwidth.h-t uniwidth.h
sed -e 1h -e '1s,.*,/* DO NOT EDIT! GENERATED AUTOMATICALLY! */,' -e 1G \
      -e 's|@''GUARD_PREFIX''@|GL|g' \
      -e 's/@''HAVE_UTIME_H''@/1/g' \
      -e 's|@''INCLUDE_NEXT''@|include_next|g' \
      -e 's|@''PRAGMA_SYSTEM_HEADER''@|#pragma GCC system_header|g' \
      -e 's|@''PRAGMA_COLUMNS''@||g' \
      -e 's|@''NEXT_UTIME_H''@|<utime.h>|g' \
      -e 's/@''GNULIB_UTIME''@/1/g' \
      -e 's/@''GNULIB_MDA_UTIME''@/1/g' \
      -e 's|@''HAVE_UTIME''@|1|g' \
      -e 's|@''REPLACE_UTIME''@|0|g' \
      -e '/definitions of _GL_FUNCDECL_RPL/r ./c++defs.h' \
      -e '/definition of _GL_ARG_NONNULL/r ./arg-nonnull.h' \
      -e '/definition of _GL_WARN_ON_USE/r ./warn-on-use.h' \
      ./utime.in.h > utime.h-t
sed -e 1h -e '1s,.*,/* DO NOT EDIT! GENERATED AUTOMATICALLY! */,' -e 1G \
      -e 's|@''GUARD_PREFIX''@|GL|g' \
      -e 's|@''INCLUDE_NEXT''@|include_next|g' \
      -e 's|@''PRAGMA_SYSTEM_HEADER''@|#pragma GCC system_header|g' \
      -e 's|@''PRAGMA_COLUMNS''@||g' \
      -e 's|@''HAVE_FEATURES_H''@|1|g' \
      -e 's|@''NEXT_WCHAR_H''@|<wchar.h>|g' \
      -e 's|@''HAVE_WCHAR_H''@|1|g' \
      -e 's/@''HAVE_CRTDEFS_H''@/0/g' \
      -e 's/@''GNULIBHEADERS_OVERRIDE_WINT_T''@/0/g' \
      -e 's/@''GNULIB_BTOWC''@/1/g' \
      -e 's/@''GNULIB_WCTOB''@/0/g' \
      -e 's/@''GNULIB_MBSINIT''@/1/g' \
      -e 's/@''GNULIB_MBSZERO''@/1/g' \
      -e 's/@''GNULIB_MBRTOWC''@/1/g' \
      -e 's/@''GNULIB_MBRLEN''@/0/g' \
      -e 's/@''GNULIB_MBSRTOWCS''@/1/g' \
      -e 's/@''GNULIB_MBSNRTOWCS''@/0/g' \
      -e 's/@''GNULIB_WCRTOMB''@/1/g' \
      -e 's/@''GNULIB_WCSRTOMBS''@/0/g' \
      -e 's/@''GNULIB_WCSNRTOMBS''@/0/g' \
      -e 's/@''GNULIB_WCWIDTH''@/1/g' \
      -e 's/@''GNULIB_WMEMCHR''@/1/g' \
      -e 's/@''GNULIB_WMEMCMP''@/0/g' \
      -e 's/@''GNULIB_WMEMCPY''@/0/g' \
      -e 's/@''GNULIB_WMEMMOVE''@/0/g' \
      -e 's/@''GNULIB_WMEMPCPY''@/1/g' \
      -e 's/@''GNULIB_WMEMSET''@/0/g' \
      -e 's/@''GNULIB_WCSLEN''@/0/g' \
      -e 's/@''GNULIB_WCSNLEN''@/0/g' \
      -e 's/@''GNULIB_WCSCPY''@/0/g' \
      -e 's/@''GNULIB_WCPCPY''@/0/g' \
      -e 's/@''GNULIB_WCSNCPY''@/0/g' \
      -e 's/@''GNULIB_WCPNCPY''@/0/g' \
      -e 's/@''GNULIB_WCSCAT''@/0/g' \
      -e 's/@''GNULIB_WCSNCAT''@/0/g' \
      -e 's/@''GNULIB_WCSCMP''@/0/g' \
      -e 's/@''GNULIB_WCSNCMP''@/0/g' \
      -e 's/@''GNULIB_WCSCASECMP''@/0/g' \
      -e 's/@''GNULIB_WCSNCASECMP''@/0/g' \
      -e 's/@''GNULIB_WCSCOLL''@/0/g' \
      -e 's/@''GNULIB_WCSXFRM''@/0/g' \
      -e 's/@''GNULIB_WCSDUP''@/0/g' \
      -e 's/@''GNULIB_WCSCHR''@/0/g' \
      -e 's/@''GNULIB_WCSRCHR''@/0/g' \
      -e 's/@''GNULIB_WCSCSPN''@/0/g' \
      -e 's/@''GNULIB_WCSSPN''@/0/g' \
      -e 's/@''GNULIB_WCSPBRK''@/0/g' \
      -e 's/@''GNULIB_WCSSTR''@/0/g' \
      -e 's/@''GNULIB_WCSTOK''@/0/g' \
      -e 's/@''GNULIB_WCSWIDTH''@/0/g' \
      -e 's/@''GNULIB_WCSFTIME''@/0/g' \
      -e 's/@''GNULIB_WGETCWD''@/0/g' \
      -e 's/@''GNULIB_MDA_WCSDUP''@/1/g' \
      -e 's/@''GNULIB_FREE_POSIX''@/1/g' \
      < ./wchar.in.h > wchar.h-t1
mv utime.h-t utime.h
sed -e 1h -e '1s,.*,/* DO NOT EDIT! GENERATED AUTOMATICALLY! */,' -e 1G \
      -e 's|@''GUARD_PREFIX''@|GL|g' \
      -e 's/@''HAVE_WCTYPE_H''@/1/g' \
      -e 's|@''INCLUDE_NEXT''@|include_next|g' \
      -e 's|@''PRAGMA_SYSTEM_HEADER''@|#pragma GCC system_header|g' \
      -e 's|@''PRAGMA_COLUMNS''@||g' \
      -e 's|@''NEXT_WCTYPE_H''@|<wctype.h>|g' \
      -e 's/@''HAVE_CRTDEFS_H''@/0/g' \
      -e 's/@''GNULIBHEADERS_OVERRIDE_WINT_T''@/0/g' \
      -e 's/@''GNULIB_ISWBLANK''@/1/g' \
      -e 's/@''GNULIB_ISWDIGIT''@/1/g' \
      -e 's/@''GNULIB_ISWPUNCT''@/1/g' \
      -e 's/@''GNULIB_ISWXDIGIT''@/1/g' \
      -e 's/@''GNULIB_WCTYPE''@/1/g' \
      -e 's/@''GNULIB_ISWCTYPE''@/1/g' \
      -e 's/@''GNULIB_WCTRANS''@/0/g' \
      -e 's/@''GNULIB_TOWCTRANS''@/0/g' \
      -e 's/@''HAVE_ISWBLANK''@/1/g' \
      -e 's/@''HAVE_ISWCNTRL''@/1/g' \
      -e 's/@''HAVE_WCTYPE_T''@/1/g' \
      -e 's/@''HAVE_WCTRANS_T''@/1/g' \
      -e 's/@''HAVE_WINT_T''@/1/g' \
      -e 's/@''REPLACE_ISWBLANK''@/0/g' \
      -e 's/@''REPLACE_ISWDIGIT''@/0/g' \
      -e 's/@''REPLACE_ISWPUNCT''@/0/g' \
      -e 's/@''REPLACE_ISWXDIGIT''@/0/g' \
      -e 's/@''REPLACE_ISWCNTRL''@/0/g' \
      -e 's/@''REPLACE_TOWLOWER''@/0/g' \
      -e 's/@''REPLACE_WCTRANS''@/0/g' \
      -e 's/@''REPLACE_WCTYPE''@/0/g' \
      -e '/definitions of _GL_FUNCDECL_RPL/r ./c++defs.h' \
      -e '/definition of _GL_ARG_NONNULL/r ./arg-nonnull.h' \
      -e '/definition of _GL_WARN_ON_USE/r ./warn-on-use.h' \
      ./wctype.in.h > wctype.h-t
sed \
      -e 's/@''GNULIB_UNICTYPE_PROPERTY_HEX_DIGIT_DLL_VARIABLE''@/LIBUNISTRING_DLL_VARIABLE/g' \
      -e 's/@''GNULIB_UNICTYPE_PROPERTY_ASCII_HEX_DIGIT_DLL_VARIABLE''@/LIBUNISTRING_DLL_VARIABLE/g' \
      -e 's/@''GNULIB_UNICTYPE_PROPERTY_IDEOGRAPHIC_DLL_VARIABLE''@/LIBUNISTRING_DLL_VARIABLE/g' \
      -e 's/@''GNULIB_UNICTYPE_PROPERTY_UNIFIED_IDEOGRAPH_DLL_VARIABLE''@/LIBUNISTRING_DLL_VARIABLE/g' \
      -e 's/@''GNULIB_UNICTYPE_PROPERTY_RADICAL_DLL_VARIABLE''@/LIBUNISTRING_DLL_VARIABLE/g' \
      -e 's/@''GNULIB_UNICTYPE_PROPERTY_IDS_UNARY_OPERATOR_DLL_VARIABLE''@/LIBUNISTRING_DLL_VARIABLE/g' \
      -e 's/@''GNULIB_UNICTYPE_PROPERTY_IDS_BINARY_OPERATOR_DLL_VARIABLE''@/LIBUNISTRING_DLL_VARIABLE/g' \
      -e 's/@''GNULIB_UNICTYPE_PROPERTY_IDS_TRINARY_OPERATOR_DLL_VARIABLE''@/LIBUNISTRING_DLL_VARIABLE/g' \
      -e 's/@''GNULIB_UNICTYPE_PROPERTY_EMOJI_DLL_VARIABLE''@/LIBUNISTRING_DLL_VARIABLE/g' \
      -e 's/@''GNULIB_UNICTYPE_PROPERTY_EMOJI_PRESENTATION_DLL_VARIABLE''@/LIBUNISTRING_DLL_VARIABLE/g' \
      -e 's/@''GNULIB_UNICTYPE_PROPERTY_EMOJI_MODIFIER_DLL_VARIABLE''@/LIBUNISTRING_DLL_VARIABLE/g' \
      -e 's/@''GNULIB_UNICTYPE_PROPERTY_EMOJI_MODIFIER_BASE_DLL_VARIABLE''@/LIBUNISTRING_DLL_VARIABLE/g' \
      -e 's/@''GNULIB_UNICTYPE_PROPERTY_EMOJI_COMPONENT_DLL_VARIABLE''@/LIBUNISTRING_DLL_VARIABLE/g' \
      -e 's/@''GNULIB_UNICTYPE_PROPERTY_EXTENDED_PICTOGRAPHIC_DLL_VARIABLE''@/LIBUNISTRING_DLL_VARIABLE/g' \
      -e 's/@''GNULIB_UNICTYPE_PROPERTY_ZERO_WIDTH_DLL_VARIABLE''@/LIBUNISTRING_DLL_VARIABLE/g' \
      -e 's/@''GNULIB_UNICTYPE_PROPERTY_SPACE_DLL_VARIABLE''@/LIBUNISTRING_DLL_VARIABLE/g' \
      -e 's/@''GNULIB_UNICTYPE_PROPERTY_NON_BREAK_DLL_VARIABLE''@/LIBUNISTRING_DLL_VARIABLE/g' \
      -e 's/@''GNULIB_UNICTYPE_PROPERTY_ISO_CONTROL_DLL_VARIABLE''@/LIBUNISTRING_DLL_VARIABLE/g' \
      -e 's/@''GNULIB_UNICTYPE_PROPERTY_FORMAT_CONTROL_DLL_VARIABLE''@/LIBUNISTRING_DLL_VARIABLE/g' \
      -e 's/@''GNULIB_UNICTYPE_PROPERTY_PREPENDED_CONCATENATION_MARK_DLL_VARIABLE''@/LIBUNISTRING_DLL_VARIABLE/g' \
      -e 's/@''GNULIB_UNICTYPE_PROPERTY_DASH_DLL_VARIABLE''@/LIBUNISTRING_DLL_VARIABLE/g' \
      -e 's/@''GNULIB_UNICTYPE_PROPERTY_HYPHEN_DLL_VARIABLE''@/LIBUNISTRING_DLL_VARIABLE/g' \
      -e 's/@''GNULIB_UNICTYPE_PROPERTY_PUNCTUATION_DLL_VARIABLE''@/LIBUNISTRING_DLL_VARIABLE/g' \
      -e 's/@''GNULIB_UNICTYPE_PROPERTY_LINE_SEPARATOR_DLL_VARIABLE''@/LIBUNISTRING_DLL_VARIABLE/g' \
      -e 's/@''GNULIB_UNICTYPE_PROPERTY_PARAGRAPH_SEPARATOR_DLL_VARIABLE''@/LIBUNISTRING_DLL_VARIABLE/g' \
      -e 's/@''GNULIB_UNICTYPE_PROPERTY_QUOTATION_MARK_DLL_VARIABLE''@/LIBUNISTRING_DLL_VARIABLE/g' \
      -e 's/@''GNULIB_UNICTYPE_PROPERTY_SENTENCE_TERMINAL_DLL_VARIABLE''@/LIBUNISTRING_DLL_VARIABLE/g' \
      -e 's/@''GNULIB_UNICTYPE_PROPERTY_TERMINAL_PUNCTUATION_DLL_VARIABLE''@/LIBUNISTRING_DLL_VARIABLE/g' \
      -e 's/@''GNULIB_UNICTYPE_PROPERTY_CURRENCY_SYMBOL_DLL_VARIABLE''@/LIBUNISTRING_DLL_VARIABLE/g' \
      -e 's/@''GNULIB_UNICTYPE_PROPERTY_MATH_DLL_VARIABLE''@/LIBUNISTRING_DLL_VARIABLE/g' \
      -e 's/@''GNULIB_UNICTYPE_PROPERTY_OTHER_MATH_DLL_VARIABLE''@/LIBUNISTRING_DLL_VARIABLE/g' \
      -e 's/@''GNULIB_UNICTYPE_PROPERTY_PAIRED_PUNCTUATION_DLL_VARIABLE''@/LIBUNISTRING_DLL_VARIABLE/g' \
      -e 's/@''GNULIB_UNICTYPE_PROPERTY_LEFT_OF_PAIR_DLL_VARIABLE''@/LIBUNISTRING_DLL_VARIABLE/g' \
      -e 's/@''GNULIB_UNICTYPE_PROPERTY_COMBINING_DLL_VARIABLE''@/LIBUNISTRING_DLL_VARIABLE/g' \
      -e 's/@''GNULIB_UNICTYPE_PROPERTY_COMPOSITE_DLL_VARIABLE''@/LIBUNISTRING_DLL_VARIABLE/g' \
      -e 's/@''GNULIB_UNICTYPE_PROPERTY_DECIMAL_DIGIT_DLL_VARIABLE''@/LIBUNISTRING_DLL_VARIABLE/g' \
      -e 's/@''GNULIB_UNICTYPE_PROPERTY_NUMERIC_DLL_VARIABLE''@/LIBUNISTRING_DLL_VARIABLE/g' \
      -e 's/@''GNULIB_UNICTYPE_PROPERTY_DIACRITIC_DLL_VARIABLE''@/LIBUNISTRING_DLL_VARIABLE/g' \
      -e 's/@''GNULIB_UNICTYPE_PROPERTY_EXTENDER_DLL_VARIABLE''@/LIBUNISTRING_DLL_VARIABLE/g' \
      -e 's/@''GNULIB_UNICTYPE_PROPERTY_IGNORABLE_CONTROL_DLL_VARIABLE''@/LIBUNISTRING_DLL_VARIABLE/g' \
      -e 's/@''GNULIB_UNICTYPE_PROPERTY_REGIONAL_INDICATOR_DLL_VARIABLE''@/LIBUNISTRING_DLL_VARIABLE/g' \
      < unictype.h-t3 > unictype.h-t4
sed \
      -e 's|@''HAVE_CHOWN''@|1|g' \
      -e 's|@''HAVE_COPY_FILE_RANGE''@|1|g' \
      -e 's|@''HAVE_DUP3''@|1|g' \
      -e 's|@''HAVE_EUIDACCESS''@|1|g' \
      -e 's|@''HAVE_EXECVPE''@|1|g' \
      -e 's|@''HAVE_FACCESSAT''@|1|g' \
      -e 's|@''HAVE_FCHDIR''@|1|g' \
      -e 's|@''HAVE_FCHOWNAT''@|1|g' \
      -e 's|@''HAVE_FDATASYNC''@|1|g' \
      -e 's|@''HAVE_FSYNC''@|1|g' \
      -e 's|@''HAVE_FTRUNCATE''@|1|g' \
      -e 's|@''HAVE_GETDTABLESIZE''@|1|g' \
      -e 's|@''HAVE_GETENTROPY''@|1|g' \
      -e 's|@''HAVE_GETGROUPS''@|1|g' \
      -e 's|@''HAVE_GETHOSTNAME''@|1|g' \
      -e 's|@''HAVE_GETPAGESIZE''@|1|g' \
      -e 's|@''HAVE_GETPASS''@|1|g' \
      -e 's|@''HAVE_GROUP_MEMBER''@|1|g' \
      -e 's|@''HAVE_LCHOWN''@|1|g' \
      -e 's|@''HAVE_LINK''@|1|g' \
      -e 's|@''HAVE_LINKAT''@|1|g' \
      -e 's|@''HAVE_PIPE''@|1|g' \
      -e 's|@''HAVE_PIPE2''@|1|g' \
      -e 's|@''HAVE_PREAD''@|1|g' \
      -e 's|@''HAVE_PWRITE''@|1|g' \
      -e 's|@''HAVE_READLINK''@|1|g' \
      -e 's|@''HAVE_READLINKAT''@|1|g' \
      -e 's|@''HAVE_SETHOSTNAME''@|1|g' \
      -e 's|@''HAVE_SLEEP''@|1|g' \
      -e 's|@''HAVE_SYMLINK''@|1|g' \
      -e 's|@''HAVE_SYMLINKAT''@|1|g' \
      -e 's|@''HAVE_UNLINKAT''@|1|g' \
      -e 's|@''HAVE_USLEEP''@|1|g' \
      -e 's|@''HAVE_DECL_ENVIRON''@|1|g' \
      -e 's|@''HAVE_DECL_EXECVPE''@|1|g' \
      -e 's|@''HAVE_DECL_FCHDIR''@|1|g' \
      -e 's|@''HAVE_DECL_FDATASYNC''@|1|g' \
      -e 's|@''HAVE_DECL_GETDOMAINNAME''@|1|g' \
      -e 's|@''HAVE_DECL_GETLOGIN''@|1|g' \
      -e 's|@''HAVE_DECL_GETLOGIN_R''@|1|g' \
      -e 's|@''HAVE_DECL_GETPAGESIZE''@|1|g' \
      -e 's|@''HAVE_DECL_GETUSERSHELL''@|1|g' \
      -e 's|@''HAVE_DECL_SETHOSTNAME''@|1|g' \
      -e 's|@''HAVE_DECL_TRUNCATE''@|1|g' \
      -e 's|@''HAVE_DECL_TTYNAME_R''@|1|g' \
      -e 's|@''HAVE_OS_H''@|0|g' \
      -e 's|@''HAVE_SYS_PARAM_H''@|0|g' \
      < unistd.h-t2 > unistd.h-t3
sed \
      -e 's|@''HAVE_WINT_T''@|1|g' \
      -e 's|@''HAVE_BTOWC''@|1|g' \
      -e 's|@''HAVE_MBSINIT''@|1|g' \
      -e 's|@''HAVE_MBRTOWC''@|1|g' \
      -e 's|@''HAVE_MBRLEN''@|1|g' \
      -e 's|@''HAVE_MBSRTOWCS''@|1|g' \
      -e 's|@''HAVE_MBSNRTOWCS''@|1|g' \
      -e 's|@''HAVE_WCRTOMB''@|1|g' \
      -e 's|@''HAVE_WCSRTOMBS''@|1|g' \
      -e 's|@''HAVE_WCSNRTOMBS''@|1|g' \
      -e 's|@''HAVE_WMEMCHR''@|1|g' \
      -e 's|@''HAVE_WMEMCMP''@|1|g' \
      -e 's|@''HAVE_WMEMCPY''@|1|g' \
      -e 's|@''HAVE_WMEMMOVE''@|1|g' \
      -e 's|@''HAVE_WMEMPCPY''@|1|g' \
      -e 's|@''HAVE_WMEMSET''@|1|g' \
      -e 's|@''HAVE_WCSLEN''@|1|g' \
      -e 's|@''HAVE_WCSNLEN''@|1|g' \
      -e 's|@''HAVE_WCSCPY''@|1|g' \
      -e 's|@''HAVE_WCPCPY''@|1|g' \
      -e 's|@''HAVE_WCSNCPY''@|1|g' \
      -e 's|@''HAVE_WCPNCPY''@|1|g' \
      -e 's|@''HAVE_WCSCAT''@|1|g' \
      -e 's|@''HAVE_WCSNCAT''@|1|g' \
      -e 's|@''HAVE_WCSCMP''@|1|g' \
      -e 's|@''HAVE_WCSNCMP''@|1|g' \
      -e 's|@''HAVE_WCSCASECMP''@|1|g' \
      -e 's|@''HAVE_WCSNCASECMP''@|1|g' \
      -e 's|@''HAVE_WCSCOLL''@|1|g' \
      -e 's|@''HAVE_WCSXFRM''@|1|g' \
      -e 's|@''HAVE_WCSDUP''@|1|g' \
      -e 's|@''HAVE_WCSCHR''@|1|g' \
      -e 's|@''HAVE_WCSRCHR''@|1|g' \
      -e 's|@''HAVE_WCSCSPN''@|1|g' \
      -e 's|@''HAVE_WCSSPN''@|1|g' \
      -e 's|@''HAVE_WCSPBRK''@|1|g' \
      -e 's|@''HAVE_WCSSTR''@|1|g' \
      -e 's|@''HAVE_WCSTOK''@|1|g' \
      -e 's|@''HAVE_WCSWIDTH''@|1|g' \
      -e 's|@''HAVE_WCSFTIME''@|1|g' \
      -e 's|@''HAVE_DECL_WCTOB''@|1|g' \
      -e 's|@''HAVE_DECL_WCSDUP''@|1|g' \
      -e 's|@''HAVE_DECL_WCWIDTH''@|1|g' \
      < wchar.h-t1 > wchar.h-t2
mv wctype.h-t wctype.h
rm -f unictype.h-t1 unictype.h-t2 unictype.h-t3
sed \
      -e 's|@''REPLACE_ACCESS''@|0|g' \
      -e 's|@''REPLACE_CHOWN''@|0|g' \
      -e 's|@''REPLACE_CLOSE''@|0|g' \
      -e 's|@''REPLACE_COPY_FILE_RANGE''@|0|g' \
      -e 's|@''REPLACE_DUP''@|0|g' \
      -e 's|@''REPLACE_DUP2''@|0|g' \
      -e 's|@''REPLACE_DUP3''@|0|g' \
      -e 's|@''REPLACE_EXECL''@|0|g' \
      -e 's|@''REPLACE_EXECLE''@|0|g' \
      -e 's|@''REPLACE_EXECLP''@|0|g' \
      -e 's|@''REPLACE_EXECV''@|0|g' \
      -e 's|@''REPLACE_EXECVE''@|0|g' \
      -e 's|@''REPLACE_EXECVP''@|0|g' \
      -e 's|@''REPLACE_EXECVPE''@|0|g' \
      -e 's|@''REPLACE_FACCESSAT''@|0|g' \
      -e 's|@''REPLACE_FCHDIR''@|0|g' \
      -e 's|@''REPLACE_FCHOWNAT''@|0|g' \
      -e 's|@''REPLACE_FDATASYNC''@|0|g' \
      -e 's|@''REPLACE_FTRUNCATE''@|0|g' \
      -e 's|@''REPLACE_GETCWD''@|0|g' \
      -e 's|@''REPLACE_GETDOMAINNAME''@|0|g' \
      -e 's|@''REPLACE_GETDTABLESIZE''@|0|g' \
      -e 's|@''REPLACE_GETENTROPY''@|0|g' \
      -e 's|@''REPLACE_GETLOGIN_R''@|0|g' \
      -e 's|@''REPLACE_GETGROUPS''@|0|g' \
      -e 's|@''REPLACE_GETPAGESIZE''@|0|g' \
      -e 's|@''REPLACE_GETPASS''@|0|g' \
      -e 's|@''REPLACE_GETPASS_FOR_GETPASS_GNU''@|0|g' \
      -e 's|@''REPLACE_GETUSERSHELL''@|0|g' \
      -e 's|@''REPLACE_ISATTY''@|0|g' \
      -e 's|@''REPLACE_LCHOWN''@|0|g' \
      -e 's|@''REPLACE_LINK''@|0|g' \
      -e 's|@''REPLACE_LINKAT''@|0|g' \
      -e 's|@''REPLACE_LSEEK''@|0|g' \
      -e 's|@''REPLACE_PIPE2''@|0|g' \
      -e 's|@''REPLACE_PREAD''@|0|g' \
      -e 's|@''REPLACE_PWRITE''@|0|g' \
      -e 's|@''REPLACE_READ''@|0|g' \
      -e 's|@''REPLACE_READLINK''@|0|g' \
      -e 's|@''REPLACE_READLINKAT''@|0|g' \
      -e 's|@''REPLACE_RMDIR''@|0|g' \
      -e 's|@''REPLACE_SETHOSTNAME''@|0|g' \
      -e 's|@''REPLACE_SLEEP''@|0|g' \
      -e 's|@''REPLACE_SYMLINK''@|0|g' \
      -e 's|@''REPLACE_SYMLINKAT''@|0|g' \
      -e 's|@''REPLACE_TRUNCATE''@|0|g' \
      -e 's|@''REPLACE_TTYNAME_R''@|0|g' \
      -e 's|@''REPLACE_UNLINK''@|0|g' \
      -e 's|@''REPLACE_UNLINKAT''@|0|g' \
      -e 's|@''REPLACE_USLEEP''@|0|g' \
      -e 's|@''REPLACE_WRITE''@|0|g' \
      -e 's|@''UNISTD_H_HAVE_SYS_RANDOM_H''@|1|g' \
      -e 's|@''UNISTD_H_HAVE_WINSOCK2_H''@|0|g' \
      -e 's|@''UNISTD_H_HAVE_WINSOCK2_H_AND_USE_SOCKETS''@|0|g' \
      -e '/definitions of _GL_FUNCDECL_RPL/r ./c++defs.h' \
      -e '/definition of _GL_ARG_NONNULL/r ./arg-nonnull.h' \
      -e '/definition of _GL_WARN_ON_USE/r ./warn-on-use.h' \
      < unistd.h-t3 > unistd.h-t4
sed \
      -e 's|@''REPLACE_MBSTATE_T''@|0|g' \
      -e 's|@''REPLACE_BTOWC''@|1|g' \
      -e 's|@''REPLACE_WCTOB''@|0|g' \
      -e 's|@''REPLACE_FREE''@|0|g' \
      -e 's|@''REPLACE_MBSINIT''@|0|g' \
      -e 's|@''REPLACE_MBRTOWC''@|1|g' \
      -e 's|@''REPLACE_MBRLEN''@|0|g' \
      -e 's|@''REPLACE_MBSRTOWCS''@|1|g' \
      -e 's|@''REPLACE_MBSNRTOWCS''@|0|g' \
      -e 's|@''REPLACE_WCRTOMB''@|0|g' \
      -e 's|@''REPLACE_WCSRTOMBS''@|0|g' \
      -e 's|@''REPLACE_WCSNRTOMBS''@|0|g' \
      -e 's|@''REPLACE_WCWIDTH''@|0|g' \
      -e 's|@''REPLACE_WCSWIDTH''@|0|g' \
      -e 's|@''REPLACE_WCSFTIME''@|0|g' \
      -e 's|@''REPLACE_WCSCMP''@|0|g' \
      -e 's|@''REPLACE_WCSNCMP''@|0|g' \
      -e 's|@''REPLACE_WCSSTR''@|0|g' \
      -e 's|@''REPLACE_WCSTOK''@|0|g' \
      -e 's|@''REPLACE_WMEMCMP''@|0|g' \
      -e 's|@''REPLACE_WMEMPCPY''@|0|g' \
      -e '/definitions of _GL_FUNCDECL_RPL/r ./c++defs.h' \
      -e '/definition of _GL_ARG_NONNULL/r ./arg-nonnull.h' \
      -e '/definition of _GL_WARN_ON_USE/r ./warn-on-use.h' \
      < wchar.h-t2 > wchar.h-t3
mv unictype.h-t4 unictype.h
rm -f wchar.h-t1 wchar.h-t2
mv wchar.h-t3 wchar.h
rm -f unistd.h-t1 unistd.h-t2 unistd.h-t3
mv unistd.h-t4 unistd.h
make  all-recursive
make[3]: Entering directory '/var/tmp/pgb-poc/nano-8.2/lib'
make[4]: Entering directory '/var/tmp/pgb-poc/nano-8.2/lib'
/root/.local/state/pgb/bin/cc -DHAVE_CONFIG_H -I. -I..   -I/var/tmp/pgb-poc/prefix-nano/include -I/var/tmp/pgb-poc/prefix-nano/include/ncursesw  -Wno-cast-qual -Wno-conversion -Wno-float-equal -Wno-sign-compare -Wno-undef -Wno-unused-function -Wno-unused-parameter -Wno-float-conversion -Wimplicit-fallthrough -Wno-pedantic -Wno-sign-conversion -Wno-type-limits -Wno-unsuffixed-float-constants -g -O2 -Wall -MT libgnu_a-openat-proc.o -MD -MP -MF .deps/libgnu_a-openat-proc.Tpo -c -o libgnu_a-openat-proc.o `test -f 'openat-proc.c' || echo './'`openat-proc.c
/root/.local/state/pgb/bin/cc -DHAVE_CONFIG_H -I. -I..   -I/var/tmp/pgb-poc/prefix-nano/include -I/var/tmp/pgb-poc/prefix-nano/include/ncursesw  -Wno-cast-qual -Wno-conversion -Wno-float-equal -Wno-sign-compare -Wno-undef -Wno-unused-function -Wno-unused-parameter -Wno-float-conversion -Wimplicit-fallthrough -Wno-pedantic -Wno-sign-conversion -Wno-type-limits -Wno-unsuffixed-float-constants -g -O2 -Wall -MT libgnu_a-basename-lgpl.o -MD -MP -MF .deps/libgnu_a-basename-lgpl.Tpo -c -o libgnu_a-basename-lgpl.o `test -f 'basename-lgpl.c' || echo './'`basename-lgpl.c
/root/.local/state/pgb/bin/cc -DHAVE_CONFIG_H -I. -I..   -I/var/tmp/pgb-poc/prefix-nano/include -I/var/tmp/pgb-poc/prefix-nano/include/ncursesw  -Wno-cast-qual -Wno-conversion -Wno-float-equal -Wno-sign-compare -Wno-undef -Wno-unused-function -Wno-unused-parameter -Wno-float-conversion -Wimplicit-fallthrough -Wno-pedantic -Wno-sign-conversion -Wno-type-limits -Wno-unsuffixed-float-constants -g -O2 -Wall -MT libgnu_a-btoc32.o -MD -MP -MF .deps/libgnu_a-btoc32.Tpo -c -o libgnu_a-btoc32.o `test -f 'btoc32.c' || echo './'`btoc32.c
/root/.local/state/pgb/bin/cc -DHAVE_CONFIG_H -I. -I..   -I/var/tmp/pgb-poc/prefix-nano/include -I/var/tmp/pgb-poc/prefix-nano/include/ncursesw  -Wno-cast-qual -Wno-conversion -Wno-float-equal -Wno-sign-compare -Wno-undef -Wno-unused-function -Wno-unused-parameter -Wno-float-conversion -Wimplicit-fallthrough -Wno-pedantic -Wno-sign-conversion -Wno-type-limits -Wno-unsuffixed-float-constants -g -O2 -Wall -MT libgnu_a-btowc.o -MD -MP -MF .deps/libgnu_a-btowc.Tpo -c -o libgnu_a-btowc.o `test -f 'btowc.c' || echo './'`btowc.c
mv -f .deps/libgnu_a-btowc.Tpo .deps/libgnu_a-btowc.Po
/root/.local/state/pgb/bin/cc -DHAVE_CONFIG_H -I. -I..   -I/var/tmp/pgb-poc/prefix-nano/include -I/var/tmp/pgb-poc/prefix-nano/include/ncursesw  -Wno-cast-qual -Wno-conversion -Wno-float-equal -Wno-sign-compare -Wno-undef -Wno-unused-function -Wno-unused-parameter -Wno-float-conversion -Wimplicit-fallthrough -Wno-pedantic -Wno-sign-conversion -Wno-type-limits -Wno-unsuffixed-float-constants -g -O2 -Wall -MT libgnu_a-c32_apply_type_test.o -MD -MP -MF .deps/libgnu_a-c32_apply_type_test.Tpo -c -o libgnu_a-c32_apply_type_test.o `test -f 'c32_apply_type_test.c' || echo './'`c32_apply_type_test.c
mv -f .deps/libgnu_a-basename-lgpl.Tpo .deps/libgnu_a-basename-lgpl.Po
mv -f .deps/libgnu_a-openat-proc.Tpo .deps/libgnu_a-openat-proc.Po
/root/.local/state/pgb/bin/cc -DHAVE_CONFIG_H -I. -I..   -I/var/tmp/pgb-poc/prefix-nano/include -I/var/tmp/pgb-poc/prefix-nano/include/ncursesw  -Wno-cast-qual -Wno-conversion -Wno-float-equal -Wno-sign-compare -Wno-undef -Wno-unused-function -Wno-unused-parameter -Wno-float-conversion -Wimplicit-fallthrough -Wno-pedantic -Wno-sign-conversion -Wno-type-limits -Wno-unsuffixed-float-constants -g -O2 -Wall -MT libgnu_a-c32_get_type_test.o -MD -MP -MF .deps/libgnu_a-c32_get_type_test.Tpo -c -o libgnu_a-c32_get_type_test.o `test -f 'c32_get_type_test.c' || echo './'`c32_get_type_test.c
mv -f .deps/libgnu_a-btoc32.Tpo .deps/libgnu_a-btoc32.Po
/root/.local/state/pgb/bin/cc -DHAVE_CONFIG_H -I. -I..   -I/var/tmp/pgb-poc/prefix-nano/include -I/var/tmp/pgb-poc/prefix-nano/include/ncursesw  -Wno-cast-qual -Wno-conversion -Wno-float-equal -Wno-sign-compare -Wno-undef -Wno-unused-function -Wno-unused-parameter -Wno-float-conversion -Wimplicit-fallthrough -Wno-pedantic -Wno-sign-conversion -Wno-type-limits -Wno-unsuffixed-float-constants -g -O2 -Wall -MT libgnu_a-c32isalnum.o -MD -MP -MF .deps/libgnu_a-c32isalnum.Tpo -c -o libgnu_a-c32isalnum.o `test -f 'c32isalnum.c' || echo './'`c32isalnum.c
/root/.local/state/pgb/bin/cc -DHAVE_CONFIG_H -I. -I..   -I/var/tmp/pgb-poc/prefix-nano/include -I/var/tmp/pgb-poc/prefix-nano/include/ncursesw  -Wno-cast-qual -Wno-conversion -Wno-float-equal -Wno-sign-compare -Wno-undef -Wno-unused-function -Wno-unused-parameter -Wno-float-conversion -Wimplicit-fallthrough -Wno-pedantic -Wno-sign-conversion -Wno-type-limits -Wno-unsuffixed-float-constants -g -O2 -Wall -MT libgnu_a-c32isalpha.o -MD -MP -MF .deps/libgnu_a-c32isalpha.Tpo -c -o libgnu_a-c32isalpha.o `test -f 'c32isalpha.c' || echo './'`c32isalpha.c
mv -f .deps/libgnu_a-c32_apply_type_test.Tpo .deps/libgnu_a-c32_apply_type_test.Po
/root/.local/state/pgb/bin/cc -DHAVE_CONFIG_H -I. -I..   -I/var/tmp/pgb-poc/prefix-nano/include -I/var/tmp/pgb-poc/prefix-nano/include/ncursesw  -Wno-cast-qual -Wno-conversion -Wno-float-equal -Wno-sign-compare -Wno-undef -Wno-unused-function -Wno-unused-parameter -Wno-float-conversion -Wimplicit-fallthrough -Wno-pedantic -Wno-sign-conversion -Wno-type-limits -Wno-unsuffixed-float-constants -g -O2 -Wall -MT libgnu_a-c32isblank.o -MD -MP -MF .deps/libgnu_a-c32isblank.Tpo -c -o libgnu_a-c32isblank.o `test -f 'c32isblank.c' || echo './'`c32isblank.c
mv -f .deps/libgnu_a-c32isalnum.Tpo .deps/libgnu_a-c32isalnum.Po
/root/.local/state/pgb/bin/cc -DHAVE_CONFIG_H -I. -I..   -I/var/tmp/pgb-poc/prefix-nano/include -I/var/tmp/pgb-poc/prefix-nano/include/ncursesw  -Wno-cast-qual -Wno-conversion -Wno-float-equal -Wno-sign-compare -Wno-undef -Wno-unused-function -Wno-unused-parameter -Wno-float-conversion -Wimplicit-fallthrough -Wno-pedantic -Wno-sign-conversion -Wno-type-limits -Wno-unsuffixed-float-constants -g -O2 -Wall -MT libgnu_a-c32iscntrl.o -MD -MP -MF .deps/libgnu_a-c32iscntrl.Tpo -c -o libgnu_a-c32iscntrl.o `test -f 'c32iscntrl.c' || echo './'`c32iscntrl.c
mv -f .deps/libgnu_a-c32_get_type_test.Tpo .deps/libgnu_a-c32_get_type_test.Po
/root/.local/state/pgb/bin/cc -DHAVE_CONFIG_H -I. -I..   -I/var/tmp/pgb-poc/prefix-nano/include -I/var/tmp/pgb-poc/prefix-nano/include/ncursesw  -Wno-cast-qual -Wno-conversion -Wno-float-equal -Wno-sign-compare -Wno-undef -Wno-unused-function -Wno-unused-parameter -Wno-float-conversion -Wimplicit-fallthrough -Wno-pedantic -Wno-sign-conversion -Wno-type-limits -Wno-unsuffixed-float-constants -g -O2 -Wall -MT libgnu_a-c32isdigit.o -MD -MP -MF .deps/libgnu_a-c32isdigit.Tpo -c -o libgnu_a-c32isdigit.o `test -f 'c32isdigit.c' || echo './'`c32isdigit.c
mv -f .deps/libgnu_a-c32isalpha.Tpo .deps/libgnu_a-c32isalpha.Po
/root/.local/state/pgb/bin/cc -DHAVE_CONFIG_H -I. -I..   -I/var/tmp/pgb-poc/prefix-nano/include -I/var/tmp/pgb-poc/prefix-nano/include/ncursesw  -Wno-cast-qual -Wno-conversion -Wno-float-equal -Wno-sign-compare -Wno-undef -Wno-unused-function -Wno-unused-parameter -Wno-float-conversion -Wimplicit-fallthrough -Wno-pedantic -Wno-sign-conversion -Wno-type-limits -Wno-unsuffixed-float-constants -g -O2 -Wall -MT libgnu_a-c32isgraph.o -MD -MP -MF .deps/libgnu_a-c32isgraph.Tpo -c -o libgnu_a-c32isgraph.o `test -f 'c32isgraph.c' || echo './'`c32isgraph.c
mv -f .deps/libgnu_a-c32isblank.Tpo .deps/libgnu_a-c32isblank.Po
/root/.local/state/pgb/bin/cc -DHAVE_CONFIG_H -I. -I..   -I/var/tmp/pgb-poc/prefix-nano/include -I/var/tmp/pgb-poc/prefix-nano/include/ncursesw  -Wno-cast-qual -Wno-conversion -Wno-float-equal -Wno-sign-compare -Wno-undef -Wno-unused-function -Wno-unused-parameter -Wno-float-conversion -Wimplicit-fallthrough -Wno-pedantic -Wno-sign-conversion -Wno-type-limits -Wno-unsuffixed-float-constants -g -O2 -Wall -MT libgnu_a-c32islower.o -MD -MP -MF .deps/libgnu_a-c32islower.Tpo -c -o libgnu_a-c32islower.o `test -f 'c32islower.c' || echo './'`c32islower.c
mv -f .deps/libgnu_a-c32iscntrl.Tpo .deps/libgnu_a-c32iscntrl.Po
mv -f .deps/libgnu_a-c32isdigit.Tpo .deps/libgnu_a-c32isdigit.Po
mv -f .deps/libgnu_a-c32isgraph.Tpo .deps/libgnu_a-c32isgraph.Po
/root/.local/state/pgb/bin/cc -DHAVE_CONFIG_H -I. -I..   -I/var/tmp/pgb-poc/prefix-nano/include -I/var/tmp/pgb-poc/prefix-nano/include/ncursesw  -Wno-cast-qual -Wno-conversion -Wno-float-equal -Wno-sign-compare -Wno-undef -Wno-unused-function -Wno-unused-parameter -Wno-float-conversion -Wimplicit-fallthrough -Wno-pedantic -Wno-sign-conversion -Wno-type-limits -Wno-unsuffixed-float-constants -g -O2 -Wall -MT libgnu_a-c32isprint.o -MD -MP -MF .deps/libgnu_a-c32isprint.Tpo -c -o libgnu_a-c32isprint.o `test -f 'c32isprint.c' || echo './'`c32isprint.c
/root/.local/state/pgb/bin/cc -DHAVE_CONFIG_H -I. -I..   -I/var/tmp/pgb-poc/prefix-nano/include -I/var/tmp/pgb-poc/prefix-nano/include/ncursesw  -Wno-cast-qual -Wno-conversion -Wno-float-equal -Wno-sign-compare -Wno-undef -Wno-unused-function -Wno-unused-parameter -Wno-float-conversion -Wimplicit-fallthrough -Wno-pedantic -Wno-sign-conversion -Wno-type-limits -Wno-unsuffixed-float-constants -g -O2 -Wall -MT libgnu_a-c32ispunct.o -MD -MP -MF .deps/libgnu_a-c32ispunct.Tpo -c -o libgnu_a-c32ispunct.o `test -f 'c32ispunct.c' || echo './'`c32ispunct.c
/root/.local/state/pgb/bin/cc -DHAVE_CONFIG_H -I. -I..   -I/var/tmp/pgb-poc/prefix-nano/include -I/var/tmp/pgb-poc/prefix-nano/include/ncursesw  -Wno-cast-qual -Wno-conversion -Wno-float-equal -Wno-sign-compare -Wno-undef -Wno-unused-function -Wno-unused-parameter -Wno-float-conversion -Wimplicit-fallthrough -Wno-pedantic -Wno-sign-conversion -Wno-type-limits -Wno-unsuffixed-float-constants -g -O2 -Wall -MT libgnu_a-c32isspace.o -MD -MP -MF .deps/libgnu_a-c32isspace.Tpo -c -o libgnu_a-c32isspace.o `test -f 'c32isspace.c' || echo './'`c32isspace.c
mv -f .deps/libgnu_a-c32islower.Tpo .deps/libgnu_a-c32islower.Po
/root/.local/state/pgb/bin/cc -DHAVE_CONFIG_H -I. -I..   -I/var/tmp/pgb-poc/prefix-nano/include -I/var/tmp/pgb-poc/prefix-nano/include/ncursesw  -Wno-cast-qual -Wno-conversion -Wno-float-equal -Wno-sign-compare -Wno-undef -Wno-unused-function -Wno-unused-parameter -Wno-float-conversion -Wimplicit-fallthrough -Wno-pedantic -Wno-sign-conversion -Wno-type-limits -Wno-unsuffixed-float-constants -g -O2 -Wall -MT libgnu_a-c32isupper.o -MD -MP -MF .deps/libgnu_a-c32isupper.Tpo -c -o libgnu_a-c32isupper.o `test -f 'c32isupper.c' || echo './'`c32isupper.c
mv -f .deps/libgnu_a-c32isprint.Tpo .deps/libgnu_a-c32isprint.Po
mv -f .deps/libgnu_a-c32ispunct.Tpo .deps/libgnu_a-c32ispunct.Po
mv -f .deps/libgnu_a-c32isspace.Tpo .deps/libgnu_a-c32isspace.Po
/root/.local/state/pgb/bin/cc -DHAVE_CONFIG_H -I. -I..   -I/var/tmp/pgb-poc/prefix-nano/include -I/var/tmp/pgb-poc/prefix-nano/include/ncursesw  -Wno-cast-qual -Wno-conversion -Wno-float-equal -Wno-sign-compare -Wno-undef -Wno-unused-function -Wno-unused-parameter -Wno-float-conversion -Wimplicit-fallthrough -Wno-pedantic -Wno-sign-conversion -Wno-type-limits -Wno-unsuffixed-float-constants -g -O2 -Wall -MT libgnu_a-c32isxdigit.o -MD -MP -MF .deps/libgnu_a-c32isxdigit.Tpo -c -o libgnu_a-c32isxdigit.o `test -f 'c32isxdigit.c' || echo './'`c32isxdigit.c
/root/.local/state/pgb/bin/cc -DHAVE_CONFIG_H -I. -I..   -I/var/tmp/pgb-poc/prefix-nano/include -I/var/tmp/pgb-poc/prefix-nano/include/ncursesw  -Wno-cast-qual -Wno-conversion -Wno-float-equal -Wno-sign-compare -Wno-undef -Wno-unused-function -Wno-unused-parameter -Wno-float-conversion -Wimplicit-fallthrough -Wno-pedantic -Wno-sign-conversion -Wno-type-limits -Wno-unsuffixed-float-constants -g -O2 -Wall -MT libgnu_a-c32tolower.o -MD -MP -MF .deps/libgnu_a-c32tolower.Tpo -c -o libgnu_a-c32tolower.o `test -f 'c32tolower.c' || echo './'`c32tolower.c
/root/.local/state/pgb/bin/cc -DHAVE_CONFIG_H -I. -I..   -I/var/tmp/pgb-poc/prefix-nano/include -I/var/tmp/pgb-poc/prefix-nano/include/ncursesw  -Wno-cast-qual -Wno-conversion -Wno-float-equal -Wno-sign-compare -Wno-undef -Wno-unused-function -Wno-unused-parameter -Wno-float-conversion -Wimplicit-fallthrough -Wno-pedantic -Wno-sign-conversion -Wno-type-limits -Wno-unsuffixed-float-constants -g -O2 -Wall -MT libgnu_a-chdir-long.o -MD -MP -MF .deps/libgnu_a-chdir-long.Tpo -c -o libgnu_a-chdir-long.o `test -f 'chdir-long.c' || echo './'`chdir-long.c
mv -f .deps/libgnu_a-c32isupper.Tpo .deps/libgnu_a-c32isupper.Po
/root/.local/state/pgb/bin/cc -DHAVE_CONFIG_H -I. -I..   -I/var/tmp/pgb-poc/prefix-nano/include -I/var/tmp/pgb-poc/prefix-nano/include/ncursesw  -Wno-cast-qual -Wno-conversion -Wno-float-equal -Wno-sign-compare -Wno-undef -Wno-unused-function -Wno-unused-parameter -Wno-float-conversion -Wimplicit-fallthrough -Wno-pedantic -Wno-sign-conversion -Wno-type-limits -Wno-unsuffixed-float-constants -g -O2 -Wall -MT libgnu_a-cloexec.o -MD -MP -MF .deps/libgnu_a-cloexec.Tpo -c -o libgnu_a-cloexec.o `test -f 'cloexec.c' || echo './'`cloexec.c
mv -f .deps/libgnu_a-c32isxdigit.Tpo .deps/libgnu_a-c32isxdigit.Po
mv -f .deps/libgnu_a-c32tolower.Tpo .deps/libgnu_a-c32tolower.Po
/root/.local/state/pgb/bin/cc -DHAVE_CONFIG_H -I. -I..   -I/var/tmp/pgb-poc/prefix-nano/include -I/var/tmp/pgb-poc/prefix-nano/include/ncursesw  -Wno-cast-qual -Wno-conversion -Wno-float-equal -Wno-sign-compare -Wno-undef -Wno-unused-function -Wno-unused-parameter -Wno-float-conversion -Wimplicit-fallthrough -Wno-pedantic -Wno-sign-conversion -Wno-type-limits -Wno-unsuffixed-float-constants -g -O2 -Wall -MT libgnu_a-dirname-lgpl.o -MD -MP -MF .deps/libgnu_a-dirname-lgpl.Tpo -c -o libgnu_a-dirname-lgpl.o `test -f 'dirname-lgpl.c' || echo './'`dirname-lgpl.c
/root/.local/state/pgb/bin/cc -DHAVE_CONFIG_H -I. -I..   -I/var/tmp/pgb-poc/prefix-nano/include -I/var/tmp/pgb-poc/prefix-nano/include/ncursesw  -Wno-cast-qual -Wno-conversion -Wno-float-equal -Wno-sign-compare -Wno-undef -Wno-unused-function -Wno-unused-parameter -Wno-float-conversion -Wimplicit-fallthrough -Wno-pedantic -Wno-sign-conversion -Wno-type-limits -Wno-unsuffixed-float-constants -g -O2 -Wall -MT libgnu_a-stripslash.o -MD -MP -MF .deps/libgnu_a-stripslash.Tpo -c -o libgnu_a-stripslash.o `test -f 'stripslash.c' || echo './'`stripslash.c
mv -f .deps/libgnu_a-cloexec.Tpo .deps/libgnu_a-cloexec.Po
mv -f .deps/libgnu_a-chdir-long.Tpo .deps/libgnu_a-chdir-long.Po
/root/.local/state/pgb/bin/cc -DHAVE_CONFIG_H -I. -I..   -I/var/tmp/pgb-poc/prefix-nano/include -I/var/tmp/pgb-poc/prefix-nano/include/ncursesw  -Wno-cast-qual -Wno-conversion -Wno-float-equal -Wno-sign-compare -Wno-undef -Wno-unused-function -Wno-unused-parameter -Wno-float-conversion -Wimplicit-fallthrough -Wno-pedantic -Wno-sign-conversion -Wno-type-limits -Wno-unsuffixed-float-constants -g -O2 -Wall -MT libgnu_a-exitfail.o -MD -MP -MF .deps/libgnu_a-exitfail.Tpo -c -o libgnu_a-exitfail.o `test -f 'exitfail.c' || echo './'`exitfail.c
/root/.local/state/pgb/bin/cc -DHAVE_CONFIG_H -I. -I..   -I/var/tmp/pgb-poc/prefix-nano/include -I/var/tmp/pgb-poc/prefix-nano/include/ncursesw  -Wno-cast-qual -Wno-conversion -Wno-float-equal -Wno-sign-compare -Wno-undef -Wno-unused-function -Wno-unused-parameter -Wno-float-conversion -Wimplicit-fallthrough -Wno-pedantic -Wno-sign-conversion -Wno-type-limits -Wno-unsuffixed-float-constants -g -O2 -Wall -MT libgnu_a-fcntl.o -MD -MP -MF .deps/libgnu_a-fcntl.Tpo -c -o libgnu_a-fcntl.o `test -f 'fcntl.c' || echo './'`fcntl.c
mv -f .deps/libgnu_a-stripslash.Tpo .deps/libgnu_a-stripslash.Po
/root/.local/state/pgb/bin/cc -DHAVE_CONFIG_H -I. -I..   -I/var/tmp/pgb-poc/prefix-nano/include -I/var/tmp/pgb-poc/prefix-nano/include/ncursesw  -Wno-cast-qual -Wno-conversion -Wno-float-equal -Wno-sign-compare -Wno-undef -Wno-unused-function -Wno-unused-parameter -Wno-float-conversion -Wimplicit-fallthrough -Wno-pedantic -Wno-sign-conversion -Wno-type-limits -Wno-unsuffixed-float-constants -g -O2 -Wall -MT libgnu_a-fd-hook.o -MD -MP -MF .deps/libgnu_a-fd-hook.Tpo -c -o libgnu_a-fd-hook.o `test -f 'fd-hook.c' || echo './'`fd-hook.c
mv -f .deps/libgnu_a-dirname-lgpl.Tpo .deps/libgnu_a-dirname-lgpl.Po
/root/.local/state/pgb/bin/cc -DHAVE_CONFIG_H -I. -I..   -I/var/tmp/pgb-poc/prefix-nano/include -I/var/tmp/pgb-poc/prefix-nano/include/ncursesw  -Wno-cast-qual -Wno-conversion -Wno-float-equal -Wno-sign-compare -Wno-undef -Wno-unused-function -Wno-unused-parameter -Wno-float-conversion -Wimplicit-fallthrough -Wno-pedantic -Wno-sign-conversion -Wno-type-limits -Wno-unsuffixed-float-constants -g -O2 -Wall -MT libgnu_a-fd-safer-flag.o -MD -MP -MF .deps/libgnu_a-fd-safer-flag.Tpo -c -o libgnu_a-fd-safer-flag.o `test -f 'fd-safer-flag.c' || echo './'`fd-safer-flag.c
mv -f .deps/libgnu_a-exitfail.Tpo .deps/libgnu_a-exitfail.Po
/root/.local/state/pgb/bin/cc -DHAVE_CONFIG_H -I. -I..   -I/var/tmp/pgb-poc/prefix-nano/include -I/var/tmp/pgb-poc/prefix-nano/include/ncursesw  -Wno-cast-qual -Wno-conversion -Wno-float-equal -Wno-sign-compare -Wno-undef -Wno-unused-function -Wno-unused-parameter -Wno-float-conversion -Wimplicit-fallthrough -Wno-pedantic -Wno-sign-conversion -Wno-type-limits -Wno-unsuffixed-float-constants -g -O2 -Wall -MT libgnu_a-dup-safer-flag.o -MD -MP -MF .deps/libgnu_a-dup-safer-flag.Tpo -c -o libgnu_a-dup-safer-flag.o `test -f 'dup-safer-flag.c' || echo './'`dup-safer-flag.c
mv -f .deps/libgnu_a-fd-hook.Tpo .deps/libgnu_a-fd-hook.Po
/root/.local/state/pgb/bin/cc -DHAVE_CONFIG_H -I. -I..   -I/var/tmp/pgb-poc/prefix-nano/include -I/var/tmp/pgb-poc/prefix-nano/include/ncursesw  -Wno-cast-qual -Wno-conversion -Wno-float-equal -Wno-sign-compare -Wno-undef -Wno-unused-function -Wno-unused-parameter -Wno-float-conversion -Wimplicit-fallthrough -Wno-pedantic -Wno-sign-conversion -Wno-type-limits -Wno-unsuffixed-float-constants -g -O2 -Wall -MT libgnu_a-filenamecat-lgpl.o -MD -MP -MF .deps/libgnu_a-filenamecat-lgpl.Tpo -c -o libgnu_a-filenamecat-lgpl.o `test -f 'filenamecat-lgpl.c' || echo './'`filenamecat-lgpl.c
mv -f .deps/libgnu_a-fd-safer-flag.Tpo .deps/libgnu_a-fd-safer-flag.Po
mv -f .deps/libgnu_a-fcntl.Tpo .deps/libgnu_a-fcntl.Po
mv -f .deps/libgnu_a-dup-safer-flag.Tpo .deps/libgnu_a-dup-safer-flag.Po
/root/.local/state/pgb/bin/cc -DHAVE_CONFIG_H -I. -I..   -I/var/tmp/pgb-poc/prefix-nano/include -I/var/tmp/pgb-poc/prefix-nano/include/ncursesw  -Wno-cast-qual -Wno-conversion -Wno-float-equal -Wno-sign-compare -Wno-undef -Wno-unused-function -Wno-unused-parameter -Wno-float-conversion -Wimplicit-fallthrough -Wno-pedantic -Wno-sign-conversion -Wno-type-limits -Wno-unsuffixed-float-constants -g -O2 -Wall -MT libgnu_a-float.o -MD -MP -MF .deps/libgnu_a-float.Tpo -c -o libgnu_a-float.o `test -f 'float.c' || echo './'`float.c
/root/.local/state/pgb/bin/cc -DHAVE_CONFIG_H -I. -I..   -I/var/tmp/pgb-poc/prefix-nano/include -I/var/tmp/pgb-poc/prefix-nano/include/ncursesw  -Wno-cast-qual -Wno-conversion -Wno-float-equal -Wno-sign-compare -Wno-undef -Wno-unused-function -Wno-unused-parameter -Wno-float-conversion -Wimplicit-fallthrough -Wno-pedantic -Wno-sign-conversion -Wno-type-limits -Wno-unsuffixed-float-constants -g -O2 -Wall -MT libgnu_a-getprogname.o -MD -MP -MF .deps/libgnu_a-getprogname.Tpo -c -o libgnu_a-getprogname.o `test -f 'getprogname.c' || echo './'`getprogname.c
/root/.local/state/pgb/bin/cc -DHAVE_CONFIG_H -I. -I..   -I/var/tmp/pgb-poc/prefix-nano/include -I/var/tmp/pgb-poc/prefix-nano/include/ncursesw  -Wno-cast-qual -Wno-conversion -Wno-float-equal -Wno-sign-compare -Wno-undef -Wno-unused-function -Wno-unused-parameter -Wno-float-conversion -Wimplicit-fallthrough -Wno-pedantic -Wno-sign-conversion -Wno-type-limits -Wno-unsuffixed-float-constants -g -O2 -Wall -MT libgnu_a-gettime.o -MD -MP -MF .deps/libgnu_a-gettime.Tpo -c -o libgnu_a-gettime.o `test -f 'gettime.c' || echo './'`gettime.c
mv -f .deps/libgnu_a-float.Tpo .deps/libgnu_a-float.Po
mv -f .deps/libgnu_a-filenamecat-lgpl.Tpo .deps/libgnu_a-filenamecat-lgpl.Po
/root/.local/state/pgb/bin/cc -DHAVE_CONFIG_H -I. -I..   -I/var/tmp/pgb-poc/prefix-nano/include -I/var/tmp/pgb-poc/prefix-nano/include/ncursesw  -Wno-cast-qual -Wno-conversion -Wno-float-equal -Wno-sign-compare -Wno-undef -Wno-unused-function -Wno-unused-parameter -Wno-float-conversion -Wimplicit-fallthrough -Wno-pedantic -Wno-sign-conversion -Wno-type-limits -Wno-unsuffixed-float-constants -g -O2 -Wall -MT libgnu_a-hard-locale.o -MD -MP -MF .deps/libgnu_a-hard-locale.Tpo -c -o libgnu_a-hard-locale.o `test -f 'hard-locale.c' || echo './'`hard-locale.c
mv -f .deps/libgnu_a-gettime.Tpo .deps/libgnu_a-gettime.Po
mv -f .deps/libgnu_a-getprogname.Tpo .deps/libgnu_a-getprogname.Po
/root/.local/state/pgb/bin/cc -DHAVE_CONFIG_H -I. -I..   -I/var/tmp/pgb-poc/prefix-nano/include -I/var/tmp/pgb-poc/prefix-nano/include/ncursesw  -Wno-cast-qual -Wno-conversion -Wno-float-equal -Wno-sign-compare -Wno-undef -Wno-unused-function -Wno-unused-parameter -Wno-float-conversion -Wimplicit-fallthrough -Wno-pedantic -Wno-sign-conversion -Wno-type-limits -Wno-unsuffixed-float-constants -g -O2 -Wall -MT libgnu_a-localcharset.o -MD -MP -MF .deps/libgnu_a-localcharset.Tpo -c -o libgnu_a-localcharset.o `test -f 'localcharset.c' || echo './'`localcharset.c
/root/.local/state/pgb/bin/cc -DHAVE_CONFIG_H -I. -I..   -I/var/tmp/pgb-poc/prefix-nano/include -I/var/tmp/pgb-poc/prefix-nano/include/ncursesw  -Wno-cast-qual -Wno-conversion -Wno-float-equal -Wno-sign-compare -Wno-undef -Wno-unused-function -Wno-unused-parameter -Wno-float-conversion -Wimplicit-fallthrough -Wno-pedantic -Wno-sign-conversion -Wno-type-limits -Wno-unsuffixed-float-constants -g -O2 -Wall -MT libgnu_a-malloca.o -MD -MP -MF .deps/libgnu_a-malloca.Tpo -c -o libgnu_a-malloca.o `test -f 'malloca.c' || echo './'`malloca.c
/root/.local/state/pgb/bin/cc -DHAVE_CONFIG_H -I. -I..   -I/var/tmp/pgb-poc/prefix-nano/include -I/var/tmp/pgb-poc/prefix-nano/include/ncursesw  -Wno-cast-qual -Wno-conversion -Wno-float-equal -Wno-sign-compare -Wno-undef -Wno-unused-function -Wno-unused-parameter -Wno-float-conversion -Wimplicit-fallthrough -Wno-pedantic -Wno-sign-conversion -Wno-type-limits -Wno-unsuffixed-float-constants -g -O2 -Wall -MT libgnu_a-math.o -MD -MP -MF .deps/libgnu_a-math.Tpo -c -o libgnu_a-math.o `test -f 'math.c' || echo './'`math.c
mv -f .deps/libgnu_a-hard-locale.Tpo .deps/libgnu_a-hard-locale.Po
/root/.local/state/pgb/bin/cc -DHAVE_CONFIG_H -I. -I..   -I/var/tmp/pgb-poc/prefix-nano/include -I/var/tmp/pgb-poc/prefix-nano/include/ncursesw  -Wno-cast-qual -Wno-conversion -Wno-float-equal -Wno-sign-compare -Wno-undef -Wno-unused-function -Wno-unused-parameter -Wno-float-conversion -Wimplicit-fallthrough -Wno-pedantic -Wno-sign-conversion -Wno-type-limits -Wno-unsuffixed-float-constants -g -O2 -Wall -MT libgnu_a-mbrtoc32.o -MD -MP -MF .deps/libgnu_a-mbrtoc32.Tpo -c -o libgnu_a-mbrtoc32.o `test -f 'mbrtoc32.c' || echo './'`mbrtoc32.c
mv -f .deps/libgnu_a-localcharset.Tpo .deps/libgnu_a-localcharset.Po
/root/.local/state/pgb/bin/cc -DHAVE_CONFIG_H -I. -I..   -I/var/tmp/pgb-poc/prefix-nano/include -I/var/tmp/pgb-poc/prefix-nano/include/ncursesw  -Wno-cast-qual -Wno-conversion -Wno-float-equal -Wno-sign-compare -Wno-undef -Wno-unused-function -Wno-unused-parameter -Wno-float-conversion -Wimplicit-fallthrough -Wno-pedantic -Wno-sign-conversion -Wno-type-limits -Wno-unsuffixed-float-constants -g -O2 -Wall -MT libgnu_a-mbrtowc.o -MD -MP -MF .deps/libgnu_a-mbrtowc.Tpo -c -o libgnu_a-mbrtowc.o `test -f 'mbrtowc.c' || echo './'`mbrtowc.c
mv -f .deps/libgnu_a-malloca.Tpo .deps/libgnu_a-malloca.Po
mv -f .deps/libgnu_a-math.Tpo .deps/libgnu_a-math.Po
/root/.local/state/pgb/bin/cc -DHAVE_CONFIG_H -I. -I..   -I/var/tmp/pgb-poc/prefix-nano/include -I/var/tmp/pgb-poc/prefix-nano/include/ncursesw  -Wno-cast-qual -Wno-conversion -Wno-float-equal -Wno-sign-compare -Wno-undef -Wno-unused-function -Wno-unused-parameter -Wno-float-conversion -Wimplicit-fallthrough -Wno-pedantic -Wno-sign-conversion -Wno-type-limits -Wno-unsuffixed-float-constants -g -O2 -Wall -MT libgnu_a-mbsrtoc32s.o -MD -MP -MF .deps/libgnu_a-mbsrtoc32s.Tpo -c -o libgnu_a-mbsrtoc32s.o `test -f 'mbsrtoc32s.c' || echo './'`mbsrtoc32s.c
/root/.local/state/pgb/bin/cc -DHAVE_CONFIG_H -I. -I..   -I/var/tmp/pgb-poc/prefix-nano/include -I/var/tmp/pgb-poc/prefix-nano/include/ncursesw  -Wno-cast-qual -Wno-conversion -Wno-float-equal -Wno-sign-compare -Wno-undef -Wno-unused-function -Wno-unused-parameter -Wno-float-conversion -Wimplicit-fallthrough -Wno-pedantic -Wno-sign-conversion -Wno-type-limits -Wno-unsuffixed-float-constants -g -O2 -Wall -MT libgnu_a-mbsrtowcs.o -MD -MP -MF .deps/libgnu_a-mbsrtowcs.Tpo -c -o libgnu_a-mbsrtowcs.o `test -f 'mbsrtowcs.c' || echo './'`mbsrtowcs.c
mv -f .deps/libgnu_a-mbrtowc.Tpo .deps/libgnu_a-mbrtowc.Po
/root/.local/state/pgb/bin/cc -DHAVE_CONFIG_H -I. -I..   -I/var/tmp/pgb-poc/prefix-nano/include -I/var/tmp/pgb-poc/prefix-nano/include/ncursesw  -Wno-cast-qual -Wno-conversion -Wno-float-equal -Wno-sign-compare -Wno-undef -Wno-unused-function -Wno-unused-parameter -Wno-float-conversion -Wimplicit-fallthrough -Wno-pedantic -Wno-sign-conversion -Wno-type-limits -Wno-unsuffixed-float-constants -g -O2 -Wall -MT libgnu_a-mbszero.o -MD -MP -MF .deps/libgnu_a-mbszero.Tpo -c -o libgnu_a-mbszero.o `test -f 'mbszero.c' || echo './'`mbszero.c
mv -f .deps/libgnu_a-mbsrtoc32s.Tpo .deps/libgnu_a-mbsrtoc32s.Po
mv -f .deps/libgnu_a-mbrtoc32.Tpo .deps/libgnu_a-mbrtoc32.Po
/root/.local/state/pgb/bin/cc -DHAVE_CONFIG_H -I. -I..   -I/var/tmp/pgb-poc/prefix-nano/include -I/var/tmp/pgb-poc/prefix-nano/include/ncursesw  -Wno-cast-qual -Wno-conversion -Wno-float-equal -Wno-sign-compare -Wno-undef -Wno-unused-function -Wno-unused-parameter -Wno-float-conversion -Wimplicit-fallthrough -Wno-pedantic -Wno-sign-conversion -Wno-type-limits -Wno-unsuffixed-float-constants -g -O2 -Wall -MT glthread/libgnu_a-once.o -MD -MP -MF glthread/.deps/libgnu_a-once.Tpo -c -o glthread/libgnu_a-once.o `test -f 'glthread/once.c' || echo './'`glthread/once.c
/root/.local/state/pgb/bin/cc -DHAVE_CONFIG_H -I. -I..   -I/var/tmp/pgb-poc/prefix-nano/include -I/var/tmp/pgb-poc/prefix-nano/include/ncursesw  -Wno-cast-qual -Wno-conversion -Wno-float-equal -Wno-sign-compare -Wno-undef -Wno-unused-function -Wno-unused-parameter -Wno-float-conversion -Wimplicit-fallthrough -Wno-pedantic -Wno-sign-conversion -Wno-type-limits -Wno-unsuffixed-float-constants -g -O2 -Wall -MT libgnu_a-openat-die.o -MD -MP -MF .deps/libgnu_a-openat-die.Tpo -c -o libgnu_a-openat-die.o `test -f 'openat-die.c' || echo './'`openat-die.c
mv -f .deps/libgnu_a-mbsrtowcs.Tpo .deps/libgnu_a-mbsrtowcs.Po
/root/.local/state/pgb/bin/cc -DHAVE_CONFIG_H -I. -I..   -I/var/tmp/pgb-poc/prefix-nano/include -I/var/tmp/pgb-poc/prefix-nano/include/ncursesw  -Wno-cast-qual -Wno-conversion -Wno-float-equal -Wno-sign-compare -Wno-undef -Wno-unused-function -Wno-unused-parameter -Wno-float-conversion -Wimplicit-fallthrough -Wno-pedantic -Wno-sign-conversion -Wno-type-limits -Wno-unsuffixed-float-constants -g -O2 -Wall -MT libgnu_a-printf-frexp.o -MD -MP -MF .deps/libgnu_a-printf-frexp.Tpo -c -o libgnu_a-printf-frexp.o `test -f 'printf-frexp.c' || echo './'`printf-frexp.c
mv -f .deps/libgnu_a-mbszero.Tpo .deps/libgnu_a-mbszero.Po
/root/.local/state/pgb/bin/cc -DHAVE_CONFIG_H -I. -I..   -I/var/tmp/pgb-poc/prefix-nano/include -I/var/tmp/pgb-poc/prefix-nano/include/ncursesw  -Wno-cast-qual -Wno-conversion -Wno-float-equal -Wno-sign-compare -Wno-undef -Wno-unused-function -Wno-unused-parameter -Wno-float-conversion -Wimplicit-fallthrough -Wno-pedantic -Wno-sign-conversion -Wno-type-limits -Wno-unsuffixed-float-constants -g -O2 -Wall -MT libgnu_a-printf-frexpl.o -MD -MP -MF .deps/libgnu_a-printf-frexpl.Tpo -c -o libgnu_a-printf-frexpl.o `test -f 'printf-frexpl.c' || echo './'`printf-frexpl.c
mv -f glthread/.deps/libgnu_a-once.Tpo glthread/.deps/libgnu_a-once.Po
/root/.local/state/pgb/bin/cc -DHAVE_CONFIG_H -I. -I..   -I/var/tmp/pgb-poc/prefix-nano/include -I/var/tmp/pgb-poc/prefix-nano/include/ncursesw  -Wno-cast-qual -Wno-conversion -Wno-float-equal -Wno-sign-compare -Wno-undef -Wno-unused-function -Wno-unused-parameter -Wno-float-conversion -Wimplicit-fallthrough -Wno-pedantic -Wno-sign-conversion -Wno-type-limits -Wno-unsuffixed-float-constants -g -O2 -Wall -MT libgnu_a-save-cwd.o -MD -MP -MF .deps/libgnu_a-save-cwd.Tpo -c -o libgnu_a-save-cwd.o `test -f 'save-cwd.c' || echo './'`save-cwd.c
mv -f .deps/libgnu_a-openat-die.Tpo .deps/libgnu_a-openat-die.Po
/root/.local/state/pgb/bin/cc -DHAVE_CONFIG_H -I. -I..   -I/var/tmp/pgb-poc/prefix-nano/include -I/var/tmp/pgb-poc/prefix-nano/include/ncursesw  -Wno-cast-qual -Wno-conversion -Wno-float-equal -Wno-sign-compare -Wno-undef -Wno-unused-function -Wno-unused-parameter -Wno-float-conversion -Wimplicit-fallthrough -Wno-pedantic -Wno-sign-conversion -Wno-type-limits -Wno-unsuffixed-float-constants -g -O2 -Wall -MT libgnu_a-setlocale_null.o -MD -MP -MF .deps/libgnu_a-setlocale_null.Tpo -c -o libgnu_a-setlocale_null.o `test -f 'setlocale_null.c' || echo './'`setlocale_null.c
mv -f .deps/libgnu_a-printf-frexp.Tpo .deps/libgnu_a-printf-frexp.Po
mv -f .deps/libgnu_a-printf-frexpl.Tpo .deps/libgnu_a-printf-frexpl.Po
/root/.local/state/pgb/bin/cc -DHAVE_CONFIG_H -I. -I..   -I/var/tmp/pgb-poc/prefix-nano/include -I/var/tmp/pgb-poc/prefix-nano/include/ncursesw  -Wno-cast-qual -Wno-conversion -Wno-float-equal -Wno-sign-compare -Wno-undef -Wno-unused-function -Wno-unused-parameter -Wno-float-conversion -Wimplicit-fallthrough -Wno-pedantic -Wno-sign-conversion -Wno-type-limits -Wno-unsuffixed-float-constants -g -O2 -Wall -MT libgnu_a-setlocale_null-unlocked.o -MD -MP -MF .deps/libgnu_a-setlocale_null-unlocked.Tpo -c -o libgnu_a-setlocale_null-unlocked.o `test -f 'setlocale_null-unlocked.c' || echo './'`setlocale_null-unlocked.c
/root/.local/state/pgb/bin/cc -DHAVE_CONFIG_H -I. -I..   -I/var/tmp/pgb-poc/prefix-nano/include -I/var/tmp/pgb-poc/prefix-nano/include/ncursesw  -Wno-cast-qual -Wno-conversion -Wno-float-equal -Wno-sign-compare -Wno-undef -Wno-unused-function -Wno-unused-parameter -Wno-float-conversion -Wimplicit-fallthrough -Wno-pedantic -Wno-sign-conversion -Wno-type-limits -Wno-unsuffixed-float-constants -g -O2 -Wall -MT libgnu_a-sig-handler.o -MD -MP -MF .deps/libgnu_a-sig-handler.Tpo -c -o libgnu_a-sig-handler.o `test -f 'sig-handler.c' || echo './'`sig-handler.c
mv -f .deps/libgnu_a-setlocale_null.Tpo .deps/libgnu_a-setlocale_null.Po
mv -f .deps/libgnu_a-save-cwd.Tpo .deps/libgnu_a-save-cwd.Po
/root/.local/state/pgb/bin/cc -DHAVE_CONFIG_H -I. -I..   -I/var/tmp/pgb-poc/prefix-nano/include -I/var/tmp/pgb-poc/prefix-nano/include/ncursesw  -Wno-cast-qual -Wno-conversion -Wno-float-equal -Wno-sign-compare -Wno-undef -Wno-unused-function -Wno-unused-parameter -Wno-float-conversion -Wimplicit-fallthrough -Wno-pedantic -Wno-sign-conversion -Wno-type-limits -Wno-unsuffixed-float-constants -g -O2 -Wall -MT libgnu_a-stat-time.o -MD -MP -MF .deps/libgnu_a-stat-time.Tpo -c -o libgnu_a-stat-time.o `test -f 'stat-time.c' || echo './'`stat-time.c
/root/.local/state/pgb/bin/cc -DHAVE_CONFIG_H -I. -I..   -I/var/tmp/pgb-poc/prefix-nano/include -I/var/tmp/pgb-poc/prefix-nano/include/ncursesw  -Wno-cast-qual -Wno-conversion -Wno-float-equal -Wno-sign-compare -Wno-undef -Wno-unused-function -Wno-unused-parameter -Wno-float-conversion -Wimplicit-fallthrough -Wno-pedantic -Wno-sign-conversion -Wno-type-limits -Wno-unsuffixed-float-constants -g -O2 -Wall -MT libgnu_a-strnlen1.o -MD -MP -MF .deps/libgnu_a-strnlen1.Tpo -c -o libgnu_a-strnlen1.o `test -f 'strnlen1.c' || echo './'`strnlen1.c
mv -f .deps/libgnu_a-sig-handler.Tpo .deps/libgnu_a-sig-handler.Po
mv -f .deps/libgnu_a-setlocale_null-unlocked.Tpo .deps/libgnu_a-setlocale_null-unlocked.Po
/root/.local/state/pgb/bin/cc -DHAVE_CONFIG_H -I. -I..   -I/var/tmp/pgb-poc/prefix-nano/include -I/var/tmp/pgb-poc/prefix-nano/include/ncursesw  -Wno-cast-qual -Wno-conversion -Wno-float-equal -Wno-sign-compare -Wno-undef -Wno-unused-function -Wno-unused-parameter -Wno-float-conversion -Wimplicit-fallthrough -Wno-pedantic -Wno-sign-conversion -Wno-type-limits -Wno-unsuffixed-float-constants -g -O2 -Wall -MT libgnu_a-tempname.o -MD -MP -MF .deps/libgnu_a-tempname.Tpo -c -o libgnu_a-tempname.o `test -f 'tempname.c' || echo './'`tempname.c
/root/.local/state/pgb/bin/cc -DHAVE_CONFIG_H -I. -I..   -I/var/tmp/pgb-poc/prefix-nano/include -I/var/tmp/pgb-poc/prefix-nano/include/ncursesw  -Wno-cast-qual -Wno-conversion -Wno-float-equal -Wno-sign-compare -Wno-undef -Wno-unused-function -Wno-unused-parameter -Wno-float-conversion -Wimplicit-fallthrough -Wno-pedantic -Wno-sign-conversion -Wno-type-limits -Wno-unsuffixed-float-constants -g -O2 -Wall -MT glthread/libgnu_a-threadlib.o -MD -MP -MF glthread/.deps/libgnu_a-threadlib.Tpo -c -o glthread/libgnu_a-threadlib.o `test -f 'glthread/threadlib.c' || echo './'`glthread/threadlib.c
mv -f .deps/libgnu_a-strnlen1.Tpo .deps/libgnu_a-strnlen1.Po
/root/.local/state/pgb/bin/cc -DHAVE_CONFIG_H -I. -I..   -I/var/tmp/pgb-poc/prefix-nano/include -I/var/tmp/pgb-poc/prefix-nano/include/ncursesw  -Wno-cast-qual -Wno-conversion -Wno-float-equal -Wno-sign-compare -Wno-undef -Wno-unused-function -Wno-unused-parameter -Wno-float-conversion -Wimplicit-fallthrough -Wno-pedantic -Wno-sign-conversion -Wno-type-limits -Wno-unsuffixed-float-constants -g -O2 -Wall -MT libgnu_a-timespec.o -MD -MP -MF .deps/libgnu_a-timespec.Tpo -c -o libgnu_a-timespec.o `test -f 'timespec.c' || echo './'`timespec.c
mv -f .deps/libgnu_a-stat-time.Tpo .deps/libgnu_a-stat-time.Po
mv -f glthread/.deps/libgnu_a-threadlib.Tpo glthread/.deps/libgnu_a-threadlib.Po
/root/.local/state/pgb/bin/cc -DHAVE_CONFIG_H -I. -I..   -I/var/tmp/pgb-poc/prefix-nano/include -I/var/tmp/pgb-poc/prefix-nano/include/ncursesw  -Wno-cast-qual -Wno-conversion -Wno-float-equal -Wno-sign-compare -Wno-undef -Wno-unused-function -Wno-unused-parameter -Wno-float-conversion -Wimplicit-fallthrough -Wno-pedantic -Wno-sign-conversion -Wno-type-limits -Wno-unsuffixed-float-constants -g -O2 -Wall -MT libgnu_a-unistd.o -MD -MP -MF .deps/libgnu_a-unistd.Tpo -c -o libgnu_a-unistd.o `test -f 'unistd.c' || echo './'`unistd.c
/root/.local/state/pgb/bin/cc -DHAVE_CONFIG_H -I. -I..   -I/var/tmp/pgb-poc/prefix-nano/include -I/var/tmp/pgb-poc/prefix-nano/include/ncursesw  -Wno-cast-qual -Wno-conversion -Wno-float-equal -Wno-sign-compare -Wno-undef -Wno-unused-function -Wno-unused-parameter -Wno-float-conversion -Wimplicit-fallthrough -Wno-pedantic -Wno-sign-conversion -Wno-type-limits -Wno-unsuffixed-float-constants -g -O2 -Wall -MT libgnu_a-dup-safer.o -MD -MP -MF .deps/libgnu_a-dup-safer.Tpo -c -o libgnu_a-dup-safer.o `test -f 'dup-safer.c' || echo './'`dup-safer.c
mv -f .deps/libgnu_a-timespec.Tpo .deps/libgnu_a-timespec.Po
/root/.local/state/pgb/bin/cc -DHAVE_CONFIG_H -I. -I..   -I/var/tmp/pgb-poc/prefix-nano/include -I/var/tmp/pgb-poc/prefix-nano/include/ncursesw  -Wno-cast-qual -Wno-conversion -Wno-float-equal -Wno-sign-compare -Wno-undef -Wno-unused-function -Wno-unused-parameter -Wno-float-conversion -Wimplicit-fallthrough -Wno-pedantic -Wno-sign-conversion -Wno-type-limits -Wno-unsuffixed-float-constants -g -O2 -Wall -MT libgnu_a-fd-safer.o -MD -MP -MF .deps/libgnu_a-fd-safer.Tpo -c -o libgnu_a-fd-safer.o `test -f 'fd-safer.c' || echo './'`fd-safer.c
mv -f .deps/libgnu_a-unistd.Tpo .deps/libgnu_a-unistd.Po
/root/.local/state/pgb/bin/cc -DHAVE_CONFIG_H -I. -I..   -I/var/tmp/pgb-poc/prefix-nano/include -I/var/tmp/pgb-poc/prefix-nano/include/ncursesw  -Wno-cast-qual -Wno-conversion -Wno-float-equal -Wno-sign-compare -Wno-undef -Wno-unused-function -Wno-unused-parameter -Wno-float-conversion -Wimplicit-fallthrough -Wno-pedantic -Wno-sign-conversion -Wno-type-limits -Wno-unsuffixed-float-constants -g -O2 -Wall -MT libgnu_a-pipe-safer.o -MD -MP -MF .deps/libgnu_a-pipe-safer.Tpo -c -o libgnu_a-pipe-safer.o `test -f 'pipe-safer.c' || echo './'`pipe-safer.c
mv -f .deps/libgnu_a-tempname.Tpo .deps/libgnu_a-tempname.Po
mv -f .deps/libgnu_a-dup-safer.Tpo .deps/libgnu_a-dup-safer.Po
mv -f .deps/libgnu_a-fd-safer.Tpo .deps/libgnu_a-fd-safer.Po
/root/.local/state/pgb/bin/cc -DHAVE_CONFIG_H -I. -I..   -I/var/tmp/pgb-poc/prefix-nano/include -I/var/tmp/pgb-poc/prefix-nano/include/ncursesw  -Wno-cast-qual -Wno-conversion -Wno-float-equal -Wno-sign-compare -Wno-undef -Wno-unused-function -Wno-unused-parameter -Wno-float-conversion -Wimplicit-fallthrough -Wno-pedantic -Wno-sign-conversion -Wno-type-limits -Wno-unsuffixed-float-constants -g -O2 -Wall -MT libgnu_a-utimens.o -MD -MP -MF .deps/libgnu_a-utimens.Tpo -c -o libgnu_a-utimens.o `test -f 'utimens.c' || echo './'`utimens.c
/root/.local/state/pgb/bin/cc -DHAVE_CONFIG_H -I. -I..   -I/var/tmp/pgb-poc/prefix-nano/include -I/var/tmp/pgb-poc/prefix-nano/include/ncursesw  -Wno-cast-qual -Wno-conversion -Wno-float-equal -Wno-sign-compare -Wno-undef -Wno-unused-function -Wno-unused-parameter -Wno-float-conversion -Wimplicit-fallthrough -Wno-pedantic -Wno-sign-conversion -Wno-type-limits -Wno-unsuffixed-float-constants -g -O2 -Wall -MT libgnu_a-vsnzprintf.o -MD -MP -MF .deps/libgnu_a-vsnzprintf.Tpo -c -o libgnu_a-vsnzprintf.o `test -f 'vsnzprintf.c' || echo './'`vsnzprintf.c
/root/.local/state/pgb/bin/cc -DHAVE_CONFIG_H -I. -I..   -I/var/tmp/pgb-poc/prefix-nano/include -I/var/tmp/pgb-poc/prefix-nano/include/ncursesw  -Wno-cast-qual -Wno-conversion -Wno-float-equal -Wno-sign-compare -Wno-undef -Wno-unused-function -Wno-unused-parameter -Wno-float-conversion -Wimplicit-fallthrough -Wno-pedantic -Wno-sign-conversion -Wno-type-limits -Wno-unsuffixed-float-constants -g -O2 -Wall -MT libgnu_a-wctype-h.o -MD -MP -MF .deps/libgnu_a-wctype-h.Tpo -c -o libgnu_a-wctype-h.o `test -f 'wctype-h.c' || echo './'`wctype-h.c
mv -f .deps/libgnu_a-pipe-safer.Tpo .deps/libgnu_a-pipe-safer.Po
/root/.local/state/pgb/bin/cc -DHAVE_CONFIG_H -I. -I..   -I/var/tmp/pgb-poc/prefix-nano/include -I/var/tmp/pgb-poc/prefix-nano/include/ncursesw  -Wno-cast-qual -Wno-conversion -Wno-float-equal -Wno-sign-compare -Wno-undef -Wno-unused-function -Wno-unused-parameter -Wno-float-conversion -Wimplicit-fallthrough -Wno-pedantic -Wno-sign-conversion -Wno-type-limits -Wno-unsuffixed-float-constants -g -O2 -Wall -MT libgnu_a-xsize.o -MD -MP -MF .deps/libgnu_a-xsize.Tpo -c -o libgnu_a-xsize.o `test -f 'xsize.c' || echo './'`xsize.c
mv -f .deps/libgnu_a-wctype-h.Tpo .deps/libgnu_a-wctype-h.Po
depbase=`echo asnprintf.o | sed 's|[^/]*$|.deps/&|;s|\.o$||'`;\
/root/.local/state/pgb/bin/cc -DHAVE_CONFIG_H -I. -I..   -I/var/tmp/pgb-poc/prefix-nano/include -I/var/tmp/pgb-poc/prefix-nano/include/ncursesw  -g -O2 -Wall -MT asnprintf.o -MD -MP -MF $depbase.Tpo -c -o asnprintf.o asnprintf.c &&\
mv -f $depbase.Tpo $depbase.Po
mv -f .deps/libgnu_a-vsnzprintf.Tpo .deps/libgnu_a-vsnzprintf.Po
depbase=`echo mbsrtoc32s-state.o | sed 's|[^/]*$|.deps/&|;s|\.o$||'`;\
/root/.local/state/pgb/bin/cc -DHAVE_CONFIG_H -I. -I..   -I/var/tmp/pgb-poc/prefix-nano/include -I/var/tmp/pgb-poc/prefix-nano/include/ncursesw  -g -O2 -Wall -MT mbsrtoc32s-state.o -MD -MP -MF $depbase.Tpo -c -o mbsrtoc32s-state.o mbsrtoc32s-state.c &&\
mv -f $depbase.Tpo $depbase.Po
mv -f .deps/libgnu_a-xsize.Tpo .deps/libgnu_a-xsize.Po
depbase=`echo mbsrtowcs-state.o | sed 's|[^/]*$|.deps/&|;s|\.o$||'`;\
/root/.local/state/pgb/bin/cc -DHAVE_CONFIG_H -I. -I..   -I/var/tmp/pgb-poc/prefix-nano/include -I/var/tmp/pgb-poc/prefix-nano/include/ncursesw  -g -O2 -Wall -MT mbsrtowcs-state.o -MD -MP -MF $depbase.Tpo -c -o mbsrtowcs-state.o mbsrtowcs-state.c &&\
mv -f $depbase.Tpo $depbase.Po
depbase=`echo printf-args.o | sed 's|[^/]*$|.deps/&|;s|\.o$||'`;\
/root/.local/state/pgb/bin/cc -DHAVE_CONFIG_H -I. -I..   -I/var/tmp/pgb-poc/prefix-nano/include -I/var/tmp/pgb-poc/prefix-nano/include/ncursesw  -g -O2 -Wall -MT printf-args.o -MD -MP -MF $depbase.Tpo -c -o printf-args.o printf-args.c &&\
mv -f $depbase.Tpo $depbase.Po
depbase=`echo printf-parse.o | sed 's|[^/]*$|.deps/&|;s|\.o$||'`;\
/root/.local/state/pgb/bin/cc -DHAVE_CONFIG_H -I. -I..   -I/var/tmp/pgb-poc/prefix-nano/include -I/var/tmp/pgb-poc/prefix-nano/include/ncursesw  -g -O2 -Wall -MT printf-parse.o -MD -MP -MF $depbase.Tpo -c -o printf-parse.o printf-parse.c &&\
mv -f $depbase.Tpo $depbase.Po
depbase=`echo snprintf.o | sed 's|[^/]*$|.deps/&|;s|\.o$||'`;\
/root/.local/state/pgb/bin/cc -DHAVE_CONFIG_H -I. -I..   -I/var/tmp/pgb-poc/prefix-nano/include -I/var/tmp/pgb-poc/prefix-nano/include/ncursesw  -g -O2 -Wall -MT snprintf.o -MD -MP -MF $depbase.Tpo -c -o snprintf.o snprintf.c &&\
mv -f $depbase.Tpo $depbase.Po
mv -f .deps/libgnu_a-utimens.Tpo .deps/libgnu_a-utimens.Po
depbase=`echo vasnprintf.o | sed 's|[^/]*$|.deps/&|;s|\.o$||'`;\
/root/.local/state/pgb/bin/cc -DHAVE_CONFIG_H -I. -I..   -I/var/tmp/pgb-poc/prefix-nano/include -I/var/tmp/pgb-poc/prefix-nano/include/ncursesw  -g -O2 -Wall -MT vasnprintf.o -MD -MP -MF $depbase.Tpo -c -o vasnprintf.o vasnprintf.c &&\
mv -f $depbase.Tpo $depbase.Po
depbase=`echo vsnprintf.o | sed 's|[^/]*$|.deps/&|;s|\.o$||'`;\
/root/.local/state/pgb/bin/cc -DHAVE_CONFIG_H -I. -I..   -I/var/tmp/pgb-poc/prefix-nano/include -I/var/tmp/pgb-poc/prefix-nano/include/ncursesw  -g -O2 -Wall -MT vsnprintf.o -MD -MP -MF $depbase.Tpo -c -o vsnprintf.o vsnprintf.c &&\
mv -f $depbase.Tpo $depbase.Po
/root/.local/state/pgb/bin/cc -DHAVE_CONFIG_H -I. -I..   -I/var/tmp/pgb-poc/prefix-nano/include -I/var/tmp/pgb-poc/prefix-nano/include/ncursesw  -Wno-cast-qual -Wno-conversion -Wno-float-equal -Wno-sign-compare -Wno-undef -Wno-unused-function -Wno-unused-parameter -Wno-float-conversion -Wimplicit-fallthrough -Wno-pedantic -Wno-sign-conversion -Wno-type-limits -Wno-unsuffixed-float-constants -g -O2 -Wall -MT malloc/libgnu_a-dynarray_at_failure.o -MD -MP -MF malloc/.deps/libgnu_a-dynarray_at_failure.Tpo -c -o malloc/libgnu_a-dynarray_at_failure.o `test -f 'malloc/dynarray_at_failure.c' || echo './'`malloc/dynarray_at_failure.c
/root/.local/state/pgb/bin/cc -DHAVE_CONFIG_H -I. -I..   -I/var/tmp/pgb-poc/prefix-nano/include -I/var/tmp/pgb-poc/prefix-nano/include/ncursesw  -Wno-cast-qual -Wno-conversion -Wno-float-equal -Wno-sign-compare -Wno-undef -Wno-unused-function -Wno-unused-parameter -Wno-float-conversion -Wimplicit-fallthrough -Wno-pedantic -Wno-sign-conversion -Wno-type-limits -Wno-unsuffixed-float-constants -g -O2 -Wall -MT malloc/libgnu_a-dynarray_emplace_enlarge.o -MD -MP -MF malloc/.deps/libgnu_a-dynarray_emplace_enlarge.Tpo -c -o malloc/libgnu_a-dynarray_emplace_enlarge.o `test -f 'malloc/dynarray_emplace_enlarge.c' || echo './'`malloc/dynarray_emplace_enlarge.c
mv -f malloc/.deps/libgnu_a-dynarray_at_failure.Tpo malloc/.deps/libgnu_a-dynarray_at_failure.Po
/root/.local/state/pgb/bin/cc -DHAVE_CONFIG_H -I. -I..   -I/var/tmp/pgb-poc/prefix-nano/include -I/var/tmp/pgb-poc/prefix-nano/include/ncursesw  -Wno-cast-qual -Wno-conversion -Wno-float-equal -Wno-sign-compare -Wno-undef -Wno-unused-function -Wno-unused-parameter -Wno-float-conversion -Wimplicit-fallthrough -Wno-pedantic -Wno-sign-conversion -Wno-type-limits -Wno-unsuffixed-float-constants -g -O2 -Wall -MT malloc/libgnu_a-dynarray_finalize.o -MD -MP -MF malloc/.deps/libgnu_a-dynarray_finalize.Tpo -c -o malloc/libgnu_a-dynarray_finalize.o `test -f 'malloc/dynarray_finalize.c' || echo './'`malloc/dynarray_finalize.c
mv -f malloc/.deps/libgnu_a-dynarray_emplace_enlarge.Tpo malloc/.deps/libgnu_a-dynarray_emplace_enlarge.Po
/root/.local/state/pgb/bin/cc -DHAVE_CONFIG_H -I. -I..   -I/var/tmp/pgb-poc/prefix-nano/include -I/var/tmp/pgb-poc/prefix-nano/include/ncursesw  -Wno-cast-qual -Wno-conversion -Wno-float-equal -Wno-sign-compare -Wno-undef -Wno-unused-function -Wno-unused-parameter -Wno-float-conversion -Wimplicit-fallthrough -Wno-pedantic -Wno-sign-conversion -Wno-type-limits -Wno-unsuffixed-float-constants -g -O2 -Wall -MT malloc/libgnu_a-dynarray_resize.o -MD -MP -MF malloc/.deps/libgnu_a-dynarray_resize.Tpo -c -o malloc/libgnu_a-dynarray_resize.o `test -f 'malloc/dynarray_resize.c' || echo './'`malloc/dynarray_resize.c
mv -f malloc/.deps/libgnu_a-dynarray_finalize.Tpo malloc/.deps/libgnu_a-dynarray_finalize.Po
/root/.local/state/pgb/bin/cc -DHAVE_CONFIG_H -I. -I..   -I/var/tmp/pgb-poc/prefix-nano/include -I/var/tmp/pgb-poc/prefix-nano/include/ncursesw  -Wno-cast-qual -Wno-conversion -Wno-float-equal -Wno-sign-compare -Wno-undef -Wno-unused-function -Wno-unused-parameter -Wno-float-conversion -Wimplicit-fallthrough -Wno-pedantic -Wno-sign-conversion -Wno-type-limits -Wno-unsuffixed-float-constants -g -O2 -Wall -MT malloc/libgnu_a-dynarray_resize_clear.o -MD -MP -MF malloc/.deps/libgnu_a-dynarray_resize_clear.Tpo -c -o malloc/libgnu_a-dynarray_resize_clear.o `test -f 'malloc/dynarray_resize_clear.c' || echo './'`malloc/dynarray_resize_clear.c
/root/.local/state/pgb/bin/cc -DHAVE_CONFIG_H -I. -I..   -I/var/tmp/pgb-poc/prefix-nano/include -I/var/tmp/pgb-poc/prefix-nano/include/ncursesw  -Wno-cast-qual -Wno-conversion -Wno-float-equal -Wno-sign-compare -Wno-undef -Wno-unused-function -Wno-unused-parameter -Wno-float-conversion -Wimplicit-fallthrough -Wno-pedantic -Wno-sign-conversion -Wno-type-limits -Wno-unsuffixed-float-constants -g -O2 -Wall -MT malloc/libgnu_a-scratch_buffer_grow.o -MD -MP -MF malloc/.deps/libgnu_a-scratch_buffer_grow.Tpo -c -o malloc/libgnu_a-scratch_buffer_grow.o `test -f 'malloc/scratch_buffer_grow.c' || echo './'`malloc/scratch_buffer_grow.c
mv -f malloc/.deps/libgnu_a-dynarray_resize_clear.Tpo malloc/.deps/libgnu_a-dynarray_resize_clear.Po
mv -f malloc/.deps/libgnu_a-dynarray_resize.Tpo malloc/.deps/libgnu_a-dynarray_resize.Po
/root/.local/state/pgb/bin/cc -DHAVE_CONFIG_H -I. -I..   -I/var/tmp/pgb-poc/prefix-nano/include -I/var/tmp/pgb-poc/prefix-nano/include/ncursesw  -Wno-cast-qual -Wno-conversion -Wno-float-equal -Wno-sign-compare -Wno-undef -Wno-unused-function -Wno-unused-parameter -Wno-float-conversion -Wimplicit-fallthrough -Wno-pedantic -Wno-sign-conversion -Wno-type-limits -Wno-unsuffixed-float-constants -g -O2 -Wall -MT malloc/libgnu_a-scratch_buffer_grow_preserve.o -MD -MP -MF malloc/.deps/libgnu_a-scratch_buffer_grow_preserve.Tpo -c -o malloc/libgnu_a-scratch_buffer_grow_preserve.o `test -f 'malloc/scratch_buffer_grow_preserve.c' || echo './'`malloc/scratch_buffer_grow_preserve.c
/root/.local/state/pgb/bin/cc -DHAVE_CONFIG_H -I. -I..   -I/var/tmp/pgb-poc/prefix-nano/include -I/var/tmp/pgb-poc/prefix-nano/include/ncursesw  -Wno-cast-qual -Wno-conversion -Wno-float-equal -Wno-sign-compare -Wno-undef -Wno-unused-function -Wno-unused-parameter -Wno-float-conversion -Wimplicit-fallthrough -Wno-pedantic -Wno-sign-conversion -Wno-type-limits -Wno-unsuffixed-float-constants -g -O2 -Wall -MT malloc/libgnu_a-scratch_buffer_set_array_size.o -MD -MP -MF malloc/.deps/libgnu_a-scratch_buffer_set_array_size.Tpo -c -o malloc/libgnu_a-scratch_buffer_set_array_size.o `test -f 'malloc/scratch_buffer_set_array_size.c' || echo './'`malloc/scratch_buffer_set_array_size.c
mv -f malloc/.deps/libgnu_a-scratch_buffer_grow.Tpo malloc/.deps/libgnu_a-scratch_buffer_grow.Po
/root/.local/state/pgb/bin/cc -DHAVE_CONFIG_H -I. -I..   -I/var/tmp/pgb-poc/prefix-nano/include -I/var/tmp/pgb-poc/prefix-nano/include/ncursesw  -Wno-cast-qual -Wno-conversion -Wno-float-equal -Wno-sign-compare -Wno-undef -Wno-unused-function -Wno-unused-parameter -Wno-float-conversion -Wimplicit-fallthrough -Wno-pedantic -Wno-sign-conversion -Wno-type-limits -Wno-unsuffixed-float-constants -g -O2 -Wall -MT glthread/libgnu_a-lock.o -MD -MP -MF glthread/.deps/libgnu_a-lock.Tpo -c -o glthread/libgnu_a-lock.o `test -f 'glthread/lock.c' || echo './'`glthread/lock.c
mv -f malloc/.deps/libgnu_a-scratch_buffer_grow_preserve.Tpo malloc/.deps/libgnu_a-scratch_buffer_grow_preserve.Po
mv -f malloc/.deps/libgnu_a-scratch_buffer_set_array_size.Tpo malloc/.deps/libgnu_a-scratch_buffer_set_array_size.Po
/root/.local/state/pgb/bin/cc -DHAVE_CONFIG_H -I. -I..   -I/var/tmp/pgb-poc/prefix-nano/include -I/var/tmp/pgb-poc/prefix-nano/include/ncursesw  -Wno-cast-qual -Wno-conversion -Wno-float-equal -Wno-sign-compare -Wno-undef -Wno-unused-function -Wno-unused-parameter -Wno-float-conversion -Wimplicit-fallthrough -Wno-pedantic -Wno-sign-conversion -Wno-type-limits -Wno-unsuffixed-float-constants -g -O2 -Wall -MT unicase/libgnu_a-tolower.o -MD -MP -MF unicase/.deps/libgnu_a-tolower.Tpo -c -o unicase/libgnu_a-tolower.o `test -f 'unicase/tolower.c' || echo './'`unicase/tolower.c
/root/.local/state/pgb/bin/cc -DHAVE_CONFIG_H -I. -I..   -I/var/tmp/pgb-poc/prefix-nano/include -I/var/tmp/pgb-poc/prefix-nano/include/ncursesw  -Wno-cast-qual -Wno-conversion -Wno-float-equal -Wno-sign-compare -Wno-undef -Wno-unused-function -Wno-unused-parameter -Wno-float-conversion -Wimplicit-fallthrough -Wno-pedantic -Wno-sign-conversion -Wno-type-limits -Wno-unsuffixed-float-constants -g -O2 -Wall -MT unictype/libgnu_a-ctype_alnum.o -MD -MP -MF unictype/.deps/libgnu_a-ctype_alnum.Tpo -c -o unictype/libgnu_a-ctype_alnum.o `test -f 'unictype/ctype_alnum.c' || echo './'`unictype/ctype_alnum.c
mv -f glthread/.deps/libgnu_a-lock.Tpo glthread/.deps/libgnu_a-lock.Po
/root/.local/state/pgb/bin/cc -DHAVE_CONFIG_H -I. -I..   -I/var/tmp/pgb-poc/prefix-nano/include -I/var/tmp/pgb-poc/prefix-nano/include/ncursesw  -Wno-cast-qual -Wno-conversion -Wno-float-equal -Wno-sign-compare -Wno-undef -Wno-unused-function -Wno-unused-parameter -Wno-float-conversion -Wimplicit-fallthrough -Wno-pedantic -Wno-sign-conversion -Wno-type-limits -Wno-unsuffixed-float-constants -g -O2 -Wall -MT unictype/libgnu_a-ctype_alpha.o -MD -MP -MF unictype/.deps/libgnu_a-ctype_alpha.Tpo -c -o unictype/libgnu_a-ctype_alpha.o `test -f 'unictype/ctype_alpha.c' || echo './'`unictype/ctype_alpha.c
mv -f unictype/.deps/libgnu_a-ctype_alnum.Tpo unictype/.deps/libgnu_a-ctype_alnum.Po
/root/.local/state/pgb/bin/cc -DHAVE_CONFIG_H -I. -I..   -I/var/tmp/pgb-poc/prefix-nano/include -I/var/tmp/pgb-poc/prefix-nano/include/ncursesw  -Wno-cast-qual -Wno-conversion -Wno-float-equal -Wno-sign-compare -Wno-undef -Wno-unused-function -Wno-unused-parameter -Wno-float-conversion -Wimplicit-fallthrough -Wno-pedantic -Wno-sign-conversion -Wno-type-limits -Wno-unsuffixed-float-constants -g -O2 -Wall -MT unictype/libgnu_a-ctype_blank.o -MD -MP -MF unictype/.deps/libgnu_a-ctype_blank.Tpo -c -o unictype/libgnu_a-ctype_blank.o `test -f 'unictype/ctype_blank.c' || echo './'`unictype/ctype_blank.c
mv -f unicase/.deps/libgnu_a-tolower.Tpo unicase/.deps/libgnu_a-tolower.Po
mv -f unictype/.deps/libgnu_a-ctype_alpha.Tpo unictype/.deps/libgnu_a-ctype_alpha.Po
/root/.local/state/pgb/bin/cc -DHAVE_CONFIG_H -I. -I..   -I/var/tmp/pgb-poc/prefix-nano/include -I/var/tmp/pgb-poc/prefix-nano/include/ncursesw  -Wno-cast-qual -Wno-conversion -Wno-float-equal -Wno-sign-compare -Wno-undef -Wno-unused-function -Wno-unused-parameter -Wno-float-conversion -Wimplicit-fallthrough -Wno-pedantic -Wno-sign-conversion -Wno-type-limits -Wno-unsuffixed-float-constants -g -O2 -Wall -MT unictype/libgnu_a-ctype_cntrl.o -MD -MP -MF unictype/.deps/libgnu_a-ctype_cntrl.Tpo -c -o unictype/libgnu_a-ctype_cntrl.o `test -f 'unictype/ctype_cntrl.c' || echo './'`unictype/ctype_cntrl.c
/root/.local/state/pgb/bin/cc -DHAVE_CONFIG_H -I. -I..   -I/var/tmp/pgb-poc/prefix-nano/include -I/var/tmp/pgb-poc/prefix-nano/include/ncursesw  -Wno-cast-qual -Wno-conversion -Wno-float-equal -Wno-sign-compare -Wno-undef -Wno-unused-function -Wno-unused-parameter -Wno-float-conversion -Wimplicit-fallthrough -Wno-pedantic -Wno-sign-conversion -Wno-type-limits -Wno-unsuffixed-float-constants -g -O2 -Wall -MT unictype/libgnu_a-ctype_digit.o -MD -MP -MF unictype/.deps/libgnu_a-ctype_digit.Tpo -c -o unictype/libgnu_a-ctype_digit.o `test -f 'unictype/ctype_digit.c' || echo './'`unictype/ctype_digit.c
mv -f unictype/.deps/libgnu_a-ctype_blank.Tpo unictype/.deps/libgnu_a-ctype_blank.Po
/root/.local/state/pgb/bin/cc -DHAVE_CONFIG_H -I. -I..   -I/var/tmp/pgb-poc/prefix-nano/include -I/var/tmp/pgb-poc/prefix-nano/include/ncursesw  -Wno-cast-qual -Wno-conversion -Wno-float-equal -Wno-sign-compare -Wno-undef -Wno-unused-function -Wno-unused-parameter -Wno-float-conversion -Wimplicit-fallthrough -Wno-pedantic -Wno-sign-conversion -Wno-type-limits -Wno-unsuffixed-float-constants -g -O2 -Wall -MT unictype/libgnu_a-ctype_graph.o -MD -MP -MF unictype/.deps/libgnu_a-ctype_graph.Tpo -c -o unictype/libgnu_a-ctype_graph.o `test -f 'unictype/ctype_graph.c' || echo './'`unictype/ctype_graph.c
mv -f unictype/.deps/libgnu_a-ctype_cntrl.Tpo unictype/.deps/libgnu_a-ctype_cntrl.Po
mv -f unictype/.deps/libgnu_a-ctype_digit.Tpo unictype/.deps/libgnu_a-ctype_digit.Po
/root/.local/state/pgb/bin/cc -DHAVE_CONFIG_H -I. -I..   -I/var/tmp/pgb-poc/prefix-nano/include -I/var/tmp/pgb-poc/prefix-nano/include/ncursesw  -Wno-cast-qual -Wno-conversion -Wno-float-equal -Wno-sign-compare -Wno-undef -Wno-unused-function -Wno-unused-parameter -Wno-float-conversion -Wimplicit-fallthrough -Wno-pedantic -Wno-sign-conversion -Wno-type-limits -Wno-unsuffixed-float-constants -g -O2 -Wall -MT unictype/libgnu_a-ctype_lower.o -MD -MP -MF unictype/.deps/libgnu_a-ctype_lower.Tpo -c -o unictype/libgnu_a-ctype_lower.o `test -f 'unictype/ctype_lower.c' || echo './'`unictype/ctype_lower.c
/root/.local/state/pgb/bin/cc -DHAVE_CONFIG_H -I. -I..   -I/var/tmp/pgb-poc/prefix-nano/include -I/var/tmp/pgb-poc/prefix-nano/include/ncursesw  -Wno-cast-qual -Wno-conversion -Wno-float-equal -Wno-sign-compare -Wno-undef -Wno-unused-function -Wno-unused-parameter -Wno-float-conversion -Wimplicit-fallthrough -Wno-pedantic -Wno-sign-conversion -Wno-type-limits -Wno-unsuffixed-float-constants -g -O2 -Wall -MT unictype/libgnu_a-ctype_print.o -MD -MP -MF unictype/.deps/libgnu_a-ctype_print.Tpo -c -o unictype/libgnu_a-ctype_print.o `test -f 'unictype/ctype_print.c' || echo './'`unictype/ctype_print.c
mv -f unictype/.deps/libgnu_a-ctype_graph.Tpo unictype/.deps/libgnu_a-ctype_graph.Po
/root/.local/state/pgb/bin/cc -DHAVE_CONFIG_H -I. -I..   -I/var/tmp/pgb-poc/prefix-nano/include -I/var/tmp/pgb-poc/prefix-nano/include/ncursesw  -Wno-cast-qual -Wno-conversion -Wno-float-equal -Wno-sign-compare -Wno-undef -Wno-unused-function -Wno-unused-parameter -Wno-float-conversion -Wimplicit-fallthrough -Wno-pedantic -Wno-sign-conversion -Wno-type-limits -Wno-unsuffixed-float-constants -g -O2 -Wall -MT unictype/libgnu_a-ctype_punct.o -MD -MP -MF unictype/.deps/libgnu_a-ctype_punct.Tpo -c -o unictype/libgnu_a-ctype_punct.o `test -f 'unictype/ctype_punct.c' || echo './'`unictype/ctype_punct.c
mv -f unictype/.deps/libgnu_a-ctype_lower.Tpo unictype/.deps/libgnu_a-ctype_lower.Po
/root/.local/state/pgb/bin/cc -DHAVE_CONFIG_H -I. -I..   -I/var/tmp/pgb-poc/prefix-nano/include -I/var/tmp/pgb-poc/prefix-nano/include/ncursesw  -Wno-cast-qual -Wno-conversion -Wno-float-equal -Wno-sign-compare -Wno-undef -Wno-unused-function -Wno-unused-parameter -Wno-float-conversion -Wimplicit-fallthrough -Wno-pedantic -Wno-sign-conversion -Wno-type-limits -Wno-unsuffixed-float-constants -g -O2 -Wall -MT unictype/libgnu_a-ctype_space.o -MD -MP -MF unictype/.deps/libgnu_a-ctype_space.Tpo -c -o unictype/libgnu_a-ctype_space.o `test -f 'unictype/ctype_space.c' || echo './'`unictype/ctype_space.c
mv -f unictype/.deps/libgnu_a-ctype_print.Tpo unictype/.deps/libgnu_a-ctype_print.Po
/root/.local/state/pgb/bin/cc -DHAVE_CONFIG_H -I. -I..   -I/var/tmp/pgb-poc/prefix-nano/include -I/var/tmp/pgb-poc/prefix-nano/include/ncursesw  -Wno-cast-qual -Wno-conversion -Wno-float-equal -Wno-sign-compare -Wno-undef -Wno-unused-function -Wno-unused-parameter -Wno-float-conversion -Wimplicit-fallthrough -Wno-pedantic -Wno-sign-conversion -Wno-type-limits -Wno-unsuffixed-float-constants -g -O2 -Wall -MT unictype/libgnu_a-ctype_upper.o -MD -MP -MF unictype/.deps/libgnu_a-ctype_upper.Tpo -c -o unictype/libgnu_a-ctype_upper.o `test -f 'unictype/ctype_upper.c' || echo './'`unictype/ctype_upper.c
mv -f unictype/.deps/libgnu_a-ctype_punct.Tpo unictype/.deps/libgnu_a-ctype_punct.Po
/root/.local/state/pgb/bin/cc -DHAVE_CONFIG_H -I. -I..   -I/var/tmp/pgb-poc/prefix-nano/include -I/var/tmp/pgb-poc/prefix-nano/include/ncursesw  -Wno-cast-qual -Wno-conversion -Wno-float-equal -Wno-sign-compare -Wno-undef -Wno-unused-function -Wno-unused-parameter -Wno-float-conversion -Wimplicit-fallthrough -Wno-pedantic -Wno-sign-conversion -Wno-type-limits -Wno-unsuffixed-float-constants -g -O2 -Wall -MT unictype/libgnu_a-ctype_xdigit.o -MD -MP -MF unictype/.deps/libgnu_a-ctype_xdigit.Tpo -c -o unictype/libgnu_a-ctype_xdigit.o `test -f 'unictype/ctype_xdigit.c' || echo './'`unictype/ctype_xdigit.c
mv -f unictype/.deps/libgnu_a-ctype_space.Tpo unictype/.deps/libgnu_a-ctype_space.Po
/root/.local/state/pgb/bin/cc -DHAVE_CONFIG_H -I. -I..   -I/var/tmp/pgb-poc/prefix-nano/include -I/var/tmp/pgb-poc/prefix-nano/include/ncursesw  -Wno-cast-qual -Wno-conversion -Wno-float-equal -Wno-sign-compare -Wno-undef -Wno-unused-function -Wno-unused-parameter -Wno-float-conversion -Wimplicit-fallthrough -Wno-pedantic -Wno-sign-conversion -Wno-type-limits -Wno-unsuffixed-float-constants -g -O2 -Wall -MT unistr/libgnu_a-u32-chr.o -MD -MP -MF unistr/.deps/libgnu_a-u32-chr.Tpo -c -o unistr/libgnu_a-u32-chr.o `test -f 'unistr/u32-chr.c' || echo './'`unistr/u32-chr.c
mv -f unictype/.deps/libgnu_a-ctype_upper.Tpo unictype/.deps/libgnu_a-ctype_upper.Po
/root/.local/state/pgb/bin/cc -DHAVE_CONFIG_H -I. -I..   -I/var/tmp/pgb-poc/prefix-nano/include -I/var/tmp/pgb-poc/prefix-nano/include/ncursesw  -Wno-cast-qual -Wno-conversion -Wno-float-equal -Wno-sign-compare -Wno-undef -Wno-unused-function -Wno-unused-parameter -Wno-float-conversion -Wimplicit-fallthrough -Wno-pedantic -Wno-sign-conversion -Wno-type-limits -Wno-unsuffixed-float-constants -g -O2 -Wall -MT unistr/libgnu_a-u32-cpy.o -MD -MP -MF unistr/.deps/libgnu_a-u32-cpy.Tpo -c -o unistr/libgnu_a-u32-cpy.o `test -f 'unistr/u32-cpy.c' || echo './'`unistr/u32-cpy.c
mv -f unictype/.deps/libgnu_a-ctype_xdigit.Tpo unictype/.deps/libgnu_a-ctype_xdigit.Po
/root/.local/state/pgb/bin/cc -DHAVE_CONFIG_H -I. -I..   -I/var/tmp/pgb-poc/prefix-nano/include -I/var/tmp/pgb-poc/prefix-nano/include/ncursesw  -Wno-cast-qual -Wno-conversion -Wno-float-equal -Wno-sign-compare -Wno-undef -Wno-unused-function -Wno-unused-parameter -Wno-float-conversion -Wimplicit-fallthrough -Wno-pedantic -Wno-sign-conversion -Wno-type-limits -Wno-unsuffixed-float-constants -g -O2 -Wall -MT unistr/libgnu_a-u32-pcpy.o -MD -MP -MF unistr/.deps/libgnu_a-u32-pcpy.Tpo -c -o unistr/libgnu_a-u32-pcpy.o `test -f 'unistr/u32-pcpy.c' || echo './'`unistr/u32-pcpy.c
mv -f unistr/.deps/libgnu_a-u32-chr.Tpo unistr/.deps/libgnu_a-u32-chr.Po
/root/.local/state/pgb/bin/cc -DHAVE_CONFIG_H -I. -I..   -I/var/tmp/pgb-poc/prefix-nano/include -I/var/tmp/pgb-poc/prefix-nano/include/ncursesw  -Wno-cast-qual -Wno-conversion -Wno-float-equal -Wno-sign-compare -Wno-undef -Wno-unused-function -Wno-unused-parameter -Wno-float-conversion -Wimplicit-fallthrough -Wno-pedantic -Wno-sign-conversion -Wno-type-limits -Wno-unsuffixed-float-constants -g -O2 -Wall -MT unistr/libgnu_a-u32-strcat.o -MD -MP -MF unistr/.deps/libgnu_a-u32-strcat.Tpo -c -o unistr/libgnu_a-u32-strcat.o `test -f 'unistr/u32-strcat.c' || echo './'`unistr/u32-strcat.c
mv -f unistr/.deps/libgnu_a-u32-cpy.Tpo unistr/.deps/libgnu_a-u32-cpy.Po
/root/.local/state/pgb/bin/cc -DHAVE_CONFIG_H -I. -I..   -I/var/tmp/pgb-poc/prefix-nano/include -I/var/tmp/pgb-poc/prefix-nano/include/ncursesw  -Wno-cast-qual -Wno-conversion -Wno-float-equal -Wno-sign-compare -Wno-undef -Wno-unused-function -Wno-unused-parameter -Wno-float-conversion -Wimplicit-fallthrough -Wno-pedantic -Wno-sign-conversion -Wno-type-limits -Wno-unsuffixed-float-constants -g -O2 -Wall -MT unistr/libgnu_a-u32-strlen.o -MD -MP -MF unistr/.deps/libgnu_a-u32-strlen.Tpo -c -o unistr/libgnu_a-u32-strlen.o `test -f 'unistr/u32-strlen.c' || echo './'`unistr/u32-strlen.c
mv -f unistr/.deps/libgnu_a-u32-pcpy.Tpo unistr/.deps/libgnu_a-u32-pcpy.Po
/root/.local/state/pgb/bin/cc -DHAVE_CONFIG_H -I. -I..   -I/var/tmp/pgb-poc/prefix-nano/include -I/var/tmp/pgb-poc/prefix-nano/include/ncursesw  -Wno-cast-qual -Wno-conversion -Wno-float-equal -Wno-sign-compare -Wno-undef -Wno-unused-function -Wno-unused-parameter -Wno-float-conversion -Wimplicit-fallthrough -Wno-pedantic -Wno-sign-conversion -Wno-type-limits -Wno-unsuffixed-float-constants -g -O2 -Wall -MT uniwidth/libgnu_a-width.o -MD -MP -MF uniwidth/.deps/libgnu_a-width.Tpo -c -o uniwidth/libgnu_a-width.o `test -f 'uniwidth/width.c' || echo './'`uniwidth/width.c
mv -f unistr/.deps/libgnu_a-u32-strcat.Tpo unistr/.deps/libgnu_a-u32-strcat.Po
mv -f unistr/.deps/libgnu_a-u32-strlen.Tpo unistr/.deps/libgnu_a-u32-strlen.Po
mv -f uniwidth/.deps/libgnu_a-width.Tpo uniwidth/.deps/libgnu_a-width.Po
rm -f libgnu.a
ar cr libgnu.a libgnu_a-openat-proc.o libgnu_a-basename-lgpl.o libgnu_a-btoc32.o libgnu_a-btowc.o libgnu_a-c32_apply_type_test.o libgnu_a-c32_get_type_test.o libgnu_a-c32isalnum.o libgnu_a-c32isalpha.o libgnu_a-c32isblank.o libgnu_a-c32iscntrl.o libgnu_a-c32isdigit.o libgnu_a-c32isgraph.o libgnu_a-c32islower.o libgnu_a-c32isprint.o libgnu_a-c32ispunct.o libgnu_a-c32isspace.o libgnu_a-c32isupper.o libgnu_a-c32isxdigit.o libgnu_a-c32tolower.o  libgnu_a-chdir-long.o libgnu_a-cloexec.o    libgnu_a-dirname-lgpl.o libgnu_a-stripslash.o   libgnu_a-exitfail.o  libgnu_a-fcntl.o libgnu_a-fd-hook.o libgnu_a-fd-safer-flag.o libgnu_a-dup-safer-flag.o libgnu_a-filenamecat-lgpl.o libgnu_a-float.o            libgnu_a-getprogname.o  libgnu_a-gettime.o  malloc/libgnu_a-dynarray_at_failure.o malloc/libgnu_a-dynarray_emplace_enlarge.o malloc/libgnu_a-dynarray_finalize.o malloc/libgnu_a-dynarray_resize.o malloc/libgnu_a-dynarray_resize_clear.o malloc/libgnu_a-scratch_buffer_grow.o malloc/libgnu_a-scratch_buffer_grow_preserve.o malloc/libgnu_a-scratch_buffer_set_array_size.o   libgnu_a-hard-locale.o       libgnu_a-localcharset.o  glthread/libgnu_a-lock.o  libgnu_a-malloca.o libgnu_a-math.o libgnu_a-mbrtoc32.o libgnu_a-mbrtowc.o  libgnu_a-mbsrtoc32s.o libgnu_a-mbsrtowcs.o libgnu_a-mbszero.o           glthread/libgnu_a-once.o   libgnu_a-openat-die.o   libgnu_a-printf-frexp.o libgnu_a-printf-frexpl.o       libgnu_a-save-cwd.o libgnu_a-setlocale_null.o  libgnu_a-setlocale_null-unlocked.o  libgnu_a-sig-handler.o    libgnu_a-stat-time.o         libgnu_a-strnlen1.o libgnu_a-tempname.o glthread/libgnu_a-threadlib.o libgnu_a-timespec.o unicase/libgnu_a-tolower.o unictype/libgnu_a-ctype_alnum.o unictype/libgnu_a-ctype_alpha.o unictype/libgnu_a-ctype_blank.o unictype/libgnu_a-ctype_cntrl.o unictype/libgnu_a-ctype_digit.o unictype/libgnu_a-ctype_graph.o unictype/libgnu_a-ctype_lower.o unictype/libgnu_a-ctype_print.o unictype/libgnu_a-ctype_punct.o unictype/libgnu_a-ctype_space.o unictype/libgnu_a-ctype_upper.o unictype/libgnu_a-ctype_xdigit.o libgnu_a-unistd.o libgnu_a-dup-safer.o libgnu_a-fd-safer.o libgnu_a-pipe-safer.o unistr/libgnu_a-u32-chr.o unistr/libgnu_a-u32-cpy.o unistr/libgnu_a-u32-pcpy.o unistr/libgnu_a-u32-strcat.o unistr/libgnu_a-u32-strlen.o uniwidth/libgnu_a-width.o  libgnu_a-utimens.o libgnu_a-vsnzprintf.o   libgnu_a-wctype-h.o        libgnu_a-xsize.o asnprintf.o mbsrtoc32s-state.o mbsrtowcs-state.o printf-args.o printf-parse.o snprintf.o vasnprintf.o vsnprintf.o 
ranlib libgnu.a
make[4]: Leaving directory '/var/tmp/pgb-poc/nano-8.2/lib'
make[3]: Leaving directory '/var/tmp/pgb-poc/nano-8.2/lib'
make[2]: Leaving directory '/var/tmp/pgb-poc/nano-8.2/lib'
Making all in m4
make[2]: Entering directory '/var/tmp/pgb-poc/nano-8.2/m4'
make[2]: Nothing to be done for 'all'.
make[2]: Leaving directory '/var/tmp/pgb-poc/nano-8.2/m4'
Making all in po
make[2]: Entering directory '/var/tmp/pgb-poc/nano-8.2/po'
Makefile:149: warning: ignoring prerequisites on suffix rule definition
make[2]: Nothing to be done for 'all'.
make[2]: Leaving directory '/var/tmp/pgb-poc/nano-8.2/po'
Making all in src
make[2]: Entering directory '/var/tmp/pgb-poc/nano-8.2/src'
/root/.local/state/pgb/bin/cc -DHAVE_CONFIG_H -I. -I..  -DLOCALEDIR=\"/usr/local/share/locale\" -DSYSCONFDIR=\"/usr/local/etc\" -I../lib -I../lib -I/var/tmp/pgb-poc/prefix-nano/include -I/var/tmp/pgb-poc/prefix-nano/include/ncursesw  -g -O2 -Wall -MT browser.o -MD -MP -MF .deps/browser.Tpo -c -o browser.o browser.c
/root/.local/state/pgb/bin/cc -DHAVE_CONFIG_H -I. -I..  -DLOCALEDIR=\"/usr/local/share/locale\" -DSYSCONFDIR=\"/usr/local/etc\" -I../lib -I../lib -I/var/tmp/pgb-poc/prefix-nano/include -I/var/tmp/pgb-poc/prefix-nano/include/ncursesw  -g -O2 -Wall -MT chars.o -MD -MP -MF .deps/chars.Tpo -c -o chars.o chars.c
/root/.local/state/pgb/bin/cc -DHAVE_CONFIG_H -I. -I..  -DLOCALEDIR=\"/usr/local/share/locale\" -DSYSCONFDIR=\"/usr/local/etc\" -I../lib -I../lib -I/var/tmp/pgb-poc/prefix-nano/include -I/var/tmp/pgb-poc/prefix-nano/include/ncursesw  -g -O2 -Wall -MT color.o -MD -MP -MF .deps/color.Tpo -c -o color.o color.c
/root/.local/state/pgb/bin/cc -DHAVE_CONFIG_H -I. -I..  -DLOCALEDIR=\"/usr/local/share/locale\" -DSYSCONFDIR=\"/usr/local/etc\" -I../lib -I../lib -I/var/tmp/pgb-poc/prefix-nano/include -I/var/tmp/pgb-poc/prefix-nano/include/ncursesw  -g -O2 -Wall -MT cut.o -MD -MP -MF .deps/cut.Tpo -c -o cut.o cut.c
mv -f .deps/color.Tpo .deps/color.Po
/root/.local/state/pgb/bin/cc -DHAVE_CONFIG_H -I. -I..  -DLOCALEDIR=\"/usr/local/share/locale\" -DSYSCONFDIR=\"/usr/local/etc\" -I../lib -I../lib -I/var/tmp/pgb-poc/prefix-nano/include -I/var/tmp/pgb-poc/prefix-nano/include/ncursesw  -g -O2 -Wall -MT files.o -MD -MP -MF .deps/files.Tpo -c -o files.o files.c
mv -f .deps/chars.Tpo .deps/chars.Po
/root/.local/state/pgb/bin/cc -DHAVE_CONFIG_H -I. -I..  -DLOCALEDIR=\"/usr/local/share/locale\" -DSYSCONFDIR=\"/usr/local/etc\" -I../lib -I../lib -I/var/tmp/pgb-poc/prefix-nano/include -I/var/tmp/pgb-poc/prefix-nano/include/ncursesw  -g -O2 -Wall -MT global.o -MD -MP -MF .deps/global.Tpo -c -o global.o global.c
mv -f .deps/browser.Tpo .deps/browser.Po
/root/.local/state/pgb/bin/cc -DHAVE_CONFIG_H -I. -I..  -DLOCALEDIR=\"/usr/local/share/locale\" -DSYSCONFDIR=\"/usr/local/etc\" -I../lib -I../lib -I/var/tmp/pgb-poc/prefix-nano/include -I/var/tmp/pgb-poc/prefix-nano/include/ncursesw  -g -O2 -Wall -MT help.o -MD -MP -MF .deps/help.Tpo -c -o help.o help.c
mv -f .deps/cut.Tpo .deps/cut.Po
/root/.local/state/pgb/bin/cc -DHAVE_CONFIG_H -I. -I..  -DLOCALEDIR=\"/usr/local/share/locale\" -DSYSCONFDIR=\"/usr/local/etc\" -I../lib -I../lib -I/var/tmp/pgb-poc/prefix-nano/include -I/var/tmp/pgb-poc/prefix-nano/include/ncursesw  -g -O2 -Wall -MT history.o -MD -MP -MF .deps/history.Tpo -c -o history.o history.c
mv -f .deps/help.Tpo .deps/help.Po
/root/.local/state/pgb/bin/cc -DHAVE_CONFIG_H -I. -I..  -DLOCALEDIR=\"/usr/local/share/locale\" -DSYSCONFDIR=\"/usr/local/etc\" -I../lib -I../lib -I/var/tmp/pgb-poc/prefix-nano/include -I/var/tmp/pgb-poc/prefix-nano/include/ncursesw  -g -O2 -Wall -MT move.o -MD -MP -MF .deps/move.Tpo -c -o move.o move.c
mv -f .deps/history.Tpo .deps/history.Po
/root/.local/state/pgb/bin/cc -DHAVE_CONFIG_H -I. -I..  -DLOCALEDIR=\"/usr/local/share/locale\" -DSYSCONFDIR=\"/usr/local/etc\" -I../lib -I../lib -I/var/tmp/pgb-poc/prefix-nano/include -I/var/tmp/pgb-poc/prefix-nano/include/ncursesw  -g -O2 -Wall -MT prompt.o -MD -MP -MF .deps/prompt.Tpo -c -o prompt.o prompt.c
mv -f .deps/move.Tpo .deps/move.Po
/root/.local/state/pgb/bin/cc -DHAVE_CONFIG_H -I. -I..  -DLOCALEDIR=\"/usr/local/share/locale\" -DSYSCONFDIR=\"/usr/local/etc\" -I../lib -I../lib -I/var/tmp/pgb-poc/prefix-nano/include -I/var/tmp/pgb-poc/prefix-nano/include/ncursesw  -g -O2 -Wall -MT rcfile.o -MD -MP -MF .deps/rcfile.Tpo -c -o rcfile.o rcfile.c
mv -f .deps/prompt.Tpo .deps/prompt.Po
/root/.local/state/pgb/bin/cc -DHAVE_CONFIG_H -I. -I..  -DLOCALEDIR=\"/usr/local/share/locale\" -DSYSCONFDIR=\"/usr/local/etc\" -I../lib -I../lib -I/var/tmp/pgb-poc/prefix-nano/include -I/var/tmp/pgb-poc/prefix-nano/include/ncursesw  -g -O2 -Wall -MT search.o -MD -MP -MF .deps/search.Tpo -c -o search.o search.c
mv -f .deps/files.Tpo .deps/files.Po
/root/.local/state/pgb/bin/cc -DHAVE_CONFIG_H -I. -I..  -DLOCALEDIR=\"/usr/local/share/locale\" -DSYSCONFDIR=\"/usr/local/etc\" -I../lib -I../lib -I/var/tmp/pgb-poc/prefix-nano/include -I/var/tmp/pgb-poc/prefix-nano/include/ncursesw  -g -O2 -Wall -MT text.o -MD -MP -MF .deps/text.Tpo -c -o text.o text.c
mv -f .deps/search.Tpo .deps/search.Po
/root/.local/state/pgb/bin/cc -DHAVE_CONFIG_H -I. -I..  -DLOCALEDIR=\"/usr/local/share/locale\" -DSYSCONFDIR=\"/usr/local/etc\" -I../lib -I../lib -I/var/tmp/pgb-poc/prefix-nano/include -I/var/tmp/pgb-poc/prefix-nano/include/ncursesw  -g -O2 -Wall -MT utils.o -MD -MP -MF .deps/utils.Tpo -c -o utils.o utils.c
mv -f .deps/global.Tpo .deps/global.Po
/root/.local/state/pgb/bin/cc -DHAVE_CONFIG_H -I. -I..  -DLOCALEDIR=\"/usr/local/share/locale\" -DSYSCONFDIR=\"/usr/local/etc\" -I../lib -I../lib -I/var/tmp/pgb-poc/prefix-nano/include -I/var/tmp/pgb-poc/prefix-nano/include/ncursesw  -g -O2 -Wall -MT winio.o -MD -MP -MF .deps/winio.Tpo -c -o winio.o winio.c
mv -f .deps/rcfile.Tpo .deps/rcfile.Po
/root/.local/state/pgb/bin/cc -DHAVE_CONFIG_H -I. -I..  -DLOCALEDIR=\"/usr/local/share/locale\" -DSYSCONFDIR=\"/usr/local/etc\" -I../lib -I../lib -I/var/tmp/pgb-poc/prefix-nano/include -I/var/tmp/pgb-poc/prefix-nano/include/ncursesw  -g -O2 -Wall -MT nano.o -MD -MP -MF .deps/nano.Tpo -c -o nano.o nano.c
mv -f .deps/utils.Tpo .deps/utils.Po
mv -f .deps/text.Tpo .deps/text.Po
mv -f .deps/nano.Tpo .deps/nano.Po
mv -f .deps/winio.Tpo .deps/winio.Po
/root/.local/state/pgb/bin/cc  -g -O2 -Wall  -L/var/tmp/pgb-poc/prefix-nano/lib -o nano browser.o chars.o color.o cut.o files.o global.o help.o history.o move.o nano.o prompt.o rcfile.o search.o text.o utils.o winio.o ../lib/libgnu.a    -lncursesw
/usr/bin/ld: files.o: in function `real_dir_from_tilde':
/var/tmp/pgb-poc/nano-8.2/src/files.c:2399: warning: Using 'getpwent' in statically linked applications requires at runtime the shared libraries from the glibc version used for linking
/usr/bin/ld: files.o: in function `write_lockfile':
/var/tmp/pgb-poc/nano-8.2/src/files.c:153: warning: Using 'getpwuid' in statically linked applications requires at runtime the shared libraries from the glibc version used for linking
/usr/bin/ld: files.o: in function `real_dir_from_tilde':
/var/tmp/pgb-poc/nano-8.2/src/files.c:2401: warning: Using 'endpwent' in statically linked applications requires at runtime the shared libraries from the glibc version used for linking
make[2]: Leaving directory '/var/tmp/pgb-poc/nano-8.2/src'
Making all in syntax
make[2]: Entering directory '/var/tmp/pgb-poc/nano-8.2/syntax'
make[2]: Nothing to be done for 'all'.
make[2]: Leaving directory '/var/tmp/pgb-poc/nano-8.2/syntax'
make[2]: Entering directory '/var/tmp/pgb-poc/nano-8.2'
make[2]: Leaving directory '/var/tmp/pgb-poc/nano-8.2'
make[1]: Leaving directory '/var/tmp/pgb-poc/nano-8.2'
