Creating directory /var/tmp/pgb-poc/prefix-python/bin
Creating directory /var/tmp/pgb-poc/prefix-python/lib
if test "no-framework" = "no-framework" ; then \
	/usr/bin/install -c python /var/tmp/pgb-poc/prefix-python/bin/python3.12; \
else \
	/usr/bin/install -c -s Mac/pythonw /var/tmp/pgb-poc/prefix-python/bin/python3.12; \
fi
if test "3.12" != "3.12"; then \
	if test -f /var/tmp/pgb-poc/prefix-python/bin/python3.12 -o -h /var/tmp/pgb-poc/prefix-python/bin/python3.12; \
	then rm -f /var/tmp/pgb-poc/prefix-python/bin/python3.12; \
	fi; \
	(cd /var/tmp/pgb-poc/prefix-python/bin; ln python3.12 python3.12); \
fi
if test "x" != "x" ; then \
	rm -f /var/tmp/pgb-poc/prefix-python/bin/python3.12-32; \
	lipo  \
		-output /var/tmp/pgb-poc/prefix-python/bin/python3.12-32 \
		/var/tmp/pgb-poc/prefix-python/bin/python3.12; \
fi
if test "x" != "x" ; then \
	rm -f /var/tmp/pgb-poc/prefix-python/bin/python3.12-intel64; \
	lipo  \
		-output /var/tmp/pgb-poc/prefix-python/bin/python3.12-intel64 \
		/var/tmp/pgb-poc/prefix-python/bin/python3.12; \
fi
# Install macOS debug information (if available)
if test -d "python.dSYM"; then \
	echo  /var/tmp/pgb-poc/prefix-python/bin/python3.12; \
	 /var/tmp/pgb-poc/prefix-python/bin/python3.12; \
fi
if test "no-framework" = "no-framework" ; then \
	if test -d "libpython3.12.a.dSYM"; then \
		echo  /var/tmp/pgb-poc/prefix-python/lib/libpython3.12.a; \
		 /var/tmp/pgb-poc/prefix-python/lib/libpython3.12.a; \
	fi \
else \
	if test -d "libpython3.12.a.dSYM"; then \
		echo  /libpython3.12.a; \
       /libpython3.12.a; \
	fi \
fi
The following modules are *disabled* in configure script:
_ctypes_test          _sqlite3              _testbuffer        
_testcapi             _testclinic           _testimportmultiple
_testinternalcapi     _testmultiphase       _xxtestfuzz        
xxsubtype                                                      

The necessary bits to build these optional modules were not found:
_bz2                  _curses               _curses_panel      
_dbm                  _gdbm                 _hashlib           
_lzma                 _ssl                  _tkinter           
_uuid                 readline                                 
To find the necessary bits, look in configure.ac and config.log.

Could not build the ssl module!
Python requires a OpenSSL 1.1.1 or newer

Checked 110 modules (87 built-in, 0 shared, 2 n/a on linux-x86_64, 10 disabled, 11 missing, 0 failed on import)
Creating directory /var/tmp/pgb-poc/prefix-python/lib/python3.12
Creating directory /var/tmp/pgb-poc/prefix-python/lib/python3.12/asyncio
Creating directory /var/tmp/pgb-poc/prefix-python/lib/python3.12/collections
Creating directory /var/tmp/pgb-poc/prefix-python/lib/python3.12/concurrent
Creating directory /var/tmp/pgb-poc/prefix-python/lib/python3.12/concurrent/futures
Creating directory /var/tmp/pgb-poc/prefix-python/lib/python3.12/ctypes
Creating directory /var/tmp/pgb-poc/prefix-python/lib/python3.12/ctypes/macholib
Creating directory /var/tmp/pgb-poc/prefix-python/lib/python3.12/curses
Creating directory /var/tmp/pgb-poc/prefix-python/lib/python3.12/dbm
Creating directory /var/tmp/pgb-poc/prefix-python/lib/python3.12/email
Creating directory /var/tmp/pgb-poc/prefix-python/lib/python3.12/email/mime
Creating directory /var/tmp/pgb-poc/prefix-python/lib/python3.12/encodings
Creating directory /var/tmp/pgb-poc/prefix-python/lib/python3.12/ensurepip
Creating directory /var/tmp/pgb-poc/prefix-python/lib/python3.12/ensurepip/_bundled
Creating directory /var/tmp/pgb-poc/prefix-python/lib/python3.12/html
Creating directory /var/tmp/pgb-poc/prefix-python/lib/python3.12/http
Creating directory /var/tmp/pgb-poc/prefix-python/lib/python3.12/idlelib
Creating directory /var/tmp/pgb-poc/prefix-python/lib/python3.12/idlelib/Icons
Creating directory /var/tmp/pgb-poc/prefix-python/lib/python3.12/importlib
Creating directory /var/tmp/pgb-poc/prefix-python/lib/python3.12/importlib/resources
Creating directory /var/tmp/pgb-poc/prefix-python/lib/python3.12/importlib/metadata
Creating directory /var/tmp/pgb-poc/prefix-python/lib/python3.12/json
Creating directory /var/tmp/pgb-poc/prefix-python/lib/python3.12/lib2to3
Creating directory /var/tmp/pgb-poc/prefix-python/lib/python3.12/lib2to3/fixes
Creating directory /var/tmp/pgb-poc/prefix-python/lib/python3.12/lib2to3/pgen2
Creating directory /var/tmp/pgb-poc/prefix-python/lib/python3.12/logging
Creating directory /var/tmp/pgb-poc/prefix-python/lib/python3.12/multiprocessing
Creating directory /var/tmp/pgb-poc/prefix-python/lib/python3.12/multiprocessing/dummy
Creating directory /var/tmp/pgb-poc/prefix-python/lib/python3.12/pydoc_data
Creating directory /var/tmp/pgb-poc/prefix-python/lib/python3.12/re
Creating directory /var/tmp/pgb-poc/prefix-python/lib/python3.12/site-packages
Creating directory /var/tmp/pgb-poc/prefix-python/lib/python3.12/sqlite3
Creating directory /var/tmp/pgb-poc/prefix-python/lib/python3.12/tkinter
Creating directory /var/tmp/pgb-poc/prefix-python/lib/python3.12/tomllib
Creating directory /var/tmp/pgb-poc/prefix-python/lib/python3.12/turtledemo
Creating directory /var/tmp/pgb-poc/prefix-python/lib/python3.12/unittest
Creating directory /var/tmp/pgb-poc/prefix-python/lib/python3.12/urllib
Creating directory /var/tmp/pgb-poc/prefix-python/lib/python3.12/venv
Creating directory /var/tmp/pgb-poc/prefix-python/lib/python3.12/venv/scripts
Creating directory /var/tmp/pgb-poc/prefix-python/lib/python3.12/venv/scripts/common
Creating directory /var/tmp/pgb-poc/prefix-python/lib/python3.12/venv/scripts/posix
Creating directory /var/tmp/pgb-poc/prefix-python/lib/python3.12/wsgiref
Creating directory /var/tmp/pgb-poc/prefix-python/lib/python3.12/xml
Creating directory /var/tmp/pgb-poc/prefix-python/lib/python3.12/xml/dom
Creating directory /var/tmp/pgb-poc/prefix-python/lib/python3.12/xml/etree
Creating directory /var/tmp/pgb-poc/prefix-python/lib/python3.12/xml/parsers
Creating directory /var/tmp/pgb-poc/prefix-python/lib/python3.12/xml/sax
Creating directory /var/tmp/pgb-poc/prefix-python/lib/python3.12/xmlrpc
Creating directory /var/tmp/pgb-poc/prefix-python/lib/python3.12/zipfile
Creating directory /var/tmp/pgb-poc/prefix-python/lib/python3.12/zipfile/_path
Creating directory /var/tmp/pgb-poc/prefix-python/lib/python3.12/zoneinfo
Creating directory /var/tmp/pgb-poc/prefix-python/lib/python3.12/__phello__
/usr/bin/install -c -m 644 ./Lib/__future__.py /var/tmp/pgb-poc/prefix-python/lib/python3.12
/usr/bin/install -c -m 644 ./Lib/__hello__.py /var/tmp/pgb-poc/prefix-python/lib/python3.12
/usr/bin/install -c -m 644 ./Lib/_aix_support.py /var/tmp/pgb-poc/prefix-python/lib/python3.12
/usr/bin/install -c -m 644 ./Lib/_collections_abc.py /var/tmp/pgb-poc/prefix-python/lib/python3.12
/usr/bin/install -c -m 644 ./Lib/_compat_pickle.py /var/tmp/pgb-poc/prefix-python/lib/python3.12
/usr/bin/install -c -m 644 ./Lib/_compression.py /var/tmp/pgb-poc/prefix-python/lib/python3.12
/usr/bin/install -c -m 644 ./Lib/_markupbase.py /var/tmp/pgb-poc/prefix-python/lib/python3.12
/usr/bin/install -c -m 644 ./Lib/_osx_support.py /var/tmp/pgb-poc/prefix-python/lib/python3.12
/usr/bin/install -c -m 644 ./Lib/_py_abc.py /var/tmp/pgb-poc/prefix-python/lib/python3.12
/usr/bin/install -c -m 644 ./Lib/_pydatetime.py /var/tmp/pgb-poc/prefix-python/lib/python3.12
/usr/bin/install -c -m 644 ./Lib/_pydecimal.py /var/tmp/pgb-poc/prefix-python/lib/python3.12
/usr/bin/install -c -m 644 ./Lib/_pyio.py /var/tmp/pgb-poc/prefix-python/lib/python3.12
/usr/bin/install -c -m 644 ./Lib/_pylong.py /var/tmp/pgb-poc/prefix-python/lib/python3.12
/usr/bin/install -c -m 644 ./Lib/_sitebuiltins.py /var/tmp/pgb-poc/prefix-python/lib/python3.12
/usr/bin/install -c -m 644 ./Lib/_strptime.py /var/tmp/pgb-poc/prefix-python/lib/python3.12
/usr/bin/install -c -m 644 ./Lib/_threading_local.py /var/tmp/pgb-poc/prefix-python/lib/python3.12
/usr/bin/install -c -m 644 ./Lib/_weakrefset.py /var/tmp/pgb-poc/prefix-python/lib/python3.12
/usr/bin/install -c -m 644 ./Lib/abc.py /var/tmp/pgb-poc/prefix-python/lib/python3.12
/usr/bin/install -c -m 644 ./Lib/aifc.py /var/tmp/pgb-poc/prefix-python/lib/python3.12
/usr/bin/install -c -m 644 ./Lib/antigravity.py /var/tmp/pgb-poc/prefix-python/lib/python3.12
/usr/bin/install -c -m 644 ./Lib/argparse.py /var/tmp/pgb-poc/prefix-python/lib/python3.12
/usr/bin/install -c -m 644 ./Lib/ast.py /var/tmp/pgb-poc/prefix-python/lib/python3.12
/usr/bin/install -c ./Lib/base64.py /var/tmp/pgb-poc/prefix-python/lib/python3.12
/usr/bin/install -c -m 644 ./Lib/bdb.py /var/tmp/pgb-poc/prefix-python/lib/python3.12
/usr/bin/install -c -m 644 ./Lib/bisect.py /var/tmp/pgb-poc/prefix-python/lib/python3.12
/usr/bin/install -c -m 644 ./Lib/bz2.py /var/tmp/pgb-poc/prefix-python/lib/python3.12
/usr/bin/install -c ./Lib/cProfile.py /var/tmp/pgb-poc/prefix-python/lib/python3.12
/usr/bin/install -c -m 644 ./Lib/calendar.py /var/tmp/pgb-poc/prefix-python/lib/python3.12
/usr/bin/install -c ./Lib/cgi.py /var/tmp/pgb-poc/prefix-python/lib/python3.12
/usr/bin/install -c -m 644 ./Lib/cgitb.py /var/tmp/pgb-poc/prefix-python/lib/python3.12
/usr/bin/install -c -m 644 ./Lib/chunk.py /var/tmp/pgb-poc/prefix-python/lib/python3.12
/usr/bin/install -c -m 644 ./Lib/cmd.py /var/tmp/pgb-poc/prefix-python/lib/python3.12
/usr/bin/install -c -m 644 ./Lib/code.py /var/tmp/pgb-poc/prefix-python/lib/python3.12
/usr/bin/install -c -m 644 ./Lib/codecs.py /var/tmp/pgb-poc/prefix-python/lib/python3.12
/usr/bin/install -c -m 644 ./Lib/codeop.py /var/tmp/pgb-poc/prefix-python/lib/python3.12
/usr/bin/install -c -m 644 ./Lib/colorsys.py /var/tmp/pgb-poc/prefix-python/lib/python3.12
/usr/bin/install -c -m 644 ./Lib/compileall.py /var/tmp/pgb-poc/prefix-python/lib/python3.12
/usr/bin/install -c -m 644 ./Lib/configparser.py /var/tmp/pgb-poc/prefix-python/lib/python3.12
/usr/bin/install -c -m 644 ./Lib/contextlib.py /var/tmp/pgb-poc/prefix-python/lib/python3.12
/usr/bin/install -c -m 644 ./Lib/contextvars.py /var/tmp/pgb-poc/prefix-python/lib/python3.12
/usr/bin/install -c -m 644 ./Lib/copy.py /var/tmp/pgb-poc/prefix-python/lib/python3.12
/usr/bin/install -c -m 644 ./Lib/copyreg.py /var/tmp/pgb-poc/prefix-python/lib/python3.12
/usr/bin/install -c -m 644 ./Lib/crypt.py /var/tmp/pgb-poc/prefix-python/lib/python3.12
/usr/bin/install -c -m 644 ./Lib/csv.py /var/tmp/pgb-poc/prefix-python/lib/python3.12
/usr/bin/install -c -m 644 ./Lib/dataclasses.py /var/tmp/pgb-poc/prefix-python/lib/python3.12
/usr/bin/install -c -m 644 ./Lib/datetime.py /var/tmp/pgb-poc/prefix-python/lib/python3.12
/usr/bin/install -c -m 644 ./Lib/decimal.py /var/tmp/pgb-poc/prefix-python/lib/python3.12
/usr/bin/install -c -m 644 ./Lib/difflib.py /var/tmp/pgb-poc/prefix-python/lib/python3.12
/usr/bin/install -c -m 644 ./Lib/dis.py /var/tmp/pgb-poc/prefix-python/lib/python3.12
/usr/bin/install -c -m 644 ./Lib/doctest.py /var/tmp/pgb-poc/prefix-python/lib/python3.12
/usr/bin/install -c -m 644 ./Lib/enum.py /var/tmp/pgb-poc/prefix-python/lib/python3.12
/usr/bin/install -c -m 644 ./Lib/filecmp.py /var/tmp/pgb-poc/prefix-python/lib/python3.12
/usr/bin/install -c -m 644 ./Lib/fileinput.py /var/tmp/pgb-poc/prefix-python/lib/python3.12
/usr/bin/install -c -m 644 ./Lib/fnmatch.py /var/tmp/pgb-poc/prefix-python/lib/python3.12
/usr/bin/install -c -m 644 ./Lib/fractions.py /var/tmp/pgb-poc/prefix-python/lib/python3.12
/usr/bin/install -c -m 644 ./Lib/ftplib.py /var/tmp/pgb-poc/prefix-python/lib/python3.12
/usr/bin/install -c -m 644 ./Lib/functools.py /var/tmp/pgb-poc/prefix-python/lib/python3.12
/usr/bin/install -c -m 644 ./Lib/genericpath.py /var/tmp/pgb-poc/prefix-python/lib/python3.12
/usr/bin/install -c -m 644 ./Lib/getopt.py /var/tmp/pgb-poc/prefix-python/lib/python3.12
/usr/bin/install -c -m 644 ./Lib/getpass.py /var/tmp/pgb-poc/prefix-python/lib/python3.12
/usr/bin/install -c -m 644 ./Lib/gettext.py /var/tmp/pgb-poc/prefix-python/lib/python3.12
/usr/bin/install -c -m 644 ./Lib/glob.py /var/tmp/pgb-poc/prefix-python/lib/python3.12
/usr/bin/install -c -m 644 ./Lib/graphlib.py /var/tmp/pgb-poc/prefix-python/lib/python3.12
/usr/bin/install -c -m 644 ./Lib/gzip.py /var/tmp/pgb-poc/prefix-python/lib/python3.12
/usr/bin/install -c -m 644 ./Lib/hashlib.py /var/tmp/pgb-poc/prefix-python/lib/python3.12
/usr/bin/install -c -m 644 ./Lib/heapq.py /var/tmp/pgb-poc/prefix-python/lib/python3.12
/usr/bin/install -c -m 644 ./Lib/hmac.py /var/tmp/pgb-poc/prefix-python/lib/python3.12
/usr/bin/install -c -m 644 ./Lib/imaplib.py /var/tmp/pgb-poc/prefix-python/lib/python3.12
/usr/bin/install -c -m 644 ./Lib/imghdr.py /var/tmp/pgb-poc/prefix-python/lib/python3.12
/usr/bin/install -c -m 644 ./Lib/inspect.py /var/tmp/pgb-poc/prefix-python/lib/python3.12
/usr/bin/install -c -m 644 ./Lib/io.py /var/tmp/pgb-poc/prefix-python/lib/python3.12
/usr/bin/install -c -m 644 ./Lib/ipaddress.py /var/tmp/pgb-poc/prefix-python/lib/python3.12
/usr/bin/install -c -m 644 ./Lib/keyword.py /var/tmp/pgb-poc/prefix-python/lib/python3.12
/usr/bin/install -c -m 644 ./Lib/linecache.py /var/tmp/pgb-poc/prefix-python/lib/python3.12
/usr/bin/install -c -m 644 ./Lib/locale.py /var/tmp/pgb-poc/prefix-python/lib/python3.12
/usr/bin/install -c -m 644 ./Lib/lzma.py /var/tmp/pgb-poc/prefix-python/lib/python3.12
/usr/bin/install -c -m 644 ./Lib/mailbox.py /var/tmp/pgb-poc/prefix-python/lib/python3.12
/usr/bin/install -c -m 644 ./Lib/mailcap.py /var/tmp/pgb-poc/prefix-python/lib/python3.12
/usr/bin/install -c -m 644 ./Lib/mimetypes.py /var/tmp/pgb-poc/prefix-python/lib/python3.12
/usr/bin/install -c -m 644 ./Lib/modulefinder.py /var/tmp/pgb-poc/prefix-python/lib/python3.12
/usr/bin/install -c -m 644 ./Lib/netrc.py /var/tmp/pgb-poc/prefix-python/lib/python3.12
/usr/bin/install -c -m 644 ./Lib/nntplib.py /var/tmp/pgb-poc/prefix-python/lib/python3.12
/usr/bin/install -c -m 644 ./Lib/ntpath.py /var/tmp/pgb-poc/prefix-python/lib/python3.12
/usr/bin/install -c -m 644 ./Lib/nturl2path.py /var/tmp/pgb-poc/prefix-python/lib/python3.12
/usr/bin/install -c -m 644 ./Lib/numbers.py /var/tmp/pgb-poc/prefix-python/lib/python3.12
/usr/bin/install -c -m 644 ./Lib/opcode.py /var/tmp/pgb-poc/prefix-python/lib/python3.12
/usr/bin/install -c -m 644 ./Lib/operator.py /var/tmp/pgb-poc/prefix-python/lib/python3.12
/usr/bin/install -c -m 644 ./Lib/optparse.py /var/tmp/pgb-poc/prefix-python/lib/python3.12
/usr/bin/install -c -m 644 ./Lib/os.py /var/tmp/pgb-poc/prefix-python/lib/python3.12
/usr/bin/install -c -m 644 ./Lib/pathlib.py /var/tmp/pgb-poc/prefix-python/lib/python3.12
/usr/bin/install -c ./Lib/pdb.py /var/tmp/pgb-poc/prefix-python/lib/python3.12
/usr/bin/install -c -m 644 ./Lib/pickle.py /var/tmp/pgb-poc/prefix-python/lib/python3.12
/usr/bin/install -c -m 644 ./Lib/pickletools.py /var/tmp/pgb-poc/prefix-python/lib/python3.12
/usr/bin/install -c -m 644 ./Lib/pipes.py /var/tmp/pgb-poc/prefix-python/lib/python3.12
/usr/bin/install -c -m 644 ./Lib/pkgutil.py /var/tmp/pgb-poc/prefix-python/lib/python3.12
/usr/bin/install -c ./Lib/platform.py /var/tmp/pgb-poc/prefix-python/lib/python3.12
/usr/bin/install -c -m 644 ./Lib/plistlib.py /var/tmp/pgb-poc/prefix-python/lib/python3.12
/usr/bin/install -c -m 644 ./Lib/poplib.py /var/tmp/pgb-poc/prefix-python/lib/python3.12
/usr/bin/install -c -m 644 ./Lib/posixpath.py /var/tmp/pgb-poc/prefix-python/lib/python3.12
/usr/bin/install -c -m 644 ./Lib/pprint.py /var/tmp/pgb-poc/prefix-python/lib/python3.12
/usr/bin/install -c ./Lib/profile.py /var/tmp/pgb-poc/prefix-python/lib/python3.12
/usr/bin/install -c -m 644 ./Lib/pstats.py /var/tmp/pgb-poc/prefix-python/lib/python3.12
/usr/bin/install -c -m 644 ./Lib/pty.py /var/tmp/pgb-poc/prefix-python/lib/python3.12
/usr/bin/install -c -m 644 ./Lib/py_compile.py /var/tmp/pgb-poc/prefix-python/lib/python3.12
/usr/bin/install -c -m 644 ./Lib/pyclbr.py /var/tmp/pgb-poc/prefix-python/lib/python3.12
/usr/bin/install -c ./Lib/pydoc.py /var/tmp/pgb-poc/prefix-python/lib/python3.12
/usr/bin/install -c -m 644 ./Lib/queue.py /var/tmp/pgb-poc/prefix-python/lib/python3.12
/usr/bin/install -c ./Lib/quopri.py /var/tmp/pgb-poc/prefix-python/lib/python3.12
/usr/bin/install -c -m 644 ./Lib/random.py /var/tmp/pgb-poc/prefix-python/lib/python3.12
/usr/bin/install -c -m 644 ./Lib/reprlib.py /var/tmp/pgb-poc/prefix-python/lib/python3.12
/usr/bin/install -c -m 644 ./Lib/rlcompleter.py /var/tmp/pgb-poc/prefix-python/lib/python3.12
/usr/bin/install -c -m 644 ./Lib/runpy.py /var/tmp/pgb-poc/prefix-python/lib/python3.12
/usr/bin/install -c -m 644 ./Lib/sched.py /var/tmp/pgb-poc/prefix-python/lib/python3.12
/usr/bin/install -c -m 644 ./Lib/secrets.py /var/tmp/pgb-poc/prefix-python/lib/python3.12
/usr/bin/install -c -m 644 ./Lib/selectors.py /var/tmp/pgb-poc/prefix-python/lib/python3.12
/usr/bin/install -c -m 644 ./Lib/shelve.py /var/tmp/pgb-poc/prefix-python/lib/python3.12
/usr/bin/install -c -m 644 ./Lib/shlex.py /var/tmp/pgb-poc/prefix-python/lib/python3.12
/usr/bin/install -c -m 644 ./Lib/shutil.py /var/tmp/pgb-poc/prefix-python/lib/python3.12
/usr/bin/install -c -m 644 ./Lib/signal.py /var/tmp/pgb-poc/prefix-python/lib/python3.12
/usr/bin/install -c -m 644 ./Lib/site.py /var/tmp/pgb-poc/prefix-python/lib/python3.12
/usr/bin/install -c ./Lib/smtplib.py /var/tmp/pgb-poc/prefix-python/lib/python3.12
/usr/bin/install -c -m 644 ./Lib/sndhdr.py /var/tmp/pgb-poc/prefix-python/lib/python3.12
/usr/bin/install -c -m 644 ./Lib/socket.py /var/tmp/pgb-poc/prefix-python/lib/python3.12
/usr/bin/install -c -m 644 ./Lib/socketserver.py /var/tmp/pgb-poc/prefix-python/lib/python3.12
/usr/bin/install -c -m 644 ./Lib/sre_compile.py /var/tmp/pgb-poc/prefix-python/lib/python3.12
/usr/bin/install -c -m 644 ./Lib/sre_constants.py /var/tmp/pgb-poc/prefix-python/lib/python3.12
/usr/bin/install -c -m 644 ./Lib/sre_parse.py /var/tmp/pgb-poc/prefix-python/lib/python3.12
/usr/bin/install -c -m 644 ./Lib/ssl.py /var/tmp/pgb-poc/prefix-python/lib/python3.12
/usr/bin/install -c -m 644 ./Lib/stat.py /var/tmp/pgb-poc/prefix-python/lib/python3.12
/usr/bin/install -c -m 644 ./Lib/statistics.py /var/tmp/pgb-poc/prefix-python/lib/python3.12
/usr/bin/install -c -m 644 ./Lib/string.py /var/tmp/pgb-poc/prefix-python/lib/python3.12
/usr/bin/install -c -m 644 ./Lib/stringprep.py /var/tmp/pgb-poc/prefix-python/lib/python3.12
/usr/bin/install -c -m 644 ./Lib/struct.py /var/tmp/pgb-poc/prefix-python/lib/python3.12
/usr/bin/install -c -m 644 ./Lib/subprocess.py /var/tmp/pgb-poc/prefix-python/lib/python3.12
/usr/bin/install -c -m 644 ./Lib/sunau.py /var/tmp/pgb-poc/prefix-python/lib/python3.12
/usr/bin/install -c -m 644 ./Lib/symtable.py /var/tmp/pgb-poc/prefix-python/lib/python3.12
/usr/bin/install -c -m 644 ./Lib/sysconfig.py /var/tmp/pgb-poc/prefix-python/lib/python3.12
/usr/bin/install -c ./Lib/tabnanny.py /var/tmp/pgb-poc/prefix-python/lib/python3.12
/usr/bin/install -c ./Lib/tarfile.py /var/tmp/pgb-poc/prefix-python/lib/python3.12
/usr/bin/install -c -m 644 ./Lib/telnetlib.py /var/tmp/pgb-poc/prefix-python/lib/python3.12
/usr/bin/install -c -m 644 ./Lib/tempfile.py /var/tmp/pgb-poc/prefix-python/lib/python3.12
/usr/bin/install -c -m 644 ./Lib/textwrap.py /var/tmp/pgb-poc/prefix-python/lib/python3.12
/usr/bin/install -c -m 644 ./Lib/this.py /var/tmp/pgb-poc/prefix-python/lib/python3.12
/usr/bin/install -c -m 644 ./Lib/threading.py /var/tmp/pgb-poc/prefix-python/lib/python3.12
/usr/bin/install -c ./Lib/timeit.py /var/tmp/pgb-poc/prefix-python/lib/python3.12
/usr/bin/install -c -m 644 ./Lib/token.py /var/tmp/pgb-poc/prefix-python/lib/python3.12
/usr/bin/install -c -m 644 ./Lib/tokenize.py /var/tmp/pgb-poc/prefix-python/lib/python3.12
/usr/bin/install -c ./Lib/trace.py /var/tmp/pgb-poc/prefix-python/lib/python3.12
/usr/bin/install -c -m 644 ./Lib/traceback.py /var/tmp/pgb-poc/prefix-python/lib/python3.12
/usr/bin/install -c -m 644 ./Lib/tracemalloc.py /var/tmp/pgb-poc/prefix-python/lib/python3.12
/usr/bin/install -c -m 644 ./Lib/tty.py /var/tmp/pgb-poc/prefix-python/lib/python3.12
/usr/bin/install -c -m 644 ./Lib/turtle.py /var/tmp/pgb-poc/prefix-python/lib/python3.12
/usr/bin/install -c -m 644 ./Lib/types.py /var/tmp/pgb-poc/prefix-python/lib/python3.12
/usr/bin/install -c -m 644 ./Lib/typing.py /var/tmp/pgb-poc/prefix-python/lib/python3.12
/usr/bin/install -c -m 644 ./Lib/uu.py /var/tmp/pgb-poc/prefix-python/lib/python3.12
/usr/bin/install -c -m 644 ./Lib/uuid.py /var/tmp/pgb-poc/prefix-python/lib/python3.12
/usr/bin/install -c -m 644 ./Lib/warnings.py /var/tmp/pgb-poc/prefix-python/lib/python3.12
/usr/bin/install -c -m 644 ./Lib/wave.py /var/tmp/pgb-poc/prefix-python/lib/python3.12
/usr/bin/install -c -m 644 ./Lib/weakref.py /var/tmp/pgb-poc/prefix-python/lib/python3.12
/usr/bin/install -c ./Lib/webbrowser.py /var/tmp/pgb-poc/prefix-python/lib/python3.12
/usr/bin/install -c -m 644 ./Lib/xdrlib.py /var/tmp/pgb-poc/prefix-python/lib/python3.12
/usr/bin/install -c -m 644 ./Lib/zipapp.py /var/tmp/pgb-poc/prefix-python/lib/python3.12
/usr/bin/install -c -m 644 ./Lib/zipimport.py /var/tmp/pgb-poc/prefix-python/lib/python3.12
/usr/bin/install -c -m 644 ./Lib/asyncio/__init__.py /var/tmp/pgb-poc/prefix-python/lib/python3.12/asyncio
/usr/bin/install -c -m 644 ./Lib/asyncio/__main__.py /var/tmp/pgb-poc/prefix-python/lib/python3.12/asyncio
/usr/bin/install -c -m 644 ./Lib/asyncio/base_events.py /var/tmp/pgb-poc/prefix-python/lib/python3.12/asyncio
/usr/bin/install -c -m 644 ./Lib/asyncio/base_futures.py /var/tmp/pgb-poc/prefix-python/lib/python3.12/asyncio
/usr/bin/install -c -m 644 ./Lib/asyncio/base_subprocess.py /var/tmp/pgb-poc/prefix-python/lib/python3.12/asyncio
/usr/bin/install -c -m 644 ./Lib/asyncio/base_tasks.py /var/tmp/pgb-poc/prefix-python/lib/python3.12/asyncio
/usr/bin/install -c -m 644 ./Lib/asyncio/constants.py /var/tmp/pgb-poc/prefix-python/lib/python3.12/asyncio
/usr/bin/install -c -m 644 ./Lib/asyncio/coroutines.py /var/tmp/pgb-poc/prefix-python/lib/python3.12/asyncio
/usr/bin/install -c -m 644 ./Lib/asyncio/events.py /var/tmp/pgb-poc/prefix-python/lib/python3.12/asyncio
/usr/bin/install -c -m 644 ./Lib/asyncio/exceptions.py /var/tmp/pgb-poc/prefix-python/lib/python3.12/asyncio
/usr/bin/install -c -m 644 ./Lib/asyncio/format_helpers.py /var/tmp/pgb-poc/prefix-python/lib/python3.12/asyncio
/usr/bin/install -c -m 644 ./Lib/asyncio/futures.py /var/tmp/pgb-poc/prefix-python/lib/python3.12/asyncio
/usr/bin/install -c -m 644 ./Lib/asyncio/locks.py /var/tmp/pgb-poc/prefix-python/lib/python3.12/asyncio
/usr/bin/install -c -m 644 ./Lib/asyncio/log.py /var/tmp/pgb-poc/prefix-python/lib/python3.12/asyncio
/usr/bin/install -c -m 644 ./Lib/asyncio/mixins.py /var/tmp/pgb-poc/prefix-python/lib/python3.12/asyncio
/usr/bin/install -c -m 644 ./Lib/asyncio/proactor_events.py /var/tmp/pgb-poc/prefix-python/lib/python3.12/asyncio
/usr/bin/install -c -m 644 ./Lib/asyncio/protocols.py /var/tmp/pgb-poc/prefix-python/lib/python3.12/asyncio
/usr/bin/install -c -m 644 ./Lib/asyncio/queues.py /var/tmp/pgb-poc/prefix-python/lib/python3.12/asyncio
/usr/bin/install -c -m 644 ./Lib/asyncio/runners.py /var/tmp/pgb-poc/prefix-python/lib/python3.12/asyncio
/usr/bin/install -c -m 644 ./Lib/asyncio/selector_events.py /var/tmp/pgb-poc/prefix-python/lib/python3.12/asyncio
/usr/bin/install -c -m 644 ./Lib/asyncio/sslproto.py /var/tmp/pgb-poc/prefix-python/lib/python3.12/asyncio
/usr/bin/install -c -m 644 ./Lib/asyncio/staggered.py /var/tmp/pgb-poc/prefix-python/lib/python3.12/asyncio
/usr/bin/install -c -m 644 ./Lib/asyncio/streams.py /var/tmp/pgb-poc/prefix-python/lib/python3.12/asyncio
/usr/bin/install -c -m 644 ./Lib/asyncio/subprocess.py /var/tmp/pgb-poc/prefix-python/lib/python3.12/asyncio
/usr/bin/install -c -m 644 ./Lib/asyncio/taskgroups.py /var/tmp/pgb-poc/prefix-python/lib/python3.12/asyncio
/usr/bin/install -c -m 644 ./Lib/asyncio/tasks.py /var/tmp/pgb-poc/prefix-python/lib/python3.12/asyncio
/usr/bin/install -c -m 644 ./Lib/asyncio/threads.py /var/tmp/pgb-poc/prefix-python/lib/python3.12/asyncio
/usr/bin/install -c -m 644 ./Lib/asyncio/timeouts.py /var/tmp/pgb-poc/prefix-python/lib/python3.12/asyncio
/usr/bin/install -c -m 644 ./Lib/asyncio/transports.py /var/tmp/pgb-poc/prefix-python/lib/python3.12/asyncio
/usr/bin/install -c -m 644 ./Lib/asyncio/trsock.py /var/tmp/pgb-poc/prefix-python/lib/python3.12/asyncio
/usr/bin/install -c -m 644 ./Lib/asyncio/unix_events.py /var/tmp/pgb-poc/prefix-python/lib/python3.12/asyncio
/usr/bin/install -c -m 644 ./Lib/asyncio/windows_events.py /var/tmp/pgb-poc/prefix-python/lib/python3.12/asyncio
/usr/bin/install -c -m 644 ./Lib/asyncio/windows_utils.py /var/tmp/pgb-poc/prefix-python/lib/python3.12/asyncio
/usr/bin/install -c -m 644 ./Lib/collections/__init__.py /var/tmp/pgb-poc/prefix-python/lib/python3.12/collections
/usr/bin/install -c -m 644 ./Lib/collections/abc.py /var/tmp/pgb-poc/prefix-python/lib/python3.12/collections
/usr/bin/install -c -m 644 ./Lib/concurrent/__init__.py /var/tmp/pgb-poc/prefix-python/lib/python3.12/concurrent
/usr/bin/install -c -m 644 ./Lib/concurrent/futures/__init__.py /var/tmp/pgb-poc/prefix-python/lib/python3.12/concurrent/futures
/usr/bin/install -c -m 644 ./Lib/concurrent/futures/_base.py /var/tmp/pgb-poc/prefix-python/lib/python3.12/concurrent/futures
/usr/bin/install -c -m 644 ./Lib/concurrent/futures/process.py /var/tmp/pgb-poc/prefix-python/lib/python3.12/concurrent/futures
/usr/bin/install -c -m 644 ./Lib/concurrent/futures/thread.py /var/tmp/pgb-poc/prefix-python/lib/python3.12/concurrent/futures
/usr/bin/install -c -m 644 ./Lib/ctypes/__init__.py /var/tmp/pgb-poc/prefix-python/lib/python3.12/ctypes
/usr/bin/install -c -m 644 ./Lib/ctypes/_aix.py /var/tmp/pgb-poc/prefix-python/lib/python3.12/ctypes
/usr/bin/install -c -m 644 ./Lib/ctypes/_endian.py /var/tmp/pgb-poc/prefix-python/lib/python3.12/ctypes
/usr/bin/install -c -m 644 ./Lib/ctypes/util.py /var/tmp/pgb-poc/prefix-python/lib/python3.12/ctypes
/usr/bin/install -c -m 644 ./Lib/ctypes/wintypes.py /var/tmp/pgb-poc/prefix-python/lib/python3.12/ctypes
/usr/bin/install -c -m 644 ./Lib/ctypes/macholib/README.ctypes /var/tmp/pgb-poc/prefix-python/lib/python3.12/ctypes/macholib
/usr/bin/install -c -m 644 ./Lib/ctypes/macholib/__init__.py /var/tmp/pgb-poc/prefix-python/lib/python3.12/ctypes/macholib
/usr/bin/install -c -m 644 ./Lib/ctypes/macholib/dyld.py /var/tmp/pgb-poc/prefix-python/lib/python3.12/ctypes/macholib
/usr/bin/install -c -m 644 ./Lib/ctypes/macholib/dylib.py /var/tmp/pgb-poc/prefix-python/lib/python3.12/ctypes/macholib
/usr/bin/install -c ./Lib/ctypes/macholib/fetch_macholib /var/tmp/pgb-poc/prefix-python/lib/python3.12/ctypes/macholib
/usr/bin/install -c -m 644 ./Lib/ctypes/macholib/fetch_macholib.bat /var/tmp/pgb-poc/prefix-python/lib/python3.12/ctypes/macholib
/usr/bin/install -c -m 644 ./Lib/ctypes/macholib/framework.py /var/tmp/pgb-poc/prefix-python/lib/python3.12/ctypes/macholib
/usr/bin/install -c -m 644 ./Lib/curses/__init__.py /var/tmp/pgb-poc/prefix-python/lib/python3.12/curses
/usr/bin/install -c -m 644 ./Lib/curses/ascii.py /var/tmp/pgb-poc/prefix-python/lib/python3.12/curses
/usr/bin/install -c -m 644 ./Lib/curses/has_key.py /var/tmp/pgb-poc/prefix-python/lib/python3.12/curses
/usr/bin/install -c -m 644 ./Lib/curses/panel.py /var/tmp/pgb-poc/prefix-python/lib/python3.12/curses
/usr/bin/install -c -m 644 ./Lib/curses/textpad.py /var/tmp/pgb-poc/prefix-python/lib/python3.12/curses
/usr/bin/install -c -m 644 ./Lib/dbm/__init__.py /var/tmp/pgb-poc/prefix-python/lib/python3.12/dbm
/usr/bin/install -c -m 644 ./Lib/dbm/dumb.py /var/tmp/pgb-poc/prefix-python/lib/python3.12/dbm
/usr/bin/install -c -m 644 ./Lib/dbm/gnu.py /var/tmp/pgb-poc/prefix-python/lib/python3.12/dbm
/usr/bin/install -c -m 644 ./Lib/dbm/ndbm.py /var/tmp/pgb-poc/prefix-python/lib/python3.12/dbm
/usr/bin/install -c -m 644 ./Lib/email/__init__.py /var/tmp/pgb-poc/prefix-python/lib/python3.12/email
/usr/bin/install -c -m 644 ./Lib/email/_encoded_words.py /var/tmp/pgb-poc/prefix-python/lib/python3.12/email
/usr/bin/install -c -m 644 ./Lib/email/_header_value_parser.py /var/tmp/pgb-poc/prefix-python/lib/python3.12/email
/usr/bin/install -c -m 644 ./Lib/email/_parseaddr.py /var/tmp/pgb-poc/prefix-python/lib/python3.12/email
/usr/bin/install -c -m 644 ./Lib/email/_policybase.py /var/tmp/pgb-poc/prefix-python/lib/python3.12/email
/usr/bin/install -c -m 644 ./Lib/email/architecture.rst /var/tmp/pgb-poc/prefix-python/lib/python3.12/email
/usr/bin/install -c -m 644 ./Lib/email/base64mime.py /var/tmp/pgb-poc/prefix-python/lib/python3.12/email
/usr/bin/install -c -m 644 ./Lib/email/charset.py /var/tmp/pgb-poc/prefix-python/lib/python3.12/email
/usr/bin/install -c -m 644 ./Lib/email/contentmanager.py /var/tmp/pgb-poc/prefix-python/lib/python3.12/email
/usr/bin/install -c -m 644 ./Lib/email/encoders.py /var/tmp/pgb-poc/prefix-python/lib/python3.12/email
/usr/bin/install -c -m 644 ./Lib/email/errors.py /var/tmp/pgb-poc/prefix-python/lib/python3.12/email
/usr/bin/install -c -m 644 ./Lib/email/feedparser.py /var/tmp/pgb-poc/prefix-python/lib/python3.12/email
/usr/bin/install -c -m 644 ./Lib/email/generator.py /var/tmp/pgb-poc/prefix-python/lib/python3.12/email
/usr/bin/install -c -m 644 ./Lib/email/header.py /var/tmp/pgb-poc/prefix-python/lib/python3.12/email
/usr/bin/install -c -m 644 ./Lib/email/headerregistry.py /var/tmp/pgb-poc/prefix-python/lib/python3.12/email
/usr/bin/install -c -m 644 ./Lib/email/iterators.py /var/tmp/pgb-poc/prefix-python/lib/python3.12/email
/usr/bin/install -c -m 644 ./Lib/email/message.py /var/tmp/pgb-poc/prefix-python/lib/python3.12/email
/usr/bin/install -c -m 644 ./Lib/email/parser.py /var/tmp/pgb-poc/prefix-python/lib/python3.12/email
/usr/bin/install -c -m 644 ./Lib/email/policy.py /var/tmp/pgb-poc/prefix-python/lib/python3.12/email
/usr/bin/install -c -m 644 ./Lib/email/quoprimime.py /var/tmp/pgb-poc/prefix-python/lib/python3.12/email
/usr/bin/install -c -m 644 ./Lib/email/utils.py /var/tmp/pgb-poc/prefix-python/lib/python3.12/email
/usr/bin/install -c -m 644 ./Lib/email/mime/__init__.py /var/tmp/pgb-poc/prefix-python/lib/python3.12/email/mime
/usr/bin/install -c -m 644 ./Lib/email/mime/application.py /var/tmp/pgb-poc/prefix-python/lib/python3.12/email/mime
/usr/bin/install -c -m 644 ./Lib/email/mime/audio.py /var/tmp/pgb-poc/prefix-python/lib/python3.12/email/mime
/usr/bin/install -c -m 644 ./Lib/email/mime/base.py /var/tmp/pgb-poc/prefix-python/lib/python3.12/email/mime
/usr/bin/install -c -m 644 ./Lib/email/mime/image.py /var/tmp/pgb-poc/prefix-python/lib/python3.12/email/mime
/usr/bin/install -c -m 644 ./Lib/email/mime/message.py /var/tmp/pgb-poc/prefix-python/lib/python3.12/email/mime
/usr/bin/install -c -m 644 ./Lib/email/mime/multipart.py /var/tmp/pgb-poc/prefix-python/lib/python3.12/email/mime
/usr/bin/install -c -m 644 ./Lib/email/mime/nonmultipart.py /var/tmp/pgb-poc/prefix-python/lib/python3.12/email/mime
/usr/bin/install -c -m 644 ./Lib/email/mime/text.py /var/tmp/pgb-poc/prefix-python/lib/python3.12/email/mime
/usr/bin/install -c -m 644 ./Lib/encodings/__init__.py /var/tmp/pgb-poc/prefix-python/lib/python3.12/encodings
/usr/bin/install -c -m 644 ./Lib/encodings/aliases.py /var/tmp/pgb-poc/prefix-python/lib/python3.12/encodings
/usr/bin/install -c -m 644 ./Lib/encodings/ascii.py /var/tmp/pgb-poc/prefix-python/lib/python3.12/encodings
/usr/bin/install -c -m 644 ./Lib/encodings/base64_codec.py /var/tmp/pgb-poc/prefix-python/lib/python3.12/encodings
/usr/bin/install -c -m 644 ./Lib/encodings/big5.py /var/tmp/pgb-poc/prefix-python/lib/python3.12/encodings
/usr/bin/install -c -m 644 ./Lib/encodings/big5hkscs.py /var/tmp/pgb-poc/prefix-python/lib/python3.12/encodings
/usr/bin/install -c -m 644 ./Lib/encodings/bz2_codec.py /var/tmp/pgb-poc/prefix-python/lib/python3.12/encodings
/usr/bin/install -c -m 644 ./Lib/encodings/charmap.py /var/tmp/pgb-poc/prefix-python/lib/python3.12/encodings
/usr/bin/install -c -m 644 ./Lib/encodings/cp037.py /var/tmp/pgb-poc/prefix-python/lib/python3.12/encodings
/usr/bin/install -c -m 644 ./Lib/encodings/cp1006.py /var/tmp/pgb-poc/prefix-python/lib/python3.12/encodings
/usr/bin/install -c -m 644 ./Lib/encodings/cp1026.py /var/tmp/pgb-poc/prefix-python/lib/python3.12/encodings
/usr/bin/install -c -m 644 ./Lib/encodings/cp1125.py /var/tmp/pgb-poc/prefix-python/lib/python3.12/encodings
/usr/bin/install -c -m 644 ./Lib/encodings/cp1140.py /var/tmp/pgb-poc/prefix-python/lib/python3.12/encodings
/usr/bin/install -c -m 644 ./Lib/encodings/cp1250.py /var/tmp/pgb-poc/prefix-python/lib/python3.12/encodings
/usr/bin/install -c -m 644 ./Lib/encodings/cp1251.py /var/tmp/pgb-poc/prefix-python/lib/python3.12/encodings
/usr/bin/install -c -m 644 ./Lib/encodings/cp1252.py /var/tmp/pgb-poc/prefix-python/lib/python3.12/encodings
/usr/bin/install -c -m 644 ./Lib/encodings/cp1253.py /var/tmp/pgb-poc/prefix-python/lib/python3.12/encodings
/usr/bin/install -c -m 644 ./Lib/encodings/cp1254.py /var/tmp/pgb-poc/prefix-python/lib/python3.12/encodings
/usr/bin/install -c -m 644 ./Lib/encodings/cp1255.py /var/tmp/pgb-poc/prefix-python/lib/python3.12/encodings
/usr/bin/install -c -m 644 ./Lib/encodings/cp1256.py /var/tmp/pgb-poc/prefix-python/lib/python3.12/encodings
/usr/bin/install -c -m 644 ./Lib/encodings/cp1257.py /var/tmp/pgb-poc/prefix-python/lib/python3.12/encodings
/usr/bin/install -c -m 644 ./Lib/encodings/cp1258.py /var/tmp/pgb-poc/prefix-python/lib/python3.12/encodings
/usr/bin/install -c -m 644 ./Lib/encodings/cp273.py /var/tmp/pgb-poc/prefix-python/lib/python3.12/encodings
/usr/bin/install -c -m 644 ./Lib/encodings/cp424.py /var/tmp/pgb-poc/prefix-python/lib/python3.12/encodings
/usr/bin/install -c -m 644 ./Lib/encodings/cp437.py /var/tmp/pgb-poc/prefix-python/lib/python3.12/encodings
/usr/bin/install -c -m 644 ./Lib/encodings/cp500.py /var/tmp/pgb-poc/prefix-python/lib/python3.12/encodings
/usr/bin/install -c -m 644 ./Lib/encodings/cp720.py /var/tmp/pgb-poc/prefix-python/lib/python3.12/encodings
/usr/bin/install -c -m 644 ./Lib/encodings/cp737.py /var/tmp/pgb-poc/prefix-python/lib/python3.12/encodings
/usr/bin/install -c -m 644 ./Lib/encodings/cp775.py /var/tmp/pgb-poc/prefix-python/lib/python3.12/encodings
/usr/bin/install -c -m 644 ./Lib/encodings/cp850.py /var/tmp/pgb-poc/prefix-python/lib/python3.12/encodings
/usr/bin/install -c -m 644 ./Lib/encodings/cp852.py /var/tmp/pgb-poc/prefix-python/lib/python3.12/encodings
/usr/bin/install -c -m 644 ./Lib/encodings/cp855.py /var/tmp/pgb-poc/prefix-python/lib/python3.12/encodings
/usr/bin/install -c -m 644 ./Lib/encodings/cp856.py /var/tmp/pgb-poc/prefix-python/lib/python3.12/encodings
/usr/bin/install -c -m 644 ./Lib/encodings/cp857.py /var/tmp/pgb-poc/prefix-python/lib/python3.12/encodings
/usr/bin/install -c -m 644 ./Lib/encodings/cp858.py /var/tmp/pgb-poc/prefix-python/lib/python3.12/encodings
/usr/bin/install -c -m 644 ./Lib/encodings/cp860.py /var/tmp/pgb-poc/prefix-python/lib/python3.12/encodings
/usr/bin/install -c -m 644 ./Lib/encodings/cp861.py /var/tmp/pgb-poc/prefix-python/lib/python3.12/encodings
/usr/bin/install -c -m 644 ./Lib/encodings/cp862.py /var/tmp/pgb-poc/prefix-python/lib/python3.12/encodings
/usr/bin/install -c -m 644 ./Lib/encodings/cp863.py /var/tmp/pgb-poc/prefix-python/lib/python3.12/encodings
/usr/bin/install -c -m 644 ./Lib/encodings/cp864.py /var/tmp/pgb-poc/prefix-python/lib/python3.12/encodings
/usr/bin/install -c -m 644 ./Lib/encodings/cp865.py /var/tmp/pgb-poc/prefix-python/lib/python3.12/encodings
/usr/bin/install -c -m 644 ./Lib/encodings/cp866.py /var/tmp/pgb-poc/prefix-python/lib/python3.12/encodings
/usr/bin/install -c -m 644 ./Lib/encodings/cp869.py /var/tmp/pgb-poc/prefix-python/lib/python3.12/encodings
/usr/bin/install -c -m 644 ./Lib/encodings/cp874.py /var/tmp/pgb-poc/prefix-python/lib/python3.12/encodings
/usr/bin/install -c -m 644 ./Lib/encodings/cp875.py /var/tmp/pgb-poc/prefix-python/lib/python3.12/encodings
/usr/bin/install -c -m 644 ./Lib/encodings/cp932.py /var/tmp/pgb-poc/prefix-python/lib/python3.12/encodings
/usr/bin/install -c -m 644 ./Lib/encodings/cp949.py /var/tmp/pgb-poc/prefix-python/lib/python3.12/encodings
/usr/bin/install -c -m 644 ./Lib/encodings/cp950.py /var/tmp/pgb-poc/prefix-python/lib/python3.12/encodings
/usr/bin/install -c -m 644 ./Lib/encodings/euc_jis_2004.py /var/tmp/pgb-poc/prefix-python/lib/python3.12/encodings
/usr/bin/install -c -m 644 ./Lib/encodings/euc_jisx0213.py /var/tmp/pgb-poc/prefix-python/lib/python3.12/encodings
/usr/bin/install -c -m 644 ./Lib/encodings/euc_jp.py /var/tmp/pgb-poc/prefix-python/lib/python3.12/encodings
/usr/bin/install -c -m 644 ./Lib/encodings/euc_kr.py /var/tmp/pgb-poc/prefix-python/lib/python3.12/encodings
/usr/bin/install -c -m 644 ./Lib/encodings/gb18030.py /var/tmp/pgb-poc/prefix-python/lib/python3.12/encodings
/usr/bin/install -c -m 644 ./Lib/encodings/gb2312.py /var/tmp/pgb-poc/prefix-python/lib/python3.12/encodings
/usr/bin/install -c -m 644 ./Lib/encodings/gbk.py /var/tmp/pgb-poc/prefix-python/lib/python3.12/encodings
/usr/bin/install -c -m 644 ./Lib/encodings/hex_codec.py /var/tmp/pgb-poc/prefix-python/lib/python3.12/encodings
/usr/bin/install -c -m 644 ./Lib/encodings/hp_roman8.py /var/tmp/pgb-poc/prefix-python/lib/python3.12/encodings
/usr/bin/install -c -m 644 ./Lib/encodings/hz.py /var/tmp/pgb-poc/prefix-python/lib/python3.12/encodings
/usr/bin/install -c -m 644 ./Lib/encodings/idna.py /var/tmp/pgb-poc/prefix-python/lib/python3.12/encodings
/usr/bin/install -c -m 644 ./Lib/encodings/iso2022_jp.py /var/tmp/pgb-poc/prefix-python/lib/python3.12/encodings
/usr/bin/install -c -m 644 ./Lib/encodings/iso2022_jp_1.py /var/tmp/pgb-poc/prefix-python/lib/python3.12/encodings
/usr/bin/install -c -m 644 ./Lib/encodings/iso2022_jp_2.py /var/tmp/pgb-poc/prefix-python/lib/python3.12/encodings
/usr/bin/install -c -m 644 ./Lib/encodings/iso2022_jp_2004.py /var/tmp/pgb-poc/prefix-python/lib/python3.12/encodings
/usr/bin/install -c -m 644 ./Lib/encodings/iso2022_jp_3.py /var/tmp/pgb-poc/prefix-python/lib/python3.12/encodings
/usr/bin/install -c -m 644 ./Lib/encodings/iso2022_jp_ext.py /var/tmp/pgb-poc/prefix-python/lib/python3.12/encodings
/usr/bin/install -c -m 644 ./Lib/encodings/iso2022_kr.py /var/tmp/pgb-poc/prefix-python/lib/python3.12/encodings
/usr/bin/install -c -m 644 ./Lib/encodings/iso8859_1.py /var/tmp/pgb-poc/prefix-python/lib/python3.12/encodings
/usr/bin/install -c -m 644 ./Lib/encodings/iso8859_10.py /var/tmp/pgb-poc/prefix-python/lib/python3.12/encodings
/usr/bin/install -c -m 644 ./Lib/encodings/iso8859_11.py /var/tmp/pgb-poc/prefix-python/lib/python3.12/encodings
/usr/bin/install -c -m 644 ./Lib/encodings/iso8859_13.py /var/tmp/pgb-poc/prefix-python/lib/python3.12/encodings
/usr/bin/install -c -m 644 ./Lib/encodings/iso8859_14.py /var/tmp/pgb-poc/prefix-python/lib/python3.12/encodings
/usr/bin/install -c -m 644 ./Lib/encodings/iso8859_15.py /var/tmp/pgb-poc/prefix-python/lib/python3.12/encodings
/usr/bin/install -c -m 644 ./Lib/encodings/iso8859_16.py /var/tmp/pgb-poc/prefix-python/lib/python3.12/encodings
/usr/bin/install -c -m 644 ./Lib/encodings/iso8859_2.py /var/tmp/pgb-poc/prefix-python/lib/python3.12/encodings
/usr/bin/install -c -m 644 ./Lib/encodings/iso8859_3.py /var/tmp/pgb-poc/prefix-python/lib/python3.12/encodings
/usr/bin/install -c -m 644 ./Lib/encodings/iso8859_4.py /var/tmp/pgb-poc/prefix-python/lib/python3.12/encodings
/usr/bin/install -c -m 644 ./Lib/encodings/iso8859_5.py /var/tmp/pgb-poc/prefix-python/lib/python3.12/encodings
/usr/bin/install -c -m 644 ./Lib/encodings/iso8859_6.py /var/tmp/pgb-poc/prefix-python/lib/python3.12/encodings
/usr/bin/install -c -m 644 ./Lib/encodings/iso8859_7.py /var/tmp/pgb-poc/prefix-python/lib/python3.12/encodings
/usr/bin/install -c -m 644 ./Lib/encodings/iso8859_8.py /var/tmp/pgb-poc/prefix-python/lib/python3.12/encodings
/usr/bin/install -c -m 644 ./Lib/encodings/iso8859_9.py /var/tmp/pgb-poc/prefix-python/lib/python3.12/encodings
/usr/bin/install -c -m 644 ./Lib/encodings/johab.py /var/tmp/pgb-poc/prefix-python/lib/python3.12/encodings
/usr/bin/install -c -m 644 ./Lib/encodings/koi8_r.py /var/tmp/pgb-poc/prefix-python/lib/python3.12/encodings
/usr/bin/install -c -m 644 ./Lib/encodings/koi8_t.py /var/tmp/pgb-poc/prefix-python/lib/python3.12/encodings
/usr/bin/install -c -m 644 ./Lib/encodings/koi8_u.py /var/tmp/pgb-poc/prefix-python/lib/python3.12/encodings
/usr/bin/install -c -m 644 ./Lib/encodings/kz1048.py /var/tmp/pgb-poc/prefix-python/lib/python3.12/encodings
/usr/bin/install -c -m 644 ./Lib/encodings/latin_1.py /var/tmp/pgb-poc/prefix-python/lib/python3.12/encodings
/usr/bin/install -c -m 644 ./Lib/encodings/mac_arabic.py /var/tmp/pgb-poc/prefix-python/lib/python3.12/encodings
/usr/bin/install -c -m 644 ./Lib/encodings/mac_croatian.py /var/tmp/pgb-poc/prefix-python/lib/python3.12/encodings
/usr/bin/install -c -m 644 ./Lib/encodings/mac_cyrillic.py /var/tmp/pgb-poc/prefix-python/lib/python3.12/encodings
/usr/bin/install -c -m 644 ./Lib/encodings/mac_farsi.py /var/tmp/pgb-poc/prefix-python/lib/python3.12/encodings
/usr/bin/install -c -m 644 ./Lib/encodings/mac_greek.py /var/tmp/pgb-poc/prefix-python/lib/python3.12/encodings
/usr/bin/install -c -m 644 ./Lib/encodings/mac_iceland.py /var/tmp/pgb-poc/prefix-python/lib/python3.12/encodings
/usr/bin/install -c -m 644 ./Lib/encodings/mac_latin2.py /var/tmp/pgb-poc/prefix-python/lib/python3.12/encodings
/usr/bin/install -c -m 644 ./Lib/encodings/mac_roman.py /var/tmp/pgb-poc/prefix-python/lib/python3.12/encodings
/usr/bin/install -c -m 644 ./Lib/encodings/mac_romanian.py /var/tmp/pgb-poc/prefix-python/lib/python3.12/encodings
/usr/bin/install -c -m 644 ./Lib/encodings/mac_turkish.py /var/tmp/pgb-poc/prefix-python/lib/python3.12/encodings
/usr/bin/install -c -m 644 ./Lib/encodings/mbcs.py /var/tmp/pgb-poc/prefix-python/lib/python3.12/encodings
/usr/bin/install -c -m 644 ./Lib/encodings/oem.py /var/tmp/pgb-poc/prefix-python/lib/python3.12/encodings
/usr/bin/install -c -m 644 ./Lib/encodings/palmos.py /var/tmp/pgb-poc/prefix-python/lib/python3.12/encodings
/usr/bin/install -c -m 644 ./Lib/encodings/ptcp154.py /var/tmp/pgb-poc/prefix-python/lib/python3.12/encodings
/usr/bin/install -c -m 644 ./Lib/encodings/punycode.py /var/tmp/pgb-poc/prefix-python/lib/python3.12/encodings
/usr/bin/install -c -m 644 ./Lib/encodings/quopri_codec.py /var/tmp/pgb-poc/prefix-python/lib/python3.12/encodings
/usr/bin/install -c -m 644 ./Lib/encodings/raw_unicode_escape.py /var/tmp/pgb-poc/prefix-python/lib/python3.12/encodings
/usr/bin/install -c ./Lib/encodings/rot_13.py /var/tmp/pgb-poc/prefix-python/lib/python3.12/encodings
/usr/bin/install -c -m 644 ./Lib/encodings/shift_jis.py /var/tmp/pgb-poc/prefix-python/lib/python3.12/encodings
/usr/bin/install -c -m 644 ./Lib/encodings/shift_jis_2004.py /var/tmp/pgb-poc/prefix-python/lib/python3.12/encodings
/usr/bin/install -c -m 644 ./Lib/encodings/shift_jisx0213.py /var/tmp/pgb-poc/prefix-python/lib/python3.12/encodings
/usr/bin/install -c -m 644 ./Lib/encodings/tis_620.py /var/tmp/pgb-poc/prefix-python/lib/python3.12/encodings
/usr/bin/install -c -m 644 ./Lib/encodings/undefined.py /var/tmp/pgb-poc/prefix-python/lib/python3.12/encodings
/usr/bin/install -c -m 644 ./Lib/encodings/unicode_escape.py /var/tmp/pgb-poc/prefix-python/lib/python3.12/encodings
/usr/bin/install -c -m 644 ./Lib/encodings/utf_16.py /var/tmp/pgb-poc/prefix-python/lib/python3.12/encodings
/usr/bin/install -c -m 644 ./Lib/encodings/utf_16_be.py /var/tmp/pgb-poc/prefix-python/lib/python3.12/encodings
/usr/bin/install -c -m 644 ./Lib/encodings/utf_16_le.py /var/tmp/pgb-poc/prefix-python/lib/python3.12/encodings
/usr/bin/install -c -m 644 ./Lib/encodings/utf_32.py /var/tmp/pgb-poc/prefix-python/lib/python3.12/encodings
/usr/bin/install -c -m 644 ./Lib/encodings/utf_32_be.py /var/tmp/pgb-poc/prefix-python/lib/python3.12/encodings
/usr/bin/install -c -m 644 ./Lib/encodings/utf_32_le.py /var/tmp/pgb-poc/prefix-python/lib/python3.12/encodings
/usr/bin/install -c -m 644 ./Lib/encodings/utf_7.py /var/tmp/pgb-poc/prefix-python/lib/python3.12/encodings
/usr/bin/install -c -m 644 ./Lib/encodings/utf_8.py /var/tmp/pgb-poc/prefix-python/lib/python3.12/encodings
/usr/bin/install -c -m 644 ./Lib/encodings/utf_8_sig.py /var/tmp/pgb-poc/prefix-python/lib/python3.12/encodings
/usr/bin/install -c -m 644 ./Lib/encodings/uu_codec.py /var/tmp/pgb-poc/prefix-python/lib/python3.12/encodings
/usr/bin/install -c -m 644 ./Lib/encodings/zlib_codec.py /var/tmp/pgb-poc/prefix-python/lib/python3.12/encodings
/usr/bin/install -c -m 644 ./Lib/ensurepip/__init__.py /var/tmp/pgb-poc/prefix-python/lib/python3.12/ensurepip
/usr/bin/install -c -m 644 ./Lib/ensurepip/__main__.py /var/tmp/pgb-poc/prefix-python/lib/python3.12/ensurepip
/usr/bin/install -c -m 644 ./Lib/ensurepip/_uninstall.py /var/tmp/pgb-poc/prefix-python/lib/python3.12/ensurepip
/usr/bin/install -c -m 644 ./Lib/ensurepip/_bundled/pip-24.2-py3-none-any.whl /var/tmp/pgb-poc/prefix-python/lib/python3.12/ensurepip/_bundled
/usr/bin/install -c -m 644 ./Lib/html/__init__.py /var/tmp/pgb-poc/prefix-python/lib/python3.12/html
/usr/bin/install -c -m 644 ./Lib/html/entities.py /var/tmp/pgb-poc/prefix-python/lib/python3.12/html
/usr/bin/install -c -m 644 ./Lib/html/parser.py /var/tmp/pgb-poc/prefix-python/lib/python3.12/html
/usr/bin/install -c -m 644 ./Lib/http/__init__.py /var/tmp/pgb-poc/prefix-python/lib/python3.12/http
/usr/bin/install -c -m 644 ./Lib/http/client.py /var/tmp/pgb-poc/prefix-python/lib/python3.12/http
/usr/bin/install -c -m 644 ./Lib/http/cookiejar.py /var/tmp/pgb-poc/prefix-python/lib/python3.12/http
/usr/bin/install -c -m 644 ./Lib/http/cookies.py /var/tmp/pgb-poc/prefix-python/lib/python3.12/http
/usr/bin/install -c -m 644 ./Lib/http/server.py /var/tmp/pgb-poc/prefix-python/lib/python3.12/http
/usr/bin/install -c -m 644 ./Lib/idlelib/CREDITS.txt /var/tmp/pgb-poc/prefix-python/lib/python3.12/idlelib
/usr/bin/install -c -m 644 ./Lib/idlelib/ChangeLog /var/tmp/pgb-poc/prefix-python/lib/python3.12/idlelib
/usr/bin/install -c -m 644 ./Lib/idlelib/HISTORY.txt /var/tmp/pgb-poc/prefix-python/lib/python3.12/idlelib
/usr/bin/install -c -m 644 ./Lib/idlelib/NEWS2x.txt /var/tmp/pgb-poc/prefix-python/lib/python3.12/idlelib
/usr/bin/install -c -m 644 ./Lib/idlelib/News3.txt /var/tmp/pgb-poc/prefix-python/lib/python3.12/idlelib
/usr/bin/install -c -m 644 ./Lib/idlelib/README.txt /var/tmp/pgb-poc/prefix-python/lib/python3.12/idlelib
/usr/bin/install -c -m 644 ./Lib/idlelib/TODO.txt /var/tmp/pgb-poc/prefix-python/lib/python3.12/idlelib
/usr/bin/install -c -m 644 ./Lib/idlelib/__init__.py /var/tmp/pgb-poc/prefix-python/lib/python3.12/idlelib
/usr/bin/install -c -m 644 ./Lib/idlelib/__main__.py /var/tmp/pgb-poc/prefix-python/lib/python3.12/idlelib
/usr/bin/install -c -m 644 ./Lib/idlelib/autocomplete.py /var/tmp/pgb-poc/prefix-python/lib/python3.12/idlelib
/usr/bin/install -c -m 644 ./Lib/idlelib/autocomplete_w.py /var/tmp/pgb-poc/prefix-python/lib/python3.12/idlelib
/usr/bin/install -c -m 644 ./Lib/idlelib/autoexpand.py /var/tmp/pgb-poc/prefix-python/lib/python3.12/idlelib
/usr/bin/install -c -m 644 ./Lib/idlelib/browser.py /var/tmp/pgb-poc/prefix-python/lib/python3.12/idlelib
/usr/bin/install -c -m 644 ./Lib/idlelib/calltip.py /var/tmp/pgb-poc/prefix-python/lib/python3.12/idlelib
/usr/bin/install -c -m 644 ./Lib/idlelib/calltip_w.py /var/tmp/pgb-poc/prefix-python/lib/python3.12/idlelib
/usr/bin/install -c -m 644 ./Lib/idlelib/codecontext.py /var/tmp/pgb-poc/prefix-python/lib/python3.12/idlelib
/usr/bin/install -c -m 644 ./Lib/idlelib/colorizer.py /var/tmp/pgb-poc/prefix-python/lib/python3.12/idlelib
/usr/bin/install -c -m 644 ./Lib/idlelib/config-extensions.def /var/tmp/pgb-poc/prefix-python/lib/python3.12/idlelib
/usr/bin/install -c -m 644 ./Lib/idlelib/config-highlight.def /var/tmp/pgb-poc/prefix-python/lib/python3.12/idlelib
/usr/bin/install -c -m 644 ./Lib/idlelib/config-keys.def /var/tmp/pgb-poc/prefix-python/lib/python3.12/idlelib
/usr/bin/install -c -m 644 ./Lib/idlelib/config-main.def /var/tmp/pgb-poc/prefix-python/lib/python3.12/idlelib
/usr/bin/install -c -m 644 ./Lib/idlelib/config.py /var/tmp/pgb-poc/prefix-python/lib/python3.12/idlelib
/usr/bin/install -c -m 644 ./Lib/idlelib/config_key.py /var/tmp/pgb-poc/prefix-python/lib/python3.12/idlelib
/usr/bin/install -c -m 644 ./Lib/idlelib/configdialog.py /var/tmp/pgb-poc/prefix-python/lib/python3.12/idlelib
/usr/bin/install -c -m 644 ./Lib/idlelib/debugger.py /var/tmp/pgb-poc/prefix-python/lib/python3.12/idlelib
/usr/bin/install -c -m 644 ./Lib/idlelib/debugger_r.py /var/tmp/pgb-poc/prefix-python/lib/python3.12/idlelib
/usr/bin/install -c -m 644 ./Lib/idlelib/debugobj.py /var/tmp/pgb-poc/prefix-python/lib/python3.12/idlelib
/usr/bin/install -c -m 644 ./Lib/idlelib/debugobj_r.py /var/tmp/pgb-poc/prefix-python/lib/python3.12/idlelib
/usr/bin/install -c -m 644 ./Lib/idlelib/delegator.py /var/tmp/pgb-poc/prefix-python/lib/python3.12/idlelib
/usr/bin/install -c -m 644 ./Lib/idlelib/dynoption.py /var/tmp/pgb-poc/prefix-python/lib/python3.12/idlelib
/usr/bin/install -c -m 644 ./Lib/idlelib/editor.py /var/tmp/pgb-poc/prefix-python/lib/python3.12/idlelib
/usr/bin/install -c -m 644 ./Lib/idlelib/extend.txt /var/tmp/pgb-poc/prefix-python/lib/python3.12/idlelib
/usr/bin/install -c -m 644 ./Lib/idlelib/filelist.py /var/tmp/pgb-poc/prefix-python/lib/python3.12/idlelib
/usr/bin/install -c -m 644 ./Lib/idlelib/format.py /var/tmp/pgb-poc/prefix-python/lib/python3.12/idlelib
/usr/bin/install -c -m 644 ./Lib/idlelib/grep.py /var/tmp/pgb-poc/prefix-python/lib/python3.12/idlelib
/usr/bin/install -c -m 644 ./Lib/idlelib/help.html /var/tmp/pgb-poc/prefix-python/lib/python3.12/idlelib
/usr/bin/install -c -m 644 ./Lib/idlelib/help.py /var/tmp/pgb-poc/prefix-python/lib/python3.12/idlelib
/usr/bin/install -c -m 644 ./Lib/idlelib/help_about.py /var/tmp/pgb-poc/prefix-python/lib/python3.12/idlelib
/usr/bin/install -c -m 644 ./Lib/idlelib/history.py /var/tmp/pgb-poc/prefix-python/lib/python3.12/idlelib
/usr/bin/install -c -m 644 ./Lib/idlelib/hyperparser.py /var/tmp/pgb-poc/prefix-python/lib/python3.12/idlelib
/usr/bin/install -c -m 644 ./Lib/idlelib/idle.bat /var/tmp/pgb-poc/prefix-python/lib/python3.12/idlelib
/usr/bin/install -c -m 644 ./Lib/idlelib/idle.py /var/tmp/pgb-poc/prefix-python/lib/python3.12/idlelib
/usr/bin/install -c -m 644 ./Lib/idlelib/idle.pyw /var/tmp/pgb-poc/prefix-python/lib/python3.12/idlelib
/usr/bin/install -c -m 644 ./Lib/idlelib/iomenu.py /var/tmp/pgb-poc/prefix-python/lib/python3.12/idlelib
/usr/bin/install -c -m 644 ./Lib/idlelib/macosx.py /var/tmp/pgb-poc/prefix-python/lib/python3.12/idlelib
/usr/bin/install -c -m 644 ./Lib/idlelib/mainmenu.py /var/tmp/pgb-poc/prefix-python/lib/python3.12/idlelib
/usr/bin/install -c -m 644 ./Lib/idlelib/multicall.py /var/tmp/pgb-poc/prefix-python/lib/python3.12/idlelib
/usr/bin/install -c -m 644 ./Lib/idlelib/outwin.py /var/tmp/pgb-poc/prefix-python/lib/python3.12/idlelib
/usr/bin/install -c -m 644 ./Lib/idlelib/parenmatch.py /var/tmp/pgb-poc/prefix-python/lib/python3.12/idlelib
/usr/bin/install -c -m 644 ./Lib/idlelib/pathbrowser.py /var/tmp/pgb-poc/prefix-python/lib/python3.12/idlelib
/usr/bin/install -c -m 644 ./Lib/idlelib/percolator.py /var/tmp/pgb-poc/prefix-python/lib/python3.12/idlelib
/usr/bin/install -c -m 644 ./Lib/idlelib/pyparse.py /var/tmp/pgb-poc/prefix-python/lib/python3.12/idlelib
/usr/bin/install -c ./Lib/idlelib/pyshell.py /var/tmp/pgb-poc/prefix-python/lib/python3.12/idlelib
/usr/bin/install -c -m 644 ./Lib/idlelib/query.py /var/tmp/pgb-poc/prefix-python/lib/python3.12/idlelib
/usr/bin/install -c -m 644 ./Lib/idlelib/redirector.py /var/tmp/pgb-poc/prefix-python/lib/python3.12/idlelib
/usr/bin/install -c -m 644 ./Lib/idlelib/replace.py /var/tmp/pgb-poc/prefix-python/lib/python3.12/idlelib
/usr/bin/install -c -m 644 ./Lib/idlelib/rpc.py /var/tmp/pgb-poc/prefix-python/lib/python3.12/idlelib
/usr/bin/install -c -m 644 ./Lib/idlelib/run.py /var/tmp/pgb-poc/prefix-python/lib/python3.12/idlelib
/usr/bin/install -c -m 644 ./Lib/idlelib/runscript.py /var/tmp/pgb-poc/prefix-python/lib/python3.12/idlelib
/usr/bin/install -c -m 644 ./Lib/idlelib/scrolledlist.py /var/tmp/pgb-poc/prefix-python/lib/python3.12/idlelib
/usr/bin/install -c -m 644 ./Lib/idlelib/search.py /var/tmp/pgb-poc/prefix-python/lib/python3.12/idlelib
/usr/bin/install -c -m 644 ./Lib/idlelib/searchbase.py /var/tmp/pgb-poc/prefix-python/lib/python3.12/idlelib
/usr/bin/install -c -m 644 ./Lib/idlelib/searchengine.py /var/tmp/pgb-poc/prefix-python/lib/python3.12/idlelib
/usr/bin/install -c -m 644 ./Lib/idlelib/sidebar.py /var/tmp/pgb-poc/prefix-python/lib/python3.12/idlelib
/usr/bin/install -c -m 644 ./Lib/idlelib/squeezer.py /var/tmp/pgb-poc/prefix-python/lib/python3.12/idlelib
/usr/bin/install -c -m 644 ./Lib/idlelib/stackviewer.py /var/tmp/pgb-poc/prefix-python/lib/python3.12/idlelib
/usr/bin/install -c -m 644 ./Lib/idlelib/statusbar.py /var/tmp/pgb-poc/prefix-python/lib/python3.12/idlelib
/usr/bin/install -c -m 644 ./Lib/idlelib/textview.py /var/tmp/pgb-poc/prefix-python/lib/python3.12/idlelib
/usr/bin/install -c -m 644 ./Lib/idlelib/tooltip.py /var/tmp/pgb-poc/prefix-python/lib/python3.12/idlelib
/usr/bin/install -c -m 644 ./Lib/idlelib/tree.py /var/tmp/pgb-poc/prefix-python/lib/python3.12/idlelib
/usr/bin/install -c -m 644 ./Lib/idlelib/undo.py /var/tmp/pgb-poc/prefix-python/lib/python3.12/idlelib
/usr/bin/install -c -m 644 ./Lib/idlelib/util.py /var/tmp/pgb-poc/prefix-python/lib/python3.12/idlelib
/usr/bin/install -c -m 644 ./Lib/idlelib/window.py /var/tmp/pgb-poc/prefix-python/lib/python3.12/idlelib
/usr/bin/install -c -m 644 ./Lib/idlelib/zoomheight.py /var/tmp/pgb-poc/prefix-python/lib/python3.12/idlelib
/usr/bin/install -c -m 644 ./Lib/idlelib/zzdummy.py /var/tmp/pgb-poc/prefix-python/lib/python3.12/idlelib
/usr/bin/install -c -m 644 ./Lib/idlelib/Icons/README.txt /var/tmp/pgb-poc/prefix-python/lib/python3.12/idlelib/Icons
/usr/bin/install -c -m 644 ./Lib/idlelib/Icons/folder.gif /var/tmp/pgb-poc/prefix-python/lib/python3.12/idlelib/Icons
/usr/bin/install -c -m 644 ./Lib/idlelib/Icons/idle.ico /var/tmp/pgb-poc/prefix-python/lib/python3.12/idlelib/Icons
/usr/bin/install -c -m 644 ./Lib/idlelib/Icons/idle_16.gif /var/tmp/pgb-poc/prefix-python/lib/python3.12/idlelib/Icons
/usr/bin/install -c -m 644 ./Lib/idlelib/Icons/idle_16.png /var/tmp/pgb-poc/prefix-python/lib/python3.12/idlelib/Icons
/usr/bin/install -c -m 644 ./Lib/idlelib/Icons/idle_256.png /var/tmp/pgb-poc/prefix-python/lib/python3.12/idlelib/Icons
/usr/bin/install -c -m 644 ./Lib/idlelib/Icons/idle_32.gif /var/tmp/pgb-poc/prefix-python/lib/python3.12/idlelib/Icons
/usr/bin/install -c -m 644 ./Lib/idlelib/Icons/idle_32.png /var/tmp/pgb-poc/prefix-python/lib/python3.12/idlelib/Icons
/usr/bin/install -c -m 644 ./Lib/idlelib/Icons/idle_48.gif /var/tmp/pgb-poc/prefix-python/lib/python3.12/idlelib/Icons
/usr/bin/install -c -m 644 ./Lib/idlelib/Icons/idle_48.png /var/tmp/pgb-poc/prefix-python/lib/python3.12/idlelib/Icons
/usr/bin/install -c -m 644 ./Lib/idlelib/Icons/minusnode.gif /var/tmp/pgb-poc/prefix-python/lib/python3.12/idlelib/Icons
/usr/bin/install -c -m 644 ./Lib/idlelib/Icons/openfolder.gif /var/tmp/pgb-poc/prefix-python/lib/python3.12/idlelib/Icons
/usr/bin/install -c -m 644 ./Lib/idlelib/Icons/plusnode.gif /var/tmp/pgb-poc/prefix-python/lib/python3.12/idlelib/Icons
/usr/bin/install -c -m 644 ./Lib/idlelib/Icons/python.gif /var/tmp/pgb-poc/prefix-python/lib/python3.12/idlelib/Icons
/usr/bin/install -c -m 644 ./Lib/idlelib/Icons/tk.gif /var/tmp/pgb-poc/prefix-python/lib/python3.12/idlelib/Icons
/usr/bin/install -c -m 644 ./Lib/importlib/__init__.py /var/tmp/pgb-poc/prefix-python/lib/python3.12/importlib
/usr/bin/install -c -m 644 ./Lib/importlib/_abc.py /var/tmp/pgb-poc/prefix-python/lib/python3.12/importlib
/usr/bin/install -c -m 644 ./Lib/importlib/_bootstrap.py /var/tmp/pgb-poc/prefix-python/lib/python3.12/importlib
/usr/bin/install -c -m 644 ./Lib/importlib/_bootstrap_external.py /var/tmp/pgb-poc/prefix-python/lib/python3.12/importlib
/usr/bin/install -c -m 644 ./Lib/importlib/abc.py /var/tmp/pgb-poc/prefix-python/lib/python3.12/importlib
/usr/bin/install -c -m 644 ./Lib/importlib/machinery.py /var/tmp/pgb-poc/prefix-python/lib/python3.12/importlib
/usr/bin/install -c -m 644 ./Lib/importlib/readers.py /var/tmp/pgb-poc/prefix-python/lib/python3.12/importlib
/usr/bin/install -c -m 644 ./Lib/importlib/simple.py /var/tmp/pgb-poc/prefix-python/lib/python3.12/importlib
/usr/bin/install -c -m 644 ./Lib/importlib/util.py /var/tmp/pgb-poc/prefix-python/lib/python3.12/importlib
/usr/bin/install -c -m 644 ./Lib/importlib/resources/__init__.py /var/tmp/pgb-poc/prefix-python/lib/python3.12/importlib/resources
/usr/bin/install -c -m 644 ./Lib/importlib/resources/_adapters.py /var/tmp/pgb-poc/prefix-python/lib/python3.12/importlib/resources
/usr/bin/install -c -m 644 ./Lib/importlib/resources/_common.py /var/tmp/pgb-poc/prefix-python/lib/python3.12/importlib/resources
/usr/bin/install -c -m 644 ./Lib/importlib/resources/_itertools.py /var/tmp/pgb-poc/prefix-python/lib/python3.12/importlib/resources
/usr/bin/install -c -m 644 ./Lib/importlib/resources/_legacy.py /var/tmp/pgb-poc/prefix-python/lib/python3.12/importlib/resources
/usr/bin/install -c -m 644 ./Lib/importlib/resources/abc.py /var/tmp/pgb-poc/prefix-python/lib/python3.12/importlib/resources
/usr/bin/install -c -m 644 ./Lib/importlib/resources/readers.py /var/tmp/pgb-poc/prefix-python/lib/python3.12/importlib/resources
/usr/bin/install -c -m 644 ./Lib/importlib/resources/simple.py /var/tmp/pgb-poc/prefix-python/lib/python3.12/importlib/resources
/usr/bin/install -c -m 644 ./Lib/importlib/metadata/__init__.py /var/tmp/pgb-poc/prefix-python/lib/python3.12/importlib/metadata
/usr/bin/install -c -m 644 ./Lib/importlib/metadata/_adapters.py /var/tmp/pgb-poc/prefix-python/lib/python3.12/importlib/metadata
/usr/bin/install -c -m 644 ./Lib/importlib/metadata/_collections.py /var/tmp/pgb-poc/prefix-python/lib/python3.12/importlib/metadata
/usr/bin/install -c -m 644 ./Lib/importlib/metadata/_functools.py /var/tmp/pgb-poc/prefix-python/lib/python3.12/importlib/metadata
/usr/bin/install -c -m 644 ./Lib/importlib/metadata/_itertools.py /var/tmp/pgb-poc/prefix-python/lib/python3.12/importlib/metadata
/usr/bin/install -c -m 644 ./Lib/importlib/metadata/_meta.py /var/tmp/pgb-poc/prefix-python/lib/python3.12/importlib/metadata
/usr/bin/install -c -m 644 ./Lib/importlib/metadata/_text.py /var/tmp/pgb-poc/prefix-python/lib/python3.12/importlib/metadata
/usr/bin/install -c -m 644 ./Lib/json/__init__.py /var/tmp/pgb-poc/prefix-python/lib/python3.12/json
/usr/bin/install -c -m 644 ./Lib/json/decoder.py /var/tmp/pgb-poc/prefix-python/lib/python3.12/json
/usr/bin/install -c -m 644 ./Lib/json/encoder.py /var/tmp/pgb-poc/prefix-python/lib/python3.12/json
/usr/bin/install -c -m 644 ./Lib/json/scanner.py /var/tmp/pgb-poc/prefix-python/lib/python3.12/json
/usr/bin/install -c -m 644 ./Lib/json/tool.py /var/tmp/pgb-poc/prefix-python/lib/python3.12/json
/usr/bin/install -c -m 644 ./Lib/lib2to3/Grammar.txt /var/tmp/pgb-poc/prefix-python/lib/python3.12/lib2to3
/usr/bin/install -c -m 644 ./Lib/lib2to3/PatternGrammar.txt /var/tmp/pgb-poc/prefix-python/lib/python3.12/lib2to3
/usr/bin/install -c -m 644 ./Lib/lib2to3/__init__.py /var/tmp/pgb-poc/prefix-python/lib/python3.12/lib2to3
/usr/bin/install -c -m 644 ./Lib/lib2to3/__main__.py /var/tmp/pgb-poc/prefix-python/lib/python3.12/lib2to3
/usr/bin/install -c -m 644 ./Lib/lib2to3/btm_matcher.py /var/tmp/pgb-poc/prefix-python/lib/python3.12/lib2to3
/usr/bin/install -c -m 644 ./Lib/lib2to3/btm_utils.py /var/tmp/pgb-poc/prefix-python/lib/python3.12/lib2to3
/usr/bin/install -c -m 644 ./Lib/lib2to3/fixer_base.py /var/tmp/pgb-poc/prefix-python/lib/python3.12/lib2to3
/usr/bin/install -c -m 644 ./Lib/lib2to3/fixer_util.py /var/tmp/pgb-poc/prefix-python/lib/python3.12/lib2to3
/usr/bin/install -c -m 644 ./Lib/lib2to3/main.py /var/tmp/pgb-poc/prefix-python/lib/python3.12/lib2to3
/usr/bin/install -c -m 644 ./Lib/lib2to3/patcomp.py /var/tmp/pgb-poc/prefix-python/lib/python3.12/lib2to3
/usr/bin/install -c -m 644 ./Lib/lib2to3/pygram.py /var/tmp/pgb-poc/prefix-python/lib/python3.12/lib2to3
/usr/bin/install -c -m 644 ./Lib/lib2to3/pytree.py /var/tmp/pgb-poc/prefix-python/lib/python3.12/lib2to3
/usr/bin/install -c -m 644 ./Lib/lib2to3/refactor.py /var/tmp/pgb-poc/prefix-python/lib/python3.12/lib2to3
/usr/bin/install -c -m 644 ./Lib/lib2to3/fixes/__init__.py /var/tmp/pgb-poc/prefix-python/lib/python3.12/lib2to3/fixes
/usr/bin/install -c -m 644 ./Lib/lib2to3/fixes/fix_apply.py /var/tmp/pgb-poc/prefix-python/lib/python3.12/lib2to3/fixes
/usr/bin/install -c -m 644 ./Lib/lib2to3/fixes/fix_asserts.py /var/tmp/pgb-poc/prefix-python/lib/python3.12/lib2to3/fixes
/usr/bin/install -c -m 644 ./Lib/lib2to3/fixes/fix_basestring.py /var/tmp/pgb-poc/prefix-python/lib/python3.12/lib2to3/fixes
/usr/bin/install -c -m 644 ./Lib/lib2to3/fixes/fix_buffer.py /var/tmp/pgb-poc/prefix-python/lib/python3.12/lib2to3/fixes
/usr/bin/install -c -m 644 ./Lib/lib2to3/fixes/fix_dict.py /var/tmp/pgb-poc/prefix-python/lib/python3.12/lib2to3/fixes
/usr/bin/install -c -m 644 ./Lib/lib2to3/fixes/fix_except.py /var/tmp/pgb-poc/prefix-python/lib/python3.12/lib2to3/fixes
/usr/bin/install -c -m 644 ./Lib/lib2to3/fixes/fix_exec.py /var/tmp/pgb-poc/prefix-python/lib/python3.12/lib2to3/fixes
/usr/bin/install -c -m 644 ./Lib/lib2to3/fixes/fix_execfile.py /var/tmp/pgb-poc/prefix-python/lib/python3.12/lib2to3/fixes
/usr/bin/install -c -m 644 ./Lib/lib2to3/fixes/fix_exitfunc.py /var/tmp/pgb-poc/prefix-python/lib/python3.12/lib2to3/fixes
/usr/bin/install -c -m 644 ./Lib/lib2to3/fixes/fix_filter.py /var/tmp/pgb-poc/prefix-python/lib/python3.12/lib2to3/fixes
/usr/bin/install -c -m 644 ./Lib/lib2to3/fixes/fix_funcattrs.py /var/tmp/pgb-poc/prefix-python/lib/python3.12/lib2to3/fixes
/usr/bin/install -c -m 644 ./Lib/lib2to3/fixes/fix_future.py /var/tmp/pgb-poc/prefix-python/lib/python3.12/lib2to3/fixes
/usr/bin/install -c -m 644 ./Lib/lib2to3/fixes/fix_getcwdu.py /var/tmp/pgb-poc/prefix-python/lib/python3.12/lib2to3/fixes
/usr/bin/install -c -m 644 ./Lib/lib2to3/fixes/fix_has_key.py /var/tmp/pgb-poc/prefix-python/lib/python3.12/lib2to3/fixes
/usr/bin/install -c -m 644 ./Lib/lib2to3/fixes/fix_idioms.py /var/tmp/pgb-poc/prefix-python/lib/python3.12/lib2to3/fixes
/usr/bin/install -c -m 644 ./Lib/lib2to3/fixes/fix_import.py /var/tmp/pgb-poc/prefix-python/lib/python3.12/lib2to3/fixes
/usr/bin/install -c -m 644 ./Lib/lib2to3/fixes/fix_imports.py /var/tmp/pgb-poc/prefix-python/lib/python3.12/lib2to3/fixes
/usr/bin/install -c -m 644 ./Lib/lib2to3/fixes/fix_imports2.py /var/tmp/pgb-poc/prefix-python/lib/python3.12/lib2to3/fixes
/usr/bin/install -c -m 644 ./Lib/lib2to3/fixes/fix_input.py /var/tmp/pgb-poc/prefix-python/lib/python3.12/lib2to3/fixes
/usr/bin/install -c -m 644 ./Lib/lib2to3/fixes/fix_intern.py /var/tmp/pgb-poc/prefix-python/lib/python3.12/lib2to3/fixes
/usr/bin/install -c -m 644 ./Lib/lib2to3/fixes/fix_isinstance.py /var/tmp/pgb-poc/prefix-python/lib/python3.12/lib2to3/fixes
/usr/bin/install -c -m 644 ./Lib/lib2to3/fixes/fix_itertools.py /var/tmp/pgb-poc/prefix-python/lib/python3.12/lib2to3/fixes
/usr/bin/install -c -m 644 ./Lib/lib2to3/fixes/fix_itertools_imports.py /var/tmp/pgb-poc/prefix-python/lib/python3.12/lib2to3/fixes
/usr/bin/install -c -m 644 ./Lib/lib2to3/fixes/fix_long.py /var/tmp/pgb-poc/prefix-python/lib/python3.12/lib2to3/fixes
/usr/bin/install -c -m 644 ./Lib/lib2to3/fixes/fix_map.py /var/tmp/pgb-poc/prefix-python/lib/python3.12/lib2to3/fixes
/usr/bin/install -c -m 644 ./Lib/lib2to3/fixes/fix_metaclass.py /var/tmp/pgb-poc/prefix-python/lib/python3.12/lib2to3/fixes
/usr/bin/install -c -m 644 ./Lib/lib2to3/fixes/fix_methodattrs.py /var/tmp/pgb-poc/prefix-python/lib/python3.12/lib2to3/fixes
/usr/bin/install -c -m 644 ./Lib/lib2to3/fixes/fix_ne.py /var/tmp/pgb-poc/prefix-python/lib/python3.12/lib2to3/fixes
/usr/bin/install -c -m 644 ./Lib/lib2to3/fixes/fix_next.py /var/tmp/pgb-poc/prefix-python/lib/python3.12/lib2to3/fixes
/usr/bin/install -c -m 644 ./Lib/lib2to3/fixes/fix_nonzero.py /var/tmp/pgb-poc/prefix-python/lib/python3.12/lib2to3/fixes
/usr/bin/install -c -m 644 ./Lib/lib2to3/fixes/fix_numliterals.py /var/tmp/pgb-poc/prefix-python/lib/python3.12/lib2to3/fixes
/usr/bin/install -c -m 644 ./Lib/lib2to3/fixes/fix_operator.py /var/tmp/pgb-poc/prefix-python/lib/python3.12/lib2to3/fixes
/usr/bin/install -c -m 644 ./Lib/lib2to3/fixes/fix_paren.py /var/tmp/pgb-poc/prefix-python/lib/python3.12/lib2to3/fixes
/usr/bin/install -c -m 644 ./Lib/lib2to3/fixes/fix_print.py /var/tmp/pgb-poc/prefix-python/lib/python3.12/lib2to3/fixes
/usr/bin/install -c -m 644 ./Lib/lib2to3/fixes/fix_raise.py /var/tmp/pgb-poc/prefix-python/lib/python3.12/lib2to3/fixes
/usr/bin/install -c -m 644 ./Lib/lib2to3/fixes/fix_raw_input.py /var/tmp/pgb-poc/prefix-python/lib/python3.12/lib2to3/fixes
/usr/bin/install -c -m 644 ./Lib/lib2to3/fixes/fix_reduce.py /var/tmp/pgb-poc/prefix-python/lib/python3.12/lib2to3/fixes
/usr/bin/install -c -m 644 ./Lib/lib2to3/fixes/fix_reload.py /var/tmp/pgb-poc/prefix-python/lib/python3.12/lib2to3/fixes
/usr/bin/install -c -m 644 ./Lib/lib2to3/fixes/fix_renames.py /var/tmp/pgb-poc/prefix-python/lib/python3.12/lib2to3/fixes
/usr/bin/install -c -m 644 ./Lib/lib2to3/fixes/fix_repr.py /var/tmp/pgb-poc/prefix-python/lib/python3.12/lib2to3/fixes
/usr/bin/install -c -m 644 ./Lib/lib2to3/fixes/fix_set_literal.py /var/tmp/pgb-poc/prefix-python/lib/python3.12/lib2to3/fixes
/usr/bin/install -c -m 644 ./Lib/lib2to3/fixes/fix_standarderror.py /var/tmp/pgb-poc/prefix-python/lib/python3.12/lib2to3/fixes
/usr/bin/install -c -m 644 ./Lib/lib2to3/fixes/fix_sys_exc.py /var/tmp/pgb-poc/prefix-python/lib/python3.12/lib2to3/fixes
/usr/bin/install -c -m 644 ./Lib/lib2to3/fixes/fix_throw.py /var/tmp/pgb-poc/prefix-python/lib/python3.12/lib2to3/fixes
/usr/bin/install -c -m 644 ./Lib/lib2to3/fixes/fix_tuple_params.py /var/tmp/pgb-poc/prefix-python/lib/python3.12/lib2to3/fixes
/usr/bin/install -c -m 644 ./Lib/lib2to3/fixes/fix_types.py /var/tmp/pgb-poc/prefix-python/lib/python3.12/lib2to3/fixes
/usr/bin/install -c -m 644 ./Lib/lib2to3/fixes/fix_unicode.py /var/tmp/pgb-poc/prefix-python/lib/python3.12/lib2to3/fixes
/usr/bin/install -c -m 644 ./Lib/lib2to3/fixes/fix_urllib.py /var/tmp/pgb-poc/prefix-python/lib/python3.12/lib2to3/fixes
/usr/bin/install -c -m 644 ./Lib/lib2to3/fixes/fix_ws_comma.py /var/tmp/pgb-poc/prefix-python/lib/python3.12/lib2to3/fixes
/usr/bin/install -c -m 644 ./Lib/lib2to3/fixes/fix_xrange.py /var/tmp/pgb-poc/prefix-python/lib/python3.12/lib2to3/fixes
/usr/bin/install -c -m 644 ./Lib/lib2to3/fixes/fix_xreadlines.py /var/tmp/pgb-poc/prefix-python/lib/python3.12/lib2to3/fixes
/usr/bin/install -c -m 644 ./Lib/lib2to3/fixes/fix_zip.py /var/tmp/pgb-poc/prefix-python/lib/python3.12/lib2to3/fixes
/usr/bin/install -c -m 644 ./Lib/lib2to3/pgen2/__init__.py /var/tmp/pgb-poc/prefix-python/lib/python3.12/lib2to3/pgen2
/usr/bin/install -c -m 644 ./Lib/lib2to3/pgen2/conv.py /var/tmp/pgb-poc/prefix-python/lib/python3.12/lib2to3/pgen2
/usr/bin/install -c -m 644 ./Lib/lib2to3/pgen2/driver.py /var/tmp/pgb-poc/prefix-python/lib/python3.12/lib2to3/pgen2
/usr/bin/install -c -m 644 ./Lib/lib2to3/pgen2/grammar.py /var/tmp/pgb-poc/prefix-python/lib/python3.12/lib2to3/pgen2
/usr/bin/install -c -m 644 ./Lib/lib2to3/pgen2/literals.py /var/tmp/pgb-poc/prefix-python/lib/python3.12/lib2to3/pgen2
/usr/bin/install -c -m 644 ./Lib/lib2to3/pgen2/parse.py /var/tmp/pgb-poc/prefix-python/lib/python3.12/lib2to3/pgen2
/usr/bin/install -c -m 644 ./Lib/lib2to3/pgen2/pgen.py /var/tmp/pgb-poc/prefix-python/lib/python3.12/lib2to3/pgen2
/usr/bin/install -c ./Lib/lib2to3/pgen2/token.py /var/tmp/pgb-poc/prefix-python/lib/python3.12/lib2to3/pgen2
/usr/bin/install -c -m 644 ./Lib/lib2to3/pgen2/tokenize.py /var/tmp/pgb-poc/prefix-python/lib/python3.12/lib2to3/pgen2
/usr/bin/install -c -m 644 ./Lib/logging/__init__.py /var/tmp/pgb-poc/prefix-python/lib/python3.12/logging
/usr/bin/install -c -m 644 ./Lib/logging/config.py /var/tmp/pgb-poc/prefix-python/lib/python3.12/logging
/usr/bin/install -c -m 644 ./Lib/logging/handlers.py /var/tmp/pgb-poc/prefix-python/lib/python3.12/logging
/usr/bin/install -c -m 644 ./Lib/multiprocessing/__init__.py /var/tmp/pgb-poc/prefix-python/lib/python3.12/multiprocessing
/usr/bin/install -c -m 644 ./Lib/multiprocessing/connection.py /var/tmp/pgb-poc/prefix-python/lib/python3.12/multiprocessing
/usr/bin/install -c -m 644 ./Lib/multiprocessing/context.py /var/tmp/pgb-poc/prefix-python/lib/python3.12/multiprocessing
/usr/bin/install -c -m 644 ./Lib/multiprocessing/forkserver.py /var/tmp/pgb-poc/prefix-python/lib/python3.12/multiprocessing
/usr/bin/install -c -m 644 ./Lib/multiprocessing/heap.py /var/tmp/pgb-poc/prefix-python/lib/python3.12/multiprocessing
/usr/bin/install -c -m 644 ./Lib/multiprocessing/managers.py /var/tmp/pgb-poc/prefix-python/lib/python3.12/multiprocessing
/usr/bin/install -c -m 644 ./Lib/multiprocessing/pool.py /var/tmp/pgb-poc/prefix-python/lib/python3.12/multiprocessing
/usr/bin/install -c -m 644 ./Lib/multiprocessing/popen_fork.py /var/tmp/pgb-poc/prefix-python/lib/python3.12/multiprocessing
/usr/bin/install -c -m 644 ./Lib/multiprocessing/popen_forkserver.py /var/tmp/pgb-poc/prefix-python/lib/python3.12/multiprocessing
/usr/bin/install -c -m 644 ./Lib/multiprocessing/popen_spawn_posix.py /var/tmp/pgb-poc/prefix-python/lib/python3.12/multiprocessing
/usr/bin/install -c -m 644 ./Lib/multiprocessing/popen_spawn_win32.py /var/tmp/pgb-poc/prefix-python/lib/python3.12/multiprocessing
/usr/bin/install -c -m 644 ./Lib/multiprocessing/process.py /var/tmp/pgb-poc/prefix-python/lib/python3.12/multiprocessing
/usr/bin/install -c -m 644 ./Lib/multiprocessing/queues.py /var/tmp/pgb-poc/prefix-python/lib/python3.12/multiprocessing
/usr/bin/install -c -m 644 ./Lib/multiprocessing/reduction.py /var/tmp/pgb-poc/prefix-python/lib/python3.12/multiprocessing
/usr/bin/install -c -m 644 ./Lib/multiprocessing/resource_sharer.py /var/tmp/pgb-poc/prefix-python/lib/python3.12/multiprocessing
/usr/bin/install -c -m 644 ./Lib/multiprocessing/resource_tracker.py /var/tmp/pgb-poc/prefix-python/lib/python3.12/multiprocessing
/usr/bin/install -c -m 644 ./Lib/multiprocessing/shared_memory.py /var/tmp/pgb-poc/prefix-python/lib/python3.12/multiprocessing
/usr/bin/install -c -m 644 ./Lib/multiprocessing/sharedctypes.py /var/tmp/pgb-poc/prefix-python/lib/python3.12/multiprocessing
/usr/bin/install -c -m 644 ./Lib/multiprocessing/spawn.py /var/tmp/pgb-poc/prefix-python/lib/python3.12/multiprocessing
/usr/bin/install -c -m 644 ./Lib/multiprocessing/synchronize.py /var/tmp/pgb-poc/prefix-python/lib/python3.12/multiprocessing
/usr/bin/install -c -m 644 ./Lib/multiprocessing/util.py /var/tmp/pgb-poc/prefix-python/lib/python3.12/multiprocessing
/usr/bin/install -c -m 644 ./Lib/multiprocessing/dummy/__init__.py /var/tmp/pgb-poc/prefix-python/lib/python3.12/multiprocessing/dummy
/usr/bin/install -c -m 644 ./Lib/multiprocessing/dummy/connection.py /var/tmp/pgb-poc/prefix-python/lib/python3.12/multiprocessing/dummy
/usr/bin/install -c -m 644 ./Lib/pydoc_data/__init__.py /var/tmp/pgb-poc/prefix-python/lib/python3.12/pydoc_data
/usr/bin/install -c -m 644 ./Lib/pydoc_data/_pydoc.css /var/tmp/pgb-poc/prefix-python/lib/python3.12/pydoc_data
/usr/bin/install -c -m 644 ./Lib/pydoc_data/topics.py /var/tmp/pgb-poc/prefix-python/lib/python3.12/pydoc_data
/usr/bin/install -c -m 644 ./Lib/re/__init__.py /var/tmp/pgb-poc/prefix-python/lib/python3.12/re
/usr/bin/install -c -m 644 ./Lib/re/_casefix.py /var/tmp/pgb-poc/prefix-python/lib/python3.12/re
/usr/bin/install -c -m 644 ./Lib/re/_compiler.py /var/tmp/pgb-poc/prefix-python/lib/python3.12/re
/usr/bin/install -c -m 644 ./Lib/re/_constants.py /var/tmp/pgb-poc/prefix-python/lib/python3.12/re
/usr/bin/install -c -m 644 ./Lib/re/_parser.py /var/tmp/pgb-poc/prefix-python/lib/python3.12/re
/usr/bin/install -c -m 644 ./Lib/site-packages/README.txt /var/tmp/pgb-poc/prefix-python/lib/python3.12/site-packages
/usr/bin/install -c -m 644 ./Lib/sqlite3/__init__.py /var/tmp/pgb-poc/prefix-python/lib/python3.12/sqlite3
/usr/bin/install -c -m 644 ./Lib/sqlite3/__main__.py /var/tmp/pgb-poc/prefix-python/lib/python3.12/sqlite3
/usr/bin/install -c -m 644 ./Lib/sqlite3/dbapi2.py /var/tmp/pgb-poc/prefix-python/lib/python3.12/sqlite3
/usr/bin/install -c -m 644 ./Lib/sqlite3/dump.py /var/tmp/pgb-poc/prefix-python/lib/python3.12/sqlite3
/usr/bin/install -c -m 644 ./Lib/tkinter/__init__.py /var/tmp/pgb-poc/prefix-python/lib/python3.12/tkinter
/usr/bin/install -c -m 644 ./Lib/tkinter/__main__.py /var/tmp/pgb-poc/prefix-python/lib/python3.12/tkinter
/usr/bin/install -c -m 644 ./Lib/tkinter/colorchooser.py /var/tmp/pgb-poc/prefix-python/lib/python3.12/tkinter
/usr/bin/install -c -m 644 ./Lib/tkinter/commondialog.py /var/tmp/pgb-poc/prefix-python/lib/python3.12/tkinter
/usr/bin/install -c -m 644 ./Lib/tkinter/constants.py /var/tmp/pgb-poc/prefix-python/lib/python3.12/tkinter
/usr/bin/install -c -m 644 ./Lib/tkinter/dialog.py /var/tmp/pgb-poc/prefix-python/lib/python3.12/tkinter
/usr/bin/install -c -m 644 ./Lib/tkinter/dnd.py /var/tmp/pgb-poc/prefix-python/lib/python3.12/tkinter
/usr/bin/install -c -m 644 ./Lib/tkinter/filedialog.py /var/tmp/pgb-poc/prefix-python/lib/python3.12/tkinter
/usr/bin/install -c -m 644 ./Lib/tkinter/font.py /var/tmp/pgb-poc/prefix-python/lib/python3.12/tkinter
/usr/bin/install -c -m 644 ./Lib/tkinter/messagebox.py /var/tmp/pgb-poc/prefix-python/lib/python3.12/tkinter
/usr/bin/install -c -m 644 ./Lib/tkinter/scrolledtext.py /var/tmp/pgb-poc/prefix-python/lib/python3.12/tkinter
/usr/bin/install -c -m 644 ./Lib/tkinter/simpledialog.py /var/tmp/pgb-poc/prefix-python/lib/python3.12/tkinter
/usr/bin/install -c -m 644 ./Lib/tkinter/tix.py /var/tmp/pgb-poc/prefix-python/lib/python3.12/tkinter
/usr/bin/install -c -m 644 ./Lib/tkinter/ttk.py /var/tmp/pgb-poc/prefix-python/lib/python3.12/tkinter
/usr/bin/install -c -m 644 ./Lib/tomllib/__init__.py /var/tmp/pgb-poc/prefix-python/lib/python3.12/tomllib
/usr/bin/install -c -m 644 ./Lib/tomllib/_parser.py /var/tmp/pgb-poc/prefix-python/lib/python3.12/tomllib
/usr/bin/install -c -m 644 ./Lib/tomllib/_re.py /var/tmp/pgb-poc/prefix-python/lib/python3.12/tomllib
/usr/bin/install -c -m 644 ./Lib/tomllib/_types.py /var/tmp/pgb-poc/prefix-python/lib/python3.12/tomllib
/usr/bin/install -c -m 644 ./Lib/turtledemo/__init__.py /var/tmp/pgb-poc/prefix-python/lib/python3.12/turtledemo
/usr/bin/install -c ./Lib/turtledemo/__main__.py /var/tmp/pgb-poc/prefix-python/lib/python3.12/turtledemo
/usr/bin/install -c ./Lib/turtledemo/bytedesign.py /var/tmp/pgb-poc/prefix-python/lib/python3.12/turtledemo
/usr/bin/install -c -m 644 ./Lib/turtledemo/chaos.py /var/tmp/pgb-poc/prefix-python/lib/python3.12/turtledemo
/usr/bin/install -c ./Lib/turtledemo/clock.py /var/tmp/pgb-poc/prefix-python/lib/python3.12/turtledemo
/usr/bin/install -c -m 644 ./Lib/turtledemo/colormixer.py /var/tmp/pgb-poc/prefix-python/lib/python3.12/turtledemo
/usr/bin/install -c ./Lib/turtledemo/forest.py /var/tmp/pgb-poc/prefix-python/lib/python3.12/turtledemo
/usr/bin/install -c ./Lib/turtledemo/fractalcurves.py /var/tmp/pgb-poc/prefix-python/lib/python3.12/turtledemo
/usr/bin/install -c ./Lib/turtledemo/lindenmayer.py /var/tmp/pgb-poc/prefix-python/lib/python3.12/turtledemo
/usr/bin/install -c ./Lib/turtledemo/minimal_hanoi.py /var/tmp/pgb-poc/prefix-python/lib/python3.12/turtledemo
/usr/bin/install -c -m 644 ./Lib/turtledemo/nim.py /var/tmp/pgb-poc/prefix-python/lib/python3.12/turtledemo
/usr/bin/install -c ./Lib/turtledemo/paint.py /var/tmp/pgb-poc/prefix-python/lib/python3.12/turtledemo
/usr/bin/install -c ./Lib/turtledemo/peace.py /var/tmp/pgb-poc/prefix-python/lib/python3.12/turtledemo
/usr/bin/install -c ./Lib/turtledemo/penrose.py /var/tmp/pgb-poc/prefix-python/lib/python3.12/turtledemo
/usr/bin/install -c ./Lib/turtledemo/planet_and_moon.py /var/tmp/pgb-poc/prefix-python/lib/python3.12/turtledemo
/usr/bin/install -c -m 644 ./Lib/turtledemo/rosette.py /var/tmp/pgb-poc/prefix-python/lib/python3.12/turtledemo
/usr/bin/install -c -m 644 ./Lib/turtledemo/round_dance.py /var/tmp/pgb-poc/prefix-python/lib/python3.12/turtledemo
/usr/bin/install -c ./Lib/turtledemo/sorting_animate.py /var/tmp/pgb-poc/prefix-python/lib/python3.12/turtledemo
/usr/bin/install -c ./Lib/turtledemo/tree.py /var/tmp/pgb-poc/prefix-python/lib/python3.12/turtledemo
/usr/bin/install -c -m 644 ./Lib/turtledemo/turtle.cfg /var/tmp/pgb-poc/prefix-python/lib/python3.12/turtledemo
/usr/bin/install -c -m 644 ./Lib/turtledemo/two_canvases.py /var/tmp/pgb-poc/prefix-python/lib/python3.12/turtledemo
/usr/bin/install -c ./Lib/turtledemo/yinyang.py /var/tmp/pgb-poc/prefix-python/lib/python3.12/turtledemo
/usr/bin/install -c -m 644 ./Lib/unittest/__init__.py /var/tmp/pgb-poc/prefix-python/lib/python3.12/unittest
/usr/bin/install -c -m 644 ./Lib/unittest/__main__.py /var/tmp/pgb-poc/prefix-python/lib/python3.12/unittest
/usr/bin/install -c -m 644 ./Lib/unittest/_log.py /var/tmp/pgb-poc/prefix-python/lib/python3.12/unittest
/usr/bin/install -c -m 644 ./Lib/unittest/async_case.py /var/tmp/pgb-poc/prefix-python/lib/python3.12/unittest
/usr/bin/install -c -m 644 ./Lib/unittest/case.py /var/tmp/pgb-poc/prefix-python/lib/python3.12/unittest
/usr/bin/install -c -m 644 ./Lib/unittest/loader.py /var/tmp/pgb-poc/prefix-python/lib/python3.12/unittest
/usr/bin/install -c -m 644 ./Lib/unittest/main.py /var/tmp/pgb-poc/prefix-python/lib/python3.12/unittest
/usr/bin/install -c -m 644 ./Lib/unittest/mock.py /var/tmp/pgb-poc/prefix-python/lib/python3.12/unittest
/usr/bin/install -c -m 644 ./Lib/unittest/result.py /var/tmp/pgb-poc/prefix-python/lib/python3.12/unittest
/usr/bin/install -c -m 644 ./Lib/unittest/runner.py /var/tmp/pgb-poc/prefix-python/lib/python3.12/unittest
/usr/bin/install -c -m 644 ./Lib/unittest/signals.py /var/tmp/pgb-poc/prefix-python/lib/python3.12/unittest
/usr/bin/install -c -m 644 ./Lib/unittest/suite.py /var/tmp/pgb-poc/prefix-python/lib/python3.12/unittest
/usr/bin/install -c -m 644 ./Lib/unittest/util.py /var/tmp/pgb-poc/prefix-python/lib/python3.12/unittest
/usr/bin/install -c -m 644 ./Lib/urllib/__init__.py /var/tmp/pgb-poc/prefix-python/lib/python3.12/urllib
/usr/bin/install -c -m 644 ./Lib/urllib/error.py /var/tmp/pgb-poc/prefix-python/lib/python3.12/urllib
/usr/bin/install -c -m 644 ./Lib/urllib/parse.py /var/tmp/pgb-poc/prefix-python/lib/python3.12/urllib
/usr/bin/install -c -m 644 ./Lib/urllib/request.py /var/tmp/pgb-poc/prefix-python/lib/python3.12/urllib
/usr/bin/install -c -m 644 ./Lib/urllib/response.py /var/tmp/pgb-poc/prefix-python/lib/python3.12/urllib
/usr/bin/install -c -m 644 ./Lib/urllib/robotparser.py /var/tmp/pgb-poc/prefix-python/lib/python3.12/urllib
/usr/bin/install -c -m 644 ./Lib/venv/__init__.py /var/tmp/pgb-poc/prefix-python/lib/python3.12/venv
/usr/bin/install -c -m 644 ./Lib/venv/__main__.py /var/tmp/pgb-poc/prefix-python/lib/python3.12/venv
/usr/bin/install -c -m 644 ./Lib/venv/scripts/common/Activate.ps1 /var/tmp/pgb-poc/prefix-python/lib/python3.12/venv/scripts/common
/usr/bin/install -c -m 644 ./Lib/venv/scripts/common/activate /var/tmp/pgb-poc/prefix-python/lib/python3.12/venv/scripts/common
/usr/bin/install -c -m 644 ./Lib/venv/scripts/posix/activate.csh /var/tmp/pgb-poc/prefix-python/lib/python3.12/venv/scripts/posix
/usr/bin/install -c -m 644 ./Lib/venv/scripts/posix/activate.fish /var/tmp/pgb-poc/prefix-python/lib/python3.12/venv/scripts/posix
/usr/bin/install -c -m 644 ./Lib/wsgiref/__init__.py /var/tmp/pgb-poc/prefix-python/lib/python3.12/wsgiref
/usr/bin/install -c -m 644 ./Lib/wsgiref/handlers.py /var/tmp/pgb-poc/prefix-python/lib/python3.12/wsgiref
/usr/bin/install -c -m 644 ./Lib/wsgiref/headers.py /var/tmp/pgb-poc/prefix-python/lib/python3.12/wsgiref
/usr/bin/install -c -m 644 ./Lib/wsgiref/simple_server.py /var/tmp/pgb-poc/prefix-python/lib/python3.12/wsgiref
/usr/bin/install -c -m 644 ./Lib/wsgiref/types.py /var/tmp/pgb-poc/prefix-python/lib/python3.12/wsgiref
/usr/bin/install -c -m 644 ./Lib/wsgiref/util.py /var/tmp/pgb-poc/prefix-python/lib/python3.12/wsgiref
/usr/bin/install -c -m 644 ./Lib/wsgiref/validate.py /var/tmp/pgb-poc/prefix-python/lib/python3.12/wsgiref
/usr/bin/install -c -m 644 ./Lib/xml/__init__.py /var/tmp/pgb-poc/prefix-python/lib/python3.12/xml
/usr/bin/install -c -m 644 ./Lib/xml/dom/NodeFilter.py /var/tmp/pgb-poc/prefix-python/lib/python3.12/xml/dom
/usr/bin/install -c -m 644 ./Lib/xml/dom/__init__.py /var/tmp/pgb-poc/prefix-python/lib/python3.12/xml/dom
/usr/bin/install -c -m 644 ./Lib/xml/dom/domreg.py /var/tmp/pgb-poc/prefix-python/lib/python3.12/xml/dom
/usr/bin/install -c -m 644 ./Lib/xml/dom/expatbuilder.py /var/tmp/pgb-poc/prefix-python/lib/python3.12/xml/dom
/usr/bin/install -c -m 644 ./Lib/xml/dom/minicompat.py /var/tmp/pgb-poc/prefix-python/lib/python3.12/xml/dom
/usr/bin/install -c -m 644 ./Lib/xml/dom/minidom.py /var/tmp/pgb-poc/prefix-python/lib/python3.12/xml/dom
/usr/bin/install -c -m 644 ./Lib/xml/dom/pulldom.py /var/tmp/pgb-poc/prefix-python/lib/python3.12/xml/dom
/usr/bin/install -c -m 644 ./Lib/xml/dom/xmlbuilder.py /var/tmp/pgb-poc/prefix-python/lib/python3.12/xml/dom
/usr/bin/install -c -m 644 ./Lib/xml/etree/ElementInclude.py /var/tmp/pgb-poc/prefix-python/lib/python3.12/xml/etree
/usr/bin/install -c -m 644 ./Lib/xml/etree/ElementPath.py /var/tmp/pgb-poc/prefix-python/lib/python3.12/xml/etree
/usr/bin/install -c -m 644 ./Lib/xml/etree/ElementTree.py /var/tmp/pgb-poc/prefix-python/lib/python3.12/xml/etree
/usr/bin/install -c -m 644 ./Lib/xml/etree/__init__.py /var/tmp/pgb-poc/prefix-python/lib/python3.12/xml/etree
/usr/bin/install -c -m 644 ./Lib/xml/etree/cElementTree.py /var/tmp/pgb-poc/prefix-python/lib/python3.12/xml/etree
/usr/bin/install -c -m 644 ./Lib/xml/parsers/__init__.py /var/tmp/pgb-poc/prefix-python/lib/python3.12/xml/parsers
/usr/bin/install -c -m 644 ./Lib/xml/parsers/expat.py /var/tmp/pgb-poc/prefix-python/lib/python3.12/xml/parsers
/usr/bin/install -c -m 644 ./Lib/xml/sax/__init__.py /var/tmp/pgb-poc/prefix-python/lib/python3.12/xml/sax
/usr/bin/install -c -m 644 ./Lib/xml/sax/_exceptions.py /var/tmp/pgb-poc/prefix-python/lib/python3.12/xml/sax
/usr/bin/install -c -m 644 ./Lib/xml/sax/expatreader.py /var/tmp/pgb-poc/prefix-python/lib/python3.12/xml/sax
/usr/bin/install -c -m 644 ./Lib/xml/sax/handler.py /var/tmp/pgb-poc/prefix-python/lib/python3.12/xml/sax
/usr/bin/install -c -m 644 ./Lib/xml/sax/saxutils.py /var/tmp/pgb-poc/prefix-python/lib/python3.12/xml/sax
/usr/bin/install -c -m 644 ./Lib/xml/sax/xmlreader.py /var/tmp/pgb-poc/prefix-python/lib/python3.12/xml/sax
/usr/bin/install -c -m 644 ./Lib/xmlrpc/__init__.py /var/tmp/pgb-poc/prefix-python/lib/python3.12/xmlrpc
/usr/bin/install -c -m 644 ./Lib/xmlrpc/client.py /var/tmp/pgb-poc/prefix-python/lib/python3.12/xmlrpc
/usr/bin/install -c -m 644 ./Lib/xmlrpc/server.py /var/tmp/pgb-poc/prefix-python/lib/python3.12/xmlrpc
/usr/bin/install -c -m 644 ./Lib/zipfile/__init__.py /var/tmp/pgb-poc/prefix-python/lib/python3.12/zipfile
/usr/bin/install -c -m 644 ./Lib/zipfile/__main__.py /var/tmp/pgb-poc/prefix-python/lib/python3.12/zipfile
/usr/bin/install -c -m 644 ./Lib/zipfile/_path/__init__.py /var/tmp/pgb-poc/prefix-python/lib/python3.12/zipfile/_path
/usr/bin/install -c -m 644 ./Lib/zipfile/_path/glob.py /var/tmp/pgb-poc/prefix-python/lib/python3.12/zipfile/_path
/usr/bin/install -c -m 644 ./Lib/zoneinfo/__init__.py /var/tmp/pgb-poc/prefix-python/lib/python3.12/zoneinfo
/usr/bin/install -c -m 644 ./Lib/zoneinfo/_common.py /var/tmp/pgb-poc/prefix-python/lib/python3.12/zoneinfo
/usr/bin/install -c -m 644 ./Lib/zoneinfo/_tzpath.py /var/tmp/pgb-poc/prefix-python/lib/python3.12/zoneinfo
/usr/bin/install -c -m 644 ./Lib/zoneinfo/_zoneinfo.py /var/tmp/pgb-poc/prefix-python/lib/python3.12/zoneinfo
/usr/bin/install -c -m 644 ./Lib/__phello__/__init__.py /var/tmp/pgb-poc/prefix-python/lib/python3.12/__phello__
/usr/bin/install -c -m 644 ./Lib/__phello__/spam.py /var/tmp/pgb-poc/prefix-python/lib/python3.12/__phello__
/usr/bin/install -c -m 644 `cat pybuilddir.txt`/_sysconfigdata__linux_x86_64-linux-gnu.py \
	/var/tmp/pgb-poc/prefix-python/lib/python3.12; \
/usr/bin/install -c -m 644 ./LICENSE /var/tmp/pgb-poc/prefix-python/lib/python3.12/LICENSE.txt
PYTHONPATH=/var/tmp/pgb-poc/prefix-python/lib/python3.12  \
	./python -E -Wi /var/tmp/pgb-poc/prefix-python/lib/python3.12/compileall.py \
	-o 0 -o 1 -o 2 -j0 -d /var/tmp/pgb-poc/prefix-python/lib/python3.12 -f \
	-x 'bad_coding|badsyntax|site-packages|test/test_lib2to3/data' \
	/var/tmp/pgb-poc/prefix-python/lib/python3.12
Listing '/var/tmp/pgb-poc/prefix-python/lib/python3.12'...
Listing '/var/tmp/pgb-poc/prefix-python/lib/python3.12/__phello__'...
Compiling '/var/tmp/pgb-poc/prefix-python/lib/python3.12/__future__.py'...
Compiling '/var/tmp/pgb-poc/prefix-python/lib/python3.12/_collections_abc.py'...
Compiling '/var/tmp/pgb-poc/prefix-python/lib/python3.12/_pylong.py'...
Compiling '/var/tmp/pgb-poc/prefix-python/lib/python3.12/_sitebuiltins.py'...
Compiling '/var/tmp/pgb-poc/prefix-python/lib/python3.12/_strptime.py'...
Compiling '/var/tmp/pgb-poc/prefix-python/lib/python3.12/_sysconfigdata__linux_x86_64-linux-gnu.py'...
Compiling '/var/tmp/pgb-poc/prefix-python/lib/python3.12/abc.py'...
Compiling '/var/tmp/pgb-poc/prefix-python/lib/python3.12/aifc.py'...
Compiling '/var/tmp/pgb-poc/prefix-python/lib/python3.12/asyncio/__init__.py'...
Compiling '/var/tmp/pgb-poc/prefix-python/lib/python3.12/asyncio/__main__.py'...
Compiling '/var/tmp/pgb-poc/prefix-python/lib/python3.12/asyncio/base_events.py'...
Compiling '/var/tmp/pgb-poc/prefix-python/lib/python3.12/asyncio/log.py'...
Compiling '/var/tmp/pgb-poc/prefix-python/lib/python3.12/asyncio/mixins.py'...
Compiling '/var/tmp/pgb-poc/prefix-python/lib/python3.12/asyncio/protocols.py'...
Compiling '/var/tmp/pgb-poc/prefix-python/lib/python3.12/asyncio/runners.py'...
Compiling '/var/tmp/pgb-poc/prefix-python/lib/python3.12/asyncio/staggered.py'...
Compiling '/var/tmp/pgb-poc/prefix-python/lib/python3.12/asyncio/streams.py'...
Compiling '/var/tmp/pgb-poc/prefix-python/lib/python3.12/asyncio/transports.py'...
Compiling '/var/tmp/pgb-poc/prefix-python/lib/python3.12/asyncio/windows_utils.py'...
Compiling '/var/tmp/pgb-poc/prefix-python/lib/python3.12/bdb.py'...
Compiling '/var/tmp/pgb-poc/prefix-python/lib/python3.12/chunk.py'...
Compiling '/var/tmp/pgb-poc/prefix-python/lib/python3.12/code.py'...
Compiling '/var/tmp/pgb-poc/prefix-python/lib/python3.12/colorsys.py'...
Compiling '/var/tmp/pgb-poc/prefix-python/lib/python3.12/concurrent/__init__.py'...
Compiling '/var/tmp/pgb-poc/prefix-python/lib/python3.12/concurrent/futures/__init__.py'...
Compiling '/var/tmp/pgb-poc/prefix-python/lib/python3.12/concurrent/futures/_base.py'...
Compiling '/var/tmp/pgb-poc/prefix-python/lib/python3.12/contextvars.py'...
Compiling '/var/tmp/pgb-poc/prefix-python/lib/python3.12/copy.py'...
Compiling '/var/tmp/pgb-poc/prefix-python/lib/python3.12/crypt.py'...
Compiling '/var/tmp/pgb-poc/prefix-python/lib/python3.12/ctypes/_aix.py'...
Compiling '/var/tmp/pgb-poc/prefix-python/lib/python3.12/ctypes/macholib/dyld.py'...
Compiling '/var/tmp/pgb-poc/prefix-python/lib/python3.12/curses/__init__.py'...
Compiling '/var/tmp/pgb-poc/prefix-python/lib/python3.12/curses/has_key.py'...
Compiling '/var/tmp/pgb-poc/prefix-python/lib/python3.12/datetime.py'...
Compiling '/var/tmp/pgb-poc/prefix-python/lib/python3.12/dbm/gnu.py'...
Compiling '/var/tmp/pgb-poc/prefix-python/lib/python3.12/dbm/ndbm.py'...
Compiling '/var/tmp/pgb-poc/prefix-python/lib/python3.12/decimal.py'...
Compiling '/var/tmp/pgb-poc/prefix-python/lib/python3.12/dis.py'...
Compiling '/var/tmp/pgb-poc/prefix-python/lib/python3.12/email/__init__.py'...
Compiling '/var/tmp/pgb-poc/prefix-python/lib/python3.12/email/_header_value_parser.py'...
Compiling '/var/tmp/pgb-poc/prefix-python/lib/python3.12/encodings/cp1006.py'...
Compiling '/var/tmp/pgb-poc/prefix-python/lib/python3.12/encodings/cp1251.py'...
Compiling '/var/tmp/pgb-poc/prefix-python/lib/python3.12/encodings/cp1254.py'...
Compiling '/var/tmp/pgb-poc/prefix-python/lib/python3.12/encodings/cp1257.py'...
Compiling '/var/tmp/pgb-poc/prefix-python/lib/python3.12/encodings/cp437.py'...
Compiling '/var/tmp/pgb-poc/prefix-python/lib/python3.12/encodings/cp852.py'...
Compiling '/var/tmp/pgb-poc/prefix-python/lib/python3.12/encodings/cp861.py'...
Compiling '/var/tmp/pgb-poc/prefix-python/lib/python3.12/encodings/cp865.py'...
Compiling '/var/tmp/pgb-poc/prefix-python/lib/python3.12/encodings/cp875.py'...
Compiling '/var/tmp/pgb-poc/prefix-python/lib/python3.12/encodings/cp949.py'...
Compiling '/var/tmp/pgb-poc/prefix-python/lib/python3.12/encodings/cp950.py'...
Compiling '/var/tmp/pgb-poc/prefix-python/lib/python3.12/encodings/euc_kr.py'...
Compiling '/var/tmp/pgb-poc/prefix-python/lib/python3.12/encodings/gbk.py'...
Compiling '/var/tmp/pgb-poc/prefix-python/lib/python3.12/encodings/idna.py'...
Compiling '/var/tmp/pgb-poc/prefix-python/lib/python3.12/encodings/iso8859_13.py'...
Compiling '/var/tmp/pgb-poc/prefix-python/lib/python3.12/encodings/iso8859_2.py'...
Compiling '/var/tmp/pgb-poc/prefix-python/lib/python3.12/encodings/iso8859_6.py'...
Compiling '/var/tmp/pgb-poc/prefix-python/lib/python3.12/encodings/kz1048.py'...
Compiling '/var/tmp/pgb-poc/prefix-python/lib/python3.12/encodings/mac_cyrillic.py'...
Compiling '/var/tmp/pgb-poc/prefix-python/lib/python3.12/encodings/mac_greek.py'...
Compiling '/var/tmp/pgb-poc/prefix-python/lib/python3.12/encodings/mac_roman.py'...
Compiling '/var/tmp/pgb-poc/prefix-python/lib/python3.12/encodings/mbcs.py'...
Compiling '/var/tmp/pgb-poc/prefix-python/lib/python3.12/encodings/ptcp154.py'...
Compiling '/var/tmp/pgb-poc/prefix-python/lib/python3.12/encodings/rot_13.py'...
Compiling '/var/tmp/pgb-poc/prefix-python/lib/python3.12/encodings/tis_620.py'...
Compiling '/var/tmp/pgb-poc/prefix-python/lib/python3.12/encodings/utf_16_be.py'...
Compiling '/var/tmp/pgb-poc/prefix-python/lib/python3.12/encodings/utf_32_be.py'...
Compiling '/var/tmp/pgb-poc/prefix-python/lib/python3.12/encodings/utf_7.py'...
Compiling '/var/tmp/pgb-poc/prefix-python/lib/python3.12/encodings/uu_codec.py'...
Compiling '/var/tmp/pgb-poc/prefix-python/lib/python3.12/ensurepip/_uninstall.py'...
Compiling '/var/tmp/pgb-poc/prefix-python/lib/python3.12/fileinput.py'...
Compiling '/var/tmp/pgb-poc/prefix-python/lib/python3.12/functools.py'...
Compiling '/var/tmp/pgb-poc/prefix-python/lib/python3.12/gettext.py'...
Compiling '/var/tmp/pgb-poc/prefix-python/lib/python3.12/heapq.py'...
Compiling '/var/tmp/pgb-poc/prefix-python/lib/python3.12/http/__init__.py'...
Compiling '/var/tmp/pgb-poc/prefix-python/lib/python3.12/http/cookiejar.py'...
Compiling '/var/tmp/pgb-poc/prefix-python/lib/python3.12/idlelib/calltip.py'...
Compiling '/var/tmp/pgb-poc/prefix-python/lib/python3.12/idlelib/colorizer.py'...
Compiling '/var/tmp/pgb-poc/prefix-python/lib/python3.12/idlelib/debugger.py'...
Compiling '/var/tmp/pgb-poc/prefix-python/lib/python3.12/idlelib/delegator.py'...
Compiling '/var/tmp/pgb-poc/prefix-python/lib/python3.12/idlelib/dynoption.py'...
Compiling '/var/tmp/pgb-poc/prefix-python/lib/python3.12/idlelib/format.py'...
Compiling '/var/tmp/pgb-poc/prefix-python/lib/python3.12/idlelib/help_about.py'...
Compiling '/var/tmp/pgb-poc/prefix-python/lib/python3.12/idlelib/hyperparser.py'...
Compiling '/var/tmp/pgb-poc/prefix-python/lib/python3.12/idlelib/macosx.py'...
Compiling '/var/tmp/pgb-poc/prefix-python/lib/python3.12/idlelib/multicall.py'...
Compiling '/var/tmp/pgb-poc/prefix-python/lib/python3.12/idlelib/query.py'...
Compiling '/var/tmp/pgb-poc/prefix-python/lib/python3.12/idlelib/run.py'...
Compiling '/var/tmp/pgb-poc/prefix-python/lib/python3.12/idlelib/searchbase.py'...
Compiling '/var/tmp/pgb-poc/prefix-python/lib/python3.12/idlelib/squeezer.py'...
Compiling '/var/tmp/pgb-poc/prefix-python/lib/python3.12/idlelib/statusbar.py'...
Compiling '/var/tmp/pgb-poc/prefix-python/lib/python3.12/idlelib/tooltip.py'...
Compiling '/var/tmp/pgb-poc/prefix-python/lib/python3.12/idlelib/zoomheight.py'...
Compiling '/var/tmp/pgb-poc/prefix-python/lib/python3.12/imaplib.py'...
Compiling '/var/tmp/pgb-poc/prefix-python/lib/python3.12/importlib/metadata/_adapters.py'...
Compiling '/var/tmp/pgb-poc/prefix-python/lib/python3.12/importlib/metadata/_functools.py'...
Compiling '/var/tmp/pgb-poc/prefix-python/lib/python3.12/importlib/metadata/_text.py'...
Compiling '/var/tmp/pgb-poc/prefix-python/lib/python3.12/importlib/resources/_legacy.py'...
Compiling '/var/tmp/pgb-poc/prefix-python/lib/python3.12/importlib/simple.py'...
Compiling '/var/tmp/pgb-poc/prefix-python/lib/python3.12/importlib/util.py'...
Compiling '/var/tmp/pgb-poc/prefix-python/lib/python3.12/json/decoder.py'...
Compiling '/var/tmp/pgb-poc/prefix-python/lib/python3.12/json/scanner.py'...
Compiling '/var/tmp/pgb-poc/prefix-python/lib/python3.12/keyword.py'...Compiling '/var/tmp/pgb-poc/prefix-python/lib/python3.12/_py_abc.py'...
Compiling '/var/tmp/pgb-poc/prefix-python/lib/python3.12/_pydatetime.py'...
Compiling '/var/tmp/pgb-poc/prefix-python/lib/python3.12/_threading_local.py'...
Compiling '/var/tmp/pgb-poc/prefix-python/lib/python3.12/_weakrefset.py'...
Compiling '/var/tmp/pgb-poc/prefix-python/lib/python3.12/antigravity.py'...
Compiling '/var/tmp/pgb-poc/prefix-python/lib/python3.12/ast.py'...
Compiling '/var/tmp/pgb-poc/prefix-python/lib/python3.12/asyncio/base_futures.py'...
Compiling '/var/tmp/pgb-poc/prefix-python/lib/python3.12/asyncio/base_subprocess.py'...
Compiling '/var/tmp/pgb-poc/prefix-python/lib/python3.12/asyncio/base_tasks.py'...
Compiling '/var/tmp/pgb-poc/prefix-python/lib/python3.12/asyncio/events.py'...
Compiling '/var/tmp/pgb-poc/prefix-python/lib/python3.12/asyncio/queues.py'...
Compiling '/var/tmp/pgb-poc/prefix-python/lib/python3.12/asyncio/selector_events.py'...
Compiling '/var/tmp/pgb-poc/prefix-python/lib/python3.12/asyncio/unix_events.py'...
Compiling '/var/tmp/pgb-poc/prefix-python/lib/python3.12/cgi.py'...
Compiling '/var/tmp/pgb-poc/prefix-python/lib/python3.12/codeop.py'...
Compiling '/var/tmp/pgb-poc/prefix-python/lib/python3.12/collections/abc.py'...
Compiling '/var/tmp/pgb-poc/prefix-python/lib/python3.12/compileall.py'...
Compiling '/var/tmp/pgb-poc/prefix-python/lib/python3.12/concurrent/futures/process.py'...
Compiling '/var/tmp/pgb-poc/prefix-python/lib/python3.12/contextlib.py'...
Compiling '/var/tmp/pgb-poc/prefix-python/lib/python3.12/ctypes/__init__.py'...
Compiling '/var/tmp/pgb-poc/prefix-python/lib/python3.12/ctypes/wintypes.py'...
Compiling '/var/tmp/pgb-poc/prefix-python/lib/python3.12/curses/textpad.py'...
Compiling '/var/tmp/pgb-poc/prefix-python/lib/python3.12/dbm/dumb.py'...
Compiling '/var/tmp/pgb-poc/prefix-python/lib/python3.12/doctest.py'...
Compiling '/var/tmp/pgb-poc/prefix-python/lib/python3.12/email/errors.py'...
Compiling '/var/tmp/pgb-poc/prefix-python/lib/python3.12/email/generator.py'...
Compiling '/var/tmp/pgb-poc/prefix-python/lib/python3.12/email/iterators.py'...
Compiling '/var/tmp/pgb-poc/prefix-python/lib/python3.12/email/message.py'...
Compiling '/var/tmp/pgb-poc/prefix-python/lib/python3.12/encodings/aliases.py'...
Compiling '/var/tmp/pgb-poc/prefix-python/lib/python3.12/encodings/base64_codec.py'...
Compiling '/var/tmp/pgb-poc/prefix-python/lib/python3.12/encodings/bz2_codec.py'...
Compiling '/var/tmp/pgb-poc/prefix-python/lib/python3.12/encodings/cp1026.py'...
Compiling '/var/tmp/pgb-poc/prefix-python/lib/python3.12/encodings/cp1250.py'...
Compiling '/var/tmp/pgb-poc/prefix-python/lib/python3.12/encodings/cp1253.py'...
Compiling '/var/tmp/pgb-poc/prefix-python/lib/python3.12/encodings/cp1256.py'...
Compiling '/var/tmp/pgb-poc/prefix-python/lib/python3.12/encodings/cp424.py'...
Compiling '/var/tmp/pgb-poc/prefix-python/lib/python3.12/encodings/cp737.py'...
Compiling '/var/tmp/pgb-poc/prefix-python/lib/python3.12/encodings/cp855.py'...
Compiling '/var/tmp/pgb-poc/prefix-python/lib/python3.12/encodings/cp860.py'...
Compiling '/var/tmp/pgb-poc/prefix-python/lib/python3.12/encodings/cp864.py'...
Compiling '/var/tmp/pgb-poc/prefix-python/lib/python3.12/encodings/cp869.py'...
Compiling '/var/tmp/pgb-poc/prefix-python/lib/python3.12/encodings/euc_jisx0213.py'...
Compiling '/var/tmp/pgb-poc/prefix-python/lib/python3.12/encodings/hp_roman8.py'...
Compiling '/var/tmp/pgb-poc/prefix-python/lib/python3.12/encodings/iso2022_jp_2.py'...
Compiling '/var/tmp/pgb-poc/prefix-python/lib/python3.12/encodings/iso2022_kr.py'...
Compiling '/var/tmp/pgb-poc/prefix-python/lib/python3.12/encodings/iso8859_10.py'...
Compiling '/var/tmp/pgb-poc/prefix-python/lib/python3.12/encodings/iso8859_16.py'...
Compiling '/var/tmp/pgb-poc/prefix-python/lib/python3.12/encodings/iso8859_5.py'...
Compiling '/var/tmp/pgb-poc/prefix-python/lib/python3.12/encodings/iso8859_7.py'...
Compiling '/var/tmp/pgb-poc/prefix-python/lib/python3.12/encodings/johab.py'...
Compiling '/var/tmp/pgb-poc/prefix-python/lib/python3.12/encodings/koi8_u.py'...
Compiling '/var/tmp/pgb-poc/prefix-python/lib/python3.12/encodings/mac_croatian.py'...
Compiling '/var/tmp/pgb-poc/prefix-python/lib/python3.12/encodings/mac_iceland.py'...
Compiling '/var/tmp/pgb-poc/prefix-python/lib/python3.12/encodings/mac_romanian.py'...
Compiling '/var/tmp/pgb-poc/prefix-python/lib/python3.12/encodings/oem.py'...
Compiling '/var/tmp/pgb-poc/prefix-python/lib/python3.12/encodings/quopri_codec.py'...
Compiling '/var/tmp/pgb-poc/prefix-python/lib/python3.12/encodings/shift_jis.py'...
Compiling '/var/tmp/pgb-poc/prefix-python/lib/python3.12/encodings/shift_jisx0213.py'...
Compiling '/var/tmp/pgb-poc/prefix-python/lib/python3.12/encodings/unicode_escape.py'...
Compiling '/var/tmp/pgb-poc/prefix-python/lib/python3.12/encodings/utf_16_le.py'...
Compiling '/var/tmp/pgb-poc/prefix-python/lib/python3.12/encodings/utf_32_le.py'...
Compiling '/var/tmp/pgb-poc/prefix-python/lib/python3.12/encodings/utf_8_sig.py'...
Compiling '/var/tmp/pgb-poc/prefix-python/lib/python3.12/filecmp.py'...
Compiling '/var/tmp/pgb-poc/prefix-python/lib/python3.12/fractions.py'...
Compiling '/var/tmp/pgb-poc/prefix-python/lib/python3.12/genericpath.py'...
Compiling '/var/tmp/pgb-poc/prefix-python/lib/python3.12/getopt.py'...
Compiling '/var/tmp/pgb-poc/prefix-python/lib/python3.12/glob.py'...
Compiling '/var/tmp/pgb-poc/prefix-python/lib/python3.12/gzip.py'...
Compiling '/var/tmp/pgb-poc/prefix-python/lib/python3.12/http/client.py'...
Compiling '/var/tmp/pgb-poc/prefix-python/lib/python3.12/idlelib/__init__.py'...
Compiling '/var/tmp/pgb-poc/prefix-python/lib/python3.12/idlelib/__main__.py'...
Compiling '/var/tmp/pgb-poc/prefix-python/lib/python3.12/idlelib/autocomplete.py'...
Compiling '/var/tmp/pgb-poc/prefix-python/lib/python3.12/idlelib/autoexpand.py'...
Compiling '/var/tmp/pgb-poc/prefix-python/lib/python3.12/idlelib/calltip_w.py'...
Compiling '/var/tmp/pgb-poc/prefix-python/lib/python3.12/idlelib/config_key.py'...
Compiling '/var/tmp/pgb-poc/prefix-python/lib/python3.12/idlelib/debugger_r.py'...
Compiling '/var/tmp/pgb-poc/prefix-python/lib/python3.12/idlelib/debugobj.py'...
Compiling '/var/tmp/pgb-poc/prefix-python/lib/python3.12/idlelib/filelist.py'...
Compiling '/var/tmp/pgb-poc/prefix-python/lib/python3.12/idlelib/grep.py'...
Compiling '/var/tmp/pgb-poc/prefix-python/lib/python3.12/idlelib/help.py'...
Compiling '/var/tmp/pgb-poc/prefix-python/lib/python3.12/idlelib/history.py'...
Compiling '/var/tmp/pgb-poc/prefix-python/lib/python3.12/idlelib/idle.py'...
Compiling '/var/tmp/pgb-poc/prefix-python/lib/python3.12/idlelib/iomenu.py'...
Compiling '/var/tmp/pgb-poc/prefix-python/lib/python3.12/idlelib/parenmatch.py'...
Compiling '/var/tmp/pgb-poc/prefix-python/lib/python3.12/idlelib/percolator.py'...
Compiling '/var/tmp/pgb-poc/prefix-python/lib/python3.12/idlelib/pyshell.py'...
Compiling '/var/tmp/pgb-poc/prefix-python/lib/python3.12/idlelib/util.py'...
Compiling '/var/tmp/pgb-poc/prefix-python/lib/python3.12/idlelib/window.py'...
Compiling '/var/tmp/pgb-poc/prefix-python/lib/python3.12/idlelib/zzdummy.py'...
Compiling '/var/tmp/pgb-poc/prefix-python/lib/python3.12/imghdr.py'...
Compiling '/var/tmp/pgb-poc/prefix-python/lib/python3.12/importlib/_bootstrap.py'...
Compiling '/var/tmp/pgb-poc/prefix-python/lib/python3.12/importlib/metadata/_collections.py'...
Compiling '/var/tmp/pgb-poc/prefix-python/lib/python3.12/importlib/metadata/_meta.py'...
Compiling '/var/tmp/pgb-poc/prefix-python/lib/python3.12/importlib/resources/__init__.py'...
Compiling '/var/tmp/pgb-poc/prefix-python/lib/python3.12/importlib/resources/_common.py'...
Compiling '/var/tmp/pgb-poc/prefix-python/lib/python3.12/importlib/resources/abc.py'...
Compiling '/var/tmp/pgb-poc/prefix-python/lib/python3.12/io.py'...
Compiling '/var/tmp/pgb-poc/prefix-python/lib/python3.12/json/__init__.py'...
Compiling '/var/tmp/pgb-poc/prefix-python/lib/python3.12/json/encoder.py'...
Compiling '/var/tmp/pgb-poc/prefix-python/lib/python3.12/json/tool.py'...
Compiling '/var/tmp/pgb-poc/prefix-python/lib/python3.12/lib2to3/__main__.py'...
Compiling '/var/tmp/pgb-poc/prefix-python/lib/python3.12/lib2to3/btm_utils.py'...Compiling '/var/tmp/pgb-poc/prefix-python/lib/python3.12/__phello__/__init__.py'...
Compiling '/var/tmp/pgb-poc/prefix-python/lib/python3.12/__phello__/spam.py'...
Compiling '/var/tmp/pgb-poc/prefix-python/lib/python3.12/_compat_pickle.py'...
Compiling '/var/tmp/pgb-poc/prefix-python/lib/python3.12/_markupbase.py'...
Compiling '/var/tmp/pgb-poc/prefix-python/lib/python3.12/_pydecimal.py'...
Compiling '/var/tmp/pgb-poc/prefix-python/lib/python3.12/asyncio/constants.py'...
Compiling '/var/tmp/pgb-poc/prefix-python/lib/python3.12/asyncio/coroutines.py'...
Compiling '/var/tmp/pgb-poc/prefix-python/lib/python3.12/asyncio/format_helpers.py'...
Compiling '/var/tmp/pgb-poc/prefix-python/lib/python3.12/asyncio/locks.py'...
Compiling '/var/tmp/pgb-poc/prefix-python/lib/python3.12/asyncio/sslproto.py'...
Compiling '/var/tmp/pgb-poc/prefix-python/lib/python3.12/asyncio/taskgroups.py'...
Compiling '/var/tmp/pgb-poc/prefix-python/lib/python3.12/asyncio/threads.py'...
Compiling '/var/tmp/pgb-poc/prefix-python/lib/python3.12/asyncio/timeouts.py'...
Compiling '/var/tmp/pgb-poc/prefix-python/lib/python3.12/asyncio/trsock.py'...
Compiling '/var/tmp/pgb-poc/prefix-python/lib/python3.12/asyncio/windows_events.py'...
Compiling '/var/tmp/pgb-poc/prefix-python/lib/python3.12/bz2.py'...
Compiling '/var/tmp/pgb-poc/prefix-python/lib/python3.12/cgitb.py'...
Compiling '/var/tmp/pgb-poc/prefix-python/lib/python3.12/cmd.py'...
Compiling '/var/tmp/pgb-poc/prefix-python/lib/python3.12/collections/__init__.py'...
Compiling '/var/tmp/pgb-poc/prefix-python/lib/python3.12/copyreg.py'...
Compiling '/var/tmp/pgb-poc/prefix-python/lib/python3.12/csv.py'...
Compiling '/var/tmp/pgb-poc/prefix-python/lib/python3.12/ctypes/macholib/__init__.py'...
Compiling '/var/tmp/pgb-poc/prefix-python/lib/python3.12/ctypes/util.py'...
Compiling '/var/tmp/pgb-poc/prefix-python/lib/python3.12/dbm/__init__.py'...
Compiling '/var/tmp/pgb-poc/prefix-python/lib/python3.12/difflib.py'...
Compiling '/var/tmp/pgb-poc/prefix-python/lib/python3.12/email/_policybase.py'...
Compiling '/var/tmp/pgb-poc/prefix-python/lib/python3.12/email/charset.py'...
Compiling '/var/tmp/pgb-poc/prefix-python/lib/python3.12/email/encoders.py'...
Compiling '/var/tmp/pgb-poc/prefix-python/lib/python3.12/email/feedparser.py'...
Compiling '/var/tmp/pgb-poc/prefix-python/lib/python3.12/email/headerregistry.py'...
Compiling '/var/tmp/pgb-poc/prefix-python/lib/python3.12/email/mime/image.py'...
Compiling '/var/tmp/pgb-poc/prefix-python/lib/python3.12/email/mime/text.py'...
Compiling '/var/tmp/pgb-poc/prefix-python/lib/python3.12/email/policy.py'...
Compiling '/var/tmp/pgb-poc/prefix-python/lib/python3.12/email/utils.py'...
Compiling '/var/tmp/pgb-poc/prefix-python/lib/python3.12/encodings/big5hkscs.py'...
Compiling '/var/tmp/pgb-poc/prefix-python/lib/python3.12/encodings/cp037.py'...
Compiling '/var/tmp/pgb-poc/prefix-python/lib/python3.12/encodings/cp1125.py'...
Compiling '/var/tmp/pgb-poc/prefix-python/lib/python3.12/encodings/cp1258.py'...
Compiling '/var/tmp/pgb-poc/prefix-python/lib/python3.12/encodings/cp500.py'...
Compiling '/var/tmp/pgb-poc/prefix-python/lib/python3.12/encodings/cp775.py'...
Compiling '/var/tmp/pgb-poc/prefix-python/lib/python3.12/encodings/cp856.py'...
Compiling '/var/tmp/pgb-poc/prefix-python/lib/python3.12/encodings/cp858.py'...
Compiling '/var/tmp/pgb-poc/prefix-python/lib/python3.12/encodings/cp863.py'...
Compiling '/var/tmp/pgb-poc/prefix-python/lib/python3.12/encodings/cp874.py'...
Compiling '/var/tmp/pgb-poc/prefix-python/lib/python3.12/encodings/cp932.py'...
Compiling '/var/tmp/pgb-poc/prefix-python/lib/python3.12/encodings/euc_jp.py'...
Compiling '/var/tmp/pgb-poc/prefix-python/lib/python3.12/encodings/gb18030.py'...
Compiling '/var/tmp/pgb-poc/prefix-python/lib/python3.12/encodings/hex_codec.py'...
Compiling '/var/tmp/pgb-poc/prefix-python/lib/python3.12/encodings/iso2022_jp.py'...
Compiling '/var/tmp/pgb-poc/prefix-python/lib/python3.12/encodings/iso2022_jp_2004.py'...
Compiling '/var/tmp/pgb-poc/prefix-python/lib/python3.12/encodings/iso2022_jp_ext.py'...
Compiling '/var/tmp/pgb-poc/prefix-python/lib/python3.12/encodings/iso8859_1.py'...
Compiling '/var/tmp/pgb-poc/prefix-python/lib/python3.12/encodings/iso8859_14.py'...
Compiling '/var/tmp/pgb-poc/prefix-python/lib/python3.12/encodings/iso8859_3.py'...
Compiling '/var/tmp/pgb-poc/prefix-python/lib/python3.12/encodings/iso8859_8.py'...
Compiling '/var/tmp/pgb-poc/prefix-python/lib/python3.12/encodings/koi8_t.py'...
Compiling '/var/tmp/pgb-poc/prefix-python/lib/python3.12/encodings/mac_arabic.py'...
Compiling '/var/tmp/pgb-poc/prefix-python/lib/python3.12/encodings/palmos.py'...
Compiling '/var/tmp/pgb-poc/prefix-python/lib/python3.12/encodings/raw_unicode_escape.py'...
Compiling '/var/tmp/pgb-poc/prefix-python/lib/python3.12/encodings/shift_jis_2004.py'...
Compiling '/var/tmp/pgb-poc/prefix-python/lib/python3.12/encodings/undefined.py'...
Compiling '/var/tmp/pgb-poc/prefix-python/lib/python3.12/encodings/utf_32.py'...
Compiling '/var/tmp/pgb-poc/prefix-python/lib/python3.12/ensurepip/__init__.py'...
Compiling '/var/tmp/pgb-poc/prefix-python/lib/python3.12/fnmatch.py'...
Compiling '/var/tmp/pgb-poc/prefix-python/lib/python3.12/ftplib.py'...
Compiling '/var/tmp/pgb-poc/prefix-python/lib/python3.12/getpass.py'...
Compiling '/var/tmp/pgb-poc/prefix-python/lib/python3.12/graphlib.py'...
Compiling '/var/tmp/pgb-poc/prefix-python/lib/python3.12/hashlib.py'...
Compiling '/var/tmp/pgb-poc/prefix-python/lib/python3.12/hmac.py'...
Compiling '/var/tmp/pgb-poc/prefix-python/lib/python3.12/html/parser.py'...
Compiling '/var/tmp/pgb-poc/prefix-python/lib/python3.12/http/cookies.py'...
Compiling '/var/tmp/pgb-poc/prefix-python/lib/python3.12/http/server.py'...
Compiling '/var/tmp/pgb-poc/prefix-python/lib/python3.12/idlelib/browser.py'...
Compiling '/var/tmp/pgb-poc/prefix-python/lib/python3.12/idlelib/config.py'...
Compiling '/var/tmp/pgb-poc/prefix-python/lib/python3.12/idlelib/debugobj_r.py'...
Compiling '/var/tmp/pgb-poc/prefix-python/lib/python3.12/idlelib/editor.py'...
Compiling '/var/tmp/pgb-poc/prefix-python/lib/python3.12/idlelib/redirector.py'...
Compiling '/var/tmp/pgb-poc/prefix-python/lib/python3.12/idlelib/rpc.py'...
Compiling '/var/tmp/pgb-poc/prefix-python/lib/python3.12/idlelib/searchengine.py'...
Compiling '/var/tmp/pgb-poc/prefix-python/lib/python3.12/idlelib/stackviewer.py'...
Compiling '/var/tmp/pgb-poc/prefix-python/lib/python3.12/idlelib/textview.py'...
Compiling '/var/tmp/pgb-poc/prefix-python/lib/python3.12/idlelib/undo.py'...
Compiling '/var/tmp/pgb-poc/prefix-python/lib/python3.12/importlib/__init__.py'...
Compiling '/var/tmp/pgb-poc/prefix-python/lib/python3.12/importlib/abc.py'...
Compiling '/var/tmp/pgb-poc/prefix-python/lib/python3.12/importlib/machinery.py'...
Compiling '/var/tmp/pgb-poc/prefix-python/lib/python3.12/importlib/metadata/__init__.py'...
Compiling '/var/tmp/pgb-poc/prefix-python/lib/python3.12/importlib/metadata/_itertools.py'...
Compiling '/var/tmp/pgb-poc/prefix-python/lib/python3.12/importlib/readers.py'...
Compiling '/var/tmp/pgb-poc/prefix-python/lib/python3.12/importlib/resources/_adapters.py'...
Compiling '/var/tmp/pgb-poc/prefix-python/lib/python3.12/importlib/resources/readers.py'...
Compiling '/var/tmp/pgb-poc/prefix-python/lib/python3.12/ipaddress.py'...
Compiling '/var/tmp/pgb-poc/prefix-python/lib/python3.12/lib2to3/fixes/fix_imports.py'...
Compiling '/var/tmp/pgb-poc/prefix-python/lib/python3.12/lib2to3/fixes/fix_map.py'...
Compiling '/var/tmp/pgb-poc/prefix-python/lib/python3.12/lib2to3/fixes/fix_methodattrs.py'...
Compiling '/var/tmp/pgb-poc/prefix-python/lib/python3.12/lib2to3/fixes/fix_ne.py'...
Compiling '/var/tmp/pgb-poc/prefix-python/lib/python3.12/lib2to3/fixes/fix_nonzero.py'...
Compiling '/var/tmp/pgb-poc/prefix-python/lib/python3.12/lib2to3/fixes/fix_numliterals.py'...
Compiling '/var/tmp/pgb-poc/prefix-python/lib/python3.12/lib2to3/fixes/fix_print.py'...
Compiling '/var/tmp/pgb-poc/prefix-python/lib/python3.12/lib2to3/fixes/fix_renames.py'...
Compiling '/var/tmp/pgb-poc/prefix-python/lib/python3.12/lib2to3/fixes/fix_ws_comma.py'...
Compiling '/var/tmp/pgb-poc/prefix-python/lib/python3.12/lib2to3/fixes/fix_xrange.py'...Compiling '/var/tmp/pgb-poc/prefix-python/lib/python3.12/__hello__.py'...
Compiling '/var/tmp/pgb-poc/prefix-python/lib/python3.12/_aix_support.py'...
Compiling '/var/tmp/pgb-poc/prefix-python/lib/python3.12/_compression.py'...
Compiling '/var/tmp/pgb-poc/prefix-python/lib/python3.12/_osx_support.py'...
Compiling '/var/tmp/pgb-poc/prefix-python/lib/python3.12/_pyio.py'...
Compiling '/var/tmp/pgb-poc/prefix-python/lib/python3.12/argparse.py'...
Compiling '/var/tmp/pgb-poc/prefix-python/lib/python3.12/asyncio/exceptions.py'...
Compiling '/var/tmp/pgb-poc/prefix-python/lib/python3.12/asyncio/futures.py'...
Compiling '/var/tmp/pgb-poc/prefix-python/lib/python3.12/asyncio/proactor_events.py'...
Compiling '/var/tmp/pgb-poc/prefix-python/lib/python3.12/asyncio/subprocess.py'...
Compiling '/var/tmp/pgb-poc/prefix-python/lib/python3.12/asyncio/tasks.py'...
Compiling '/var/tmp/pgb-poc/prefix-python/lib/python3.12/base64.py'...
Compiling '/var/tmp/pgb-poc/prefix-python/lib/python3.12/bisect.py'...
Compiling '/var/tmp/pgb-poc/prefix-python/lib/python3.12/cProfile.py'...
Compiling '/var/tmp/pgb-poc/prefix-python/lib/python3.12/calendar.py'...
Compiling '/var/tmp/pgb-poc/prefix-python/lib/python3.12/codecs.py'...
Compiling '/var/tmp/pgb-poc/prefix-python/lib/python3.12/concurrent/futures/thread.py'...
Compiling '/var/tmp/pgb-poc/prefix-python/lib/python3.12/configparser.py'...
Compiling '/var/tmp/pgb-poc/prefix-python/lib/python3.12/ctypes/_endian.py'...
Compiling '/var/tmp/pgb-poc/prefix-python/lib/python3.12/ctypes/macholib/dylib.py'...
Compiling '/var/tmp/pgb-poc/prefix-python/lib/python3.12/ctypes/macholib/framework.py'...
Compiling '/var/tmp/pgb-poc/prefix-python/lib/python3.12/curses/ascii.py'...
Compiling '/var/tmp/pgb-poc/prefix-python/lib/python3.12/curses/panel.py'...
Compiling '/var/tmp/pgb-poc/prefix-python/lib/python3.12/dataclasses.py'...
Compiling '/var/tmp/pgb-poc/prefix-python/lib/python3.12/email/_encoded_words.py'...
Compiling '/var/tmp/pgb-poc/prefix-python/lib/python3.12/email/_parseaddr.py'...
Compiling '/var/tmp/pgb-poc/prefix-python/lib/python3.12/email/base64mime.py'...
Compiling '/var/tmp/pgb-poc/prefix-python/lib/python3.12/email/contentmanager.py'...
Compiling '/var/tmp/pgb-poc/prefix-python/lib/python3.12/email/header.py'...
Compiling '/var/tmp/pgb-poc/prefix-python/lib/python3.12/email/mime/__init__.py'...
Compiling '/var/tmp/pgb-poc/prefix-python/lib/python3.12/email/mime/application.py'...
Compiling '/var/tmp/pgb-poc/prefix-python/lib/python3.12/email/mime/audio.py'...
Compiling '/var/tmp/pgb-poc/prefix-python/lib/python3.12/email/mime/base.py'...
Compiling '/var/tmp/pgb-poc/prefix-python/lib/python3.12/email/mime/message.py'...
Compiling '/var/tmp/pgb-poc/prefix-python/lib/python3.12/email/mime/multipart.py'...
Compiling '/var/tmp/pgb-poc/prefix-python/lib/python3.12/email/mime/nonmultipart.py'...
Compiling '/var/tmp/pgb-poc/prefix-python/lib/python3.12/email/parser.py'...
Compiling '/var/tmp/pgb-poc/prefix-python/lib/python3.12/email/quoprimime.py'...
Compiling '/var/tmp/pgb-poc/prefix-python/lib/python3.12/encodings/__init__.py'...
Compiling '/var/tmp/pgb-poc/prefix-python/lib/python3.12/encodings/ascii.py'...
Compiling '/var/tmp/pgb-poc/prefix-python/lib/python3.12/encodings/big5.py'...
Compiling '/var/tmp/pgb-poc/prefix-python/lib/python3.12/encodings/charmap.py'...
Compiling '/var/tmp/pgb-poc/prefix-python/lib/python3.12/encodings/cp1140.py'...
Compiling '/var/tmp/pgb-poc/prefix-python/lib/python3.12/encodings/cp1252.py'...
Compiling '/var/tmp/pgb-poc/prefix-python/lib/python3.12/encodings/cp1255.py'...
Compiling '/var/tmp/pgb-poc/prefix-python/lib/python3.12/encodings/cp273.py'...
Compiling '/var/tmp/pgb-poc/prefix-python/lib/python3.12/encodings/cp720.py'...
Compiling '/var/tmp/pgb-poc/prefix-python/lib/python3.12/encodings/cp850.py'...
Compiling '/var/tmp/pgb-poc/prefix-python/lib/python3.12/encodings/cp857.py'...
Compiling '/var/tmp/pgb-poc/prefix-python/lib/python3.12/encodings/cp862.py'...
Compiling '/var/tmp/pgb-poc/prefix-python/lib/python3.12/encodings/cp866.py'...
Compiling '/var/tmp/pgb-poc/prefix-python/lib/python3.12/encodings/euc_jis_2004.py'...
Compiling '/var/tmp/pgb-poc/prefix-python/lib/python3.12/encodings/gb2312.py'...
Compiling '/var/tmp/pgb-poc/prefix-python/lib/python3.12/encodings/hz.py'...
Compiling '/var/tmp/pgb-poc/prefix-python/lib/python3.12/encodings/iso2022_jp_1.py'...
Compiling '/var/tmp/pgb-poc/prefix-python/lib/python3.12/encodings/iso2022_jp_3.py'...
Compiling '/var/tmp/pgb-poc/prefix-python/lib/python3.12/encodings/iso8859_11.py'...
Compiling '/var/tmp/pgb-poc/prefix-python/lib/python3.12/encodings/iso8859_15.py'...
Compiling '/var/tmp/pgb-poc/prefix-python/lib/python3.12/encodings/iso8859_4.py'...
Compiling '/var/tmp/pgb-poc/prefix-python/lib/python3.12/encodings/iso8859_9.py'...
Compiling '/var/tmp/pgb-poc/prefix-python/lib/python3.12/encodings/koi8_r.py'...
Compiling '/var/tmp/pgb-poc/prefix-python/lib/python3.12/encodings/latin_1.py'...
Compiling '/var/tmp/pgb-poc/prefix-python/lib/python3.12/encodings/mac_farsi.py'...
Compiling '/var/tmp/pgb-poc/prefix-python/lib/python3.12/encodings/mac_latin2.py'...
Compiling '/var/tmp/pgb-poc/prefix-python/lib/python3.12/encodings/mac_turkish.py'...
Compiling '/var/tmp/pgb-poc/prefix-python/lib/python3.12/encodings/punycode.py'...
Compiling '/var/tmp/pgb-poc/prefix-python/lib/python3.12/encodings/utf_16.py'...
Compiling '/var/tmp/pgb-poc/prefix-python/lib/python3.12/encodings/utf_8.py'...
Compiling '/var/tmp/pgb-poc/prefix-python/lib/python3.12/encodings/zlib_codec.py'...
Compiling '/var/tmp/pgb-poc/prefix-python/lib/python3.12/ensurepip/__main__.py'...
Compiling '/var/tmp/pgb-poc/prefix-python/lib/python3.12/enum.py'...
Compiling '/var/tmp/pgb-poc/prefix-python/lib/python3.12/html/__init__.py'...
Compiling '/var/tmp/pgb-poc/prefix-python/lib/python3.12/html/entities.py'...
Compiling '/var/tmp/pgb-poc/prefix-python/lib/python3.12/idlelib/autocomplete_w.py'...
Compiling '/var/tmp/pgb-poc/prefix-python/lib/python3.12/idlelib/codecontext.py'...
Compiling '/var/tmp/pgb-poc/prefix-python/lib/python3.12/idlelib/configdialog.py'...
Compiling '/var/tmp/pgb-poc/prefix-python/lib/python3.12/idlelib/mainmenu.py'...
Compiling '/var/tmp/pgb-poc/prefix-python/lib/python3.12/idlelib/outwin.py'...
Compiling '/var/tmp/pgb-poc/prefix-python/lib/python3.12/idlelib/pathbrowser.py'...
Compiling '/var/tmp/pgb-poc/prefix-python/lib/python3.12/idlelib/pyparse.py'...
Compiling '/var/tmp/pgb-poc/prefix-python/lib/python3.12/idlelib/replace.py'...
Compiling '/var/tmp/pgb-poc/prefix-python/lib/python3.12/idlelib/runscript.py'...
Compiling '/var/tmp/pgb-poc/prefix-python/lib/python3.12/idlelib/scrolledlist.py'...
Compiling '/var/tmp/pgb-poc/prefix-python/lib/python3.12/idlelib/search.py'...
Compiling '/var/tmp/pgb-poc/prefix-python/lib/python3.12/idlelib/sidebar.py'...
Compiling '/var/tmp/pgb-poc/prefix-python/lib/python3.12/idlelib/tree.py'...
Compiling '/var/tmp/pgb-poc/prefix-python/lib/python3.12/importlib/_abc.py'...
Compiling '/var/tmp/pgb-poc/prefix-python/lib/python3.12/importlib/_bootstrap_external.py'...
Compiling '/var/tmp/pgb-poc/prefix-python/lib/python3.12/importlib/resources/_itertools.py'...
Compiling '/var/tmp/pgb-poc/prefix-python/lib/python3.12/importlib/resources/simple.py'...
Compiling '/var/tmp/pgb-poc/prefix-python/lib/python3.12/inspect.py'...
Compiling '/var/tmp/pgb-poc/prefix-python/lib/python3.12/lib2to3/main.py'...
Compiling '/var/tmp/pgb-poc/prefix-python/lib/python3.12/lib2to3/pgen2/grammar.py'...
Compiling '/var/tmp/pgb-poc/prefix-python/lib/python3.12/lib2to3/pgen2/parse.py'...
Compiling '/var/tmp/pgb-poc/prefix-python/lib/python3.12/lib2to3/pgen2/token.py'...
Compiling '/var/tmp/pgb-poc/prefix-python/lib/python3.12/lib2to3/pytree.py'...
Compiling '/var/tmp/pgb-poc/prefix-python/lib/python3.12/logging/__init__.py'...
Compiling '/var/tmp/pgb-poc/prefix-python/lib/python3.12/mimetypes.py'...
Compiling '/var/tmp/pgb-poc/prefix-python/lib/python3.12/multiprocessing/context.py'...
Compiling '/var/tmp/pgb-poc/prefix-python/lib/python3.12/multiprocessing/dummy/connection.py'...
Compiling '/var/tmp/pgb-poc/prefix-python/lib/python3.12/multiprocessing/forkserver.py'...
Compiling '/var/tmp/pgb-poc/prefix-python/lib/python3.12/lib2to3/__init__.py'...
Compiling '/var/tmp/pgb-poc/prefix-python/lib/python3.12/lib2to3/btm_matcher.py'...
Compiling '/var/tmp/pgb-poc/prefix-python/lib/python3.12/lib2to3/fixer_base.py'...
Compiling '/var/tmp/pgb-poc/prefix-python/lib/python3.12/lib2to3/fixer_util.py'...
Compiling '/var/tmp/pgb-poc/prefix-python/lib/python3.12/lib2to3/fixes/fix_exec.py'...
Compiling '/var/tmp/pgb-poc/prefix-python/lib/python3.12/lib2to3/fixes/fix_exitfunc.py'...
Compiling '/var/tmp/pgb-poc/prefix-python/lib/python3.12/lib2to3/fixes/fix_funcattrs.py'...
Compiling '/var/tmp/pgb-poc/prefix-python/lib/python3.12/lib2to3/fixes/fix_getcwdu.py'...
Compiling '/var/tmp/pgb-poc/prefix-python/lib/python3.12/lib2to3/fixes/fix_idioms.py'...
Compiling '/var/tmp/pgb-poc/prefix-python/lib/python3.12/lib2to3/fixes/fix_imports2.py'...
Compiling '/var/tmp/pgb-poc/prefix-python/lib/python3.12/lib2to3/fixes/fix_input.py'...
Compiling '/var/tmp/pgb-poc/prefix-python/lib/python3.12/lib2to3/fixes/fix_isinstance.py'...
Compiling '/var/tmp/pgb-poc/prefix-python/lib/python3.12/lib2to3/fixes/fix_long.py'...
Compiling '/var/tmp/pgb-poc/prefix-python/lib/python3.12/lib2to3/fixes/fix_next.py'...
Compiling '/var/tmp/pgb-poc/prefix-python/lib/python3.12/lib2to3/fixes/fix_paren.py'...
Compiling '/var/tmp/pgb-poc/prefix-python/lib/python3.12/lib2to3/fixes/fix_raise.py'...
Compiling '/var/tmp/pgb-poc/prefix-python/lib/python3.12/lib2to3/fixes/fix_repr.py'...
Compiling '/var/tmp/pgb-poc/prefix-python/lib/python3.12/lib2to3/fixes/fix_standarderror.py'...
Compiling '/var/tmp/pgb-poc/prefix-python/lib/python3.12/lib2to3/fixes/fix_sys_exc.py'...
Compiling '/var/tmp/pgb-poc/prefix-python/lib/python3.12/lib2to3/fixes/fix_tuple_params.py'...
Compiling '/var/tmp/pgb-poc/prefix-python/lib/python3.12/lib2to3/fixes/fix_xreadlines.py'...
Compiling '/var/tmp/pgb-poc/prefix-python/lib/python3.12/lib2to3/fixes/fix_zip.py'...
Compiling '/var/tmp/pgb-poc/prefix-python/lib/python3.12/lib2to3/pgen2/driver.py'...
Compiling '/var/tmp/pgb-poc/prefix-python/lib/python3.12/lib2to3/pygram.py'...
Compiling '/var/tmp/pgb-poc/prefix-python/lib/python3.12/lib2to3/refactor.py'...
Compiling '/var/tmp/pgb-poc/prefix-python/lib/python3.12/logging/handlers.py'...
Compiling '/var/tmp/pgb-poc/prefix-python/lib/python3.12/modulefinder.py'...
Compiling '/var/tmp/pgb-poc/prefix-python/lib/python3.12/multiprocessing/dummy/__init__.py'...
Compiling '/var/tmp/pgb-poc/prefix-python/lib/python3.12/multiprocessing/heap.py'...
Compiling '/var/tmp/pgb-poc/prefix-python/lib/python3.12/multiprocessing/pool.py'...
Compiling '/var/tmp/pgb-poc/prefix-python/lib/python3.12/multiprocessing/queues.py'...
Compiling '/var/tmp/pgb-poc/prefix-python/lib/python3.12/multiprocessing/resource_tracker.py'...
Compiling '/var/tmp/pgb-poc/prefix-python/lib/python3.12/multiprocessing/spawn.py'...
Compiling '/var/tmp/pgb-poc/prefix-python/lib/python3.12/multiprocessing/util.py'...
Compiling '/var/tmp/pgb-poc/prefix-python/lib/python3.12/nturl2path.py'...
Compiling '/var/tmp/pgb-poc/prefix-python/lib/python3.12/opcode.py'...
Compiling '/var/tmp/pgb-poc/prefix-python/lib/python3.12/optparse.py'...
Compiling '/var/tmp/pgb-poc/prefix-python/lib/python3.12/pickletools.py'...
Compiling '/var/tmp/pgb-poc/prefix-python/lib/python3.12/poplib.py'...
Compiling '/var/tmp/pgb-poc/prefix-python/lib/python3.12/posixpath.py'...
Compiling '/var/tmp/pgb-poc/prefix-python/lib/python3.12/pstats.py'...
Compiling '/var/tmp/pgb-poc/prefix-python/lib/python3.12/quopri.py'...
Compiling '/var/tmp/pgb-poc/prefix-python/lib/python3.12/re/__init__.py'...
Compiling '/var/tmp/pgb-poc/prefix-python/lib/python3.12/re/_casefix.py'...
Compiling '/var/tmp/pgb-poc/prefix-python/lib/python3.12/re/_compiler.py'...
Compiling '/var/tmp/pgb-poc/prefix-python/lib/python3.12/reprlib.py'...
Compiling '/var/tmp/pgb-poc/prefix-python/lib/python3.12/rlcompleter.py'...
Compiling '/var/tmp/pgb-poc/prefix-python/lib/python3.12/runpy.py'...
Compiling '/var/tmp/pgb-poc/prefix-python/lib/python3.12/secrets.py'...
Compiling '/var/tmp/pgb-poc/prefix-python/lib/python3.12/selectors.py'...
Compiling '/var/tmp/pgb-poc/prefix-python/lib/python3.12/smtplib.py'...
Compiling '/var/tmp/pgb-poc/prefix-python/lib/python3.12/sqlite3/__init__.py'...
Compiling '/var/tmp/pgb-poc/prefix-python/lib/python3.12/sqlite3/__main__.py'...
Compiling '/var/tmp/pgb-poc/prefix-python/lib/python3.12/sqlite3/dbapi2.py'...
Compiling '/var/tmp/pgb-poc/prefix-python/lib/python3.12/sqlite3/dump.py'...
Compiling '/var/tmp/pgb-poc/prefix-python/lib/python3.12/sre_constants.py'...
Compiling '/var/tmp/pgb-poc/prefix-python/lib/python3.12/ssl.py'...
Compiling '/var/tmp/pgb-poc/prefix-python/lib/python3.12/tabnanny.py'...
Compiling '/var/tmp/pgb-poc/prefix-python/lib/python3.12/telnetlib.py'...
Compiling '/var/tmp/pgb-poc/prefix-python/lib/python3.12/textwrap.py'...
Compiling '/var/tmp/pgb-poc/prefix-python/lib/python3.12/threading.py'...
Compiling '/var/tmp/pgb-poc/prefix-python/lib/python3.12/tkinter/font.py'...
Compiling '/var/tmp/pgb-poc/prefix-python/lib/python3.12/tkinter/messagebox.py'...
Compiling '/var/tmp/pgb-poc/prefix-python/lib/python3.12/tkinter/scrolledtext.py'...
Compiling '/var/tmp/pgb-poc/prefix-python/lib/python3.12/tkinter/tix.py'...
Compiling '/var/tmp/pgb-poc/prefix-python/lib/python3.12/traceback.py'...
Compiling '/var/tmp/pgb-poc/prefix-python/lib/python3.12/turtledemo/bytedesign.py'...
Compiling '/var/tmp/pgb-poc/prefix-python/lib/python3.12/turtledemo/colormixer.py'...
Compiling '/var/tmp/pgb-poc/prefix-python/lib/python3.12/turtledemo/forest.py'...
Compiling '/var/tmp/pgb-poc/prefix-python/lib/python3.12/turtledemo/lindenmayer.py'...
Compiling '/var/tmp/pgb-poc/prefix-python/lib/python3.12/turtledemo/nim.py'...
Compiling '/var/tmp/pgb-poc/prefix-python/lib/python3.12/turtledemo/rosette.py'...
Compiling '/var/tmp/pgb-poc/prefix-python/lib/python3.12/turtledemo/tree.py'...
Compiling '/var/tmp/pgb-poc/prefix-python/lib/python3.12/turtledemo/yinyang.py'...
Compiling '/var/tmp/pgb-poc/prefix-python/lib/python3.12/typing.py'...
Compiling '/var/tmp/pgb-poc/prefix-python/lib/python3.12/urllib/response.py'...
Compiling '/var/tmp/pgb-poc/prefix-python/lib/python3.12/urllib/robotparser.py'...
Compiling '/var/tmp/pgb-poc/prefix-python/lib/python3.12/uu.py'...
Compiling '/var/tmp/pgb-poc/prefix-python/lib/python3.12/uuid.py'...
Compiling '/var/tmp/pgb-poc/prefix-python/lib/python3.12/wave.py'...
Compiling '/var/tmp/pgb-poc/prefix-python/lib/python3.12/wsgiref/__init__.py'...
Compiling '/var/tmp/pgb-poc/prefix-python/lib/python3.12/wsgiref/handlers.py'...
Compiling '/var/tmp/pgb-poc/prefix-python/lib/python3.12/wsgiref/util.py'...
Compiling '/var/tmp/pgb-poc/prefix-python/lib/python3.12/xml/__init__.py'...
Compiling '/var/tmp/pgb-poc/prefix-python/lib/python3.12/xml/dom/NodeFilter.py'...
Compiling '/var/tmp/pgb-poc/prefix-python/lib/python3.12/xml/dom/__init__.py'...
Compiling '/var/tmp/pgb-poc/prefix-python/lib/python3.12/xml/dom/expatbuilder.py'...
Compiling '/var/tmp/pgb-poc/prefix-python/lib/python3.12/xml/etree/__init__.py'...
Compiling '/var/tmp/pgb-poc/prefix-python/lib/python3.12/xml/etree/cElementTree.py'...
Compiling '/var/tmp/pgb-poc/prefix-python/lib/python3.12/xml/parsers/__init__.py'...
Compiling '/var/tmp/pgb-poc/prefix-python/lib/python3.12/xml/sax/__init__.py'...
Compiling '/var/tmp/pgb-poc/prefix-python/lib/python3.12/xml/sax/expatreader.py'...
Compiling '/var/tmp/pgb-poc/prefix-python/lib/python3.12/xml/sax/xmlreader.py'...
Compiling '/var/tmp/pgb-poc/prefix-python/lib/python3.12/xmlrpc/server.py'...
Compiling '/var/tmp/pgb-poc/prefix-python/lib/python3.12/zipfile/_path/__init__.py'...
Compiling '/var/tmp/pgb-poc/prefix-python/lib/python3.12/zoneinfo/__init__.py'...
Compiling '/var/tmp/pgb-poc/prefix-python/lib/python3.12/zoneinfo/_tzpath.py'...

Compiling '/var/tmp/pgb-poc/prefix-python/lib/python3.12/multiprocessing/managers.py'...
Compiling '/var/tmp/pgb-poc/prefix-python/lib/python3.12/multiprocessing/sharedctypes.py'...
Compiling '/var/tmp/pgb-poc/prefix-python/lib/python3.12/multiprocessing/synchronize.py'...
Compiling '/var/tmp/pgb-poc/prefix-python/lib/python3.12/ntpath.py'...
Compiling '/var/tmp/pgb-poc/prefix-python/lib/python3.12/os.py'...
Compiling '/var/tmp/pgb-poc/prefix-python/lib/python3.12/pickle.py'...
Compiling '/var/tmp/pgb-poc/prefix-python/lib/python3.12/pprint.py'...
Compiling '/var/tmp/pgb-poc/prefix-python/lib/python3.12/pyclbr.py'...
Compiling '/var/tmp/pgb-poc/prefix-python/lib/python3.12/queue.py'...
Compiling '/var/tmp/pgb-poc/prefix-python/lib/python3.12/random.py'...
Compiling '/var/tmp/pgb-poc/prefix-python/lib/python3.12/re/_constants.py'...
Compiling '/var/tmp/pgb-poc/prefix-python/lib/python3.12/re/_parser.py'...
Compiling '/var/tmp/pgb-poc/prefix-python/lib/python3.12/shelve.py'...
Compiling '/var/tmp/pgb-poc/prefix-python/lib/python3.12/shutil.py'...
Compiling '/var/tmp/pgb-poc/prefix-python/lib/python3.12/sre_compile.py'...
Compiling '/var/tmp/pgb-poc/prefix-python/lib/python3.12/sre_parse.py'...
Compiling '/var/tmp/pgb-poc/prefix-python/lib/python3.12/statistics.py'...
Compiling '/var/tmp/pgb-poc/prefix-python/lib/python3.12/symtable.py'...
Compiling '/var/tmp/pgb-poc/prefix-python/lib/python3.12/tarfile.py'...
Compiling '/var/tmp/pgb-poc/prefix-python/lib/python3.12/token.py'...
Compiling '/var/tmp/pgb-poc/prefix-python/lib/python3.12/tokenize.py'...
Compiling '/var/tmp/pgb-poc/prefix-python/lib/python3.12/tomllib/__init__.py'...
Compiling '/var/tmp/pgb-poc/prefix-python/lib/python3.12/tomllib/_re.py'...
Compiling '/var/tmp/pgb-poc/prefix-python/lib/python3.12/tomllib/_types.py'...
Compiling '/var/tmp/pgb-poc/prefix-python/lib/python3.12/trace.py'...
Compiling '/var/tmp/pgb-poc/prefix-python/lib/python3.12/tty.py'...
Compiling '/var/tmp/pgb-poc/prefix-python/lib/python3.12/turtle.py'...
Compiling '/var/tmp/pgb-poc/prefix-python/lib/python3.12/unittest/signals.py'...
Compiling '/var/tmp/pgb-poc/prefix-python/lib/python3.12/unittest/suite.py'...
Compiling '/var/tmp/pgb-poc/prefix-python/lib/python3.12/urllib/__init__.py'...
Compiling '/var/tmp/pgb-poc/prefix-python/lib/python3.12/urllib/parse.py'...
Compiling '/var/tmp/pgb-poc/prefix-python/lib/python3.12/venv/__init__.py'...
Compiling '/var/tmp/pgb-poc/prefix-python/lib/python3.12/weakref.py'...
Compiling '/var/tmp/pgb-poc/prefix-python/lib/python3.12/wsgiref/headers.py'...
Compiling '/var/tmp/pgb-poc/prefix-python/lib/python3.12/wsgiref/simple_server.py'...
Compiling '/var/tmp/pgb-poc/prefix-python/lib/python3.12/wsgiref/validate.py'...
Compiling '/var/tmp/pgb-poc/prefix-python/lib/python3.12/xml/dom/pulldom.py'...
Compiling '/var/tmp/pgb-poc/prefix-python/lib/python3.12/xml/etree/ElementInclude.py'...
Compiling '/var/tmp/pgb-poc/prefix-python/lib/python3.12/xml/etree/ElementTree.py'...
Compiling '/var/tmp/pgb-poc/prefix-python/lib/python3.12/zipfile/__main__.py'...
Compiling '/var/tmp/pgb-poc/prefix-python/lib/python3.12/zipfile/_path/glob.py'...
Compiling '/var/tmp/pgb-poc/prefix-python/lib/python3.12/zipimport.py'...

Compiling '/var/tmp/pgb-poc/prefix-python/lib/python3.12/lib2to3/fixes/__init__.py'...
Compiling '/var/tmp/pgb-poc/prefix-python/lib/python3.12/lib2to3/fixes/fix_apply.py'...
Compiling '/var/tmp/pgb-poc/prefix-python/lib/python3.12/lib2to3/fixes/fix_asserts.py'...
Compiling '/var/tmp/pgb-poc/prefix-python/lib/python3.12/lib2to3/fixes/fix_basestring.py'...
Compiling '/var/tmp/pgb-poc/prefix-python/lib/python3.12/lib2to3/fixes/fix_buffer.py'...
Compiling '/var/tmp/pgb-poc/prefix-python/lib/python3.12/lib2to3/fixes/fix_dict.py'...
Compiling '/var/tmp/pgb-poc/prefix-python/lib/python3.12/lib2to3/fixes/fix_except.py'...
Compiling '/var/tmp/pgb-poc/prefix-python/lib/python3.12/lib2to3/fixes/fix_execfile.py'...
Compiling '/var/tmp/pgb-poc/prefix-python/lib/python3.12/lib2to3/fixes/fix_filter.py'...
Compiling '/var/tmp/pgb-poc/prefix-python/lib/python3.12/lib2to3/fixes/fix_future.py'...
Compiling '/var/tmp/pgb-poc/prefix-python/lib/python3.12/lib2to3/fixes/fix_has_key.py'...
Compiling '/var/tmp/pgb-poc/prefix-python/lib/python3.12/lib2to3/fixes/fix_import.py'...
Compiling '/var/tmp/pgb-poc/prefix-python/lib/python3.12/lib2to3/fixes/fix_intern.py'...
Compiling '/var/tmp/pgb-poc/prefix-python/lib/python3.12/lib2to3/fixes/fix_itertools.py'...
Compiling '/var/tmp/pgb-poc/prefix-python/lib/python3.12/lib2to3/fixes/fix_itertools_imports.py'...
Compiling '/var/tmp/pgb-poc/prefix-python/lib/python3.12/lib2to3/fixes/fix_metaclass.py'...
Compiling '/var/tmp/pgb-poc/prefix-python/lib/python3.12/lib2to3/fixes/fix_operator.py'...
Compiling '/var/tmp/pgb-poc/prefix-python/lib/python3.12/lib2to3/fixes/fix_raw_input.py'...
Compiling '/var/tmp/pgb-poc/prefix-python/lib/python3.12/lib2to3/fixes/fix_reduce.py'...
Compiling '/var/tmp/pgb-poc/prefix-python/lib/python3.12/lib2to3/fixes/fix_reload.py'...
Compiling '/var/tmp/pgb-poc/prefix-python/lib/python3.12/lib2to3/fixes/fix_set_literal.py'...
Compiling '/var/tmp/pgb-poc/prefix-python/lib/python3.12/lib2to3/fixes/fix_throw.py'...
Compiling '/var/tmp/pgb-poc/prefix-python/lib/python3.12/lib2to3/fixes/fix_types.py'...
Compiling '/var/tmp/pgb-poc/prefix-python/lib/python3.12/lib2to3/fixes/fix_unicode.py'...
Compiling '/var/tmp/pgb-poc/prefix-python/lib/python3.12/lib2to3/fixes/fix_urllib.py'...
Compiling '/var/tmp/pgb-poc/prefix-python/lib/python3.12/lib2to3/patcomp.py'...
Compiling '/var/tmp/pgb-poc/prefix-python/lib/python3.12/lib2to3/pgen2/literals.py'...
Compiling '/var/tmp/pgb-poc/prefix-python/lib/python3.12/lib2to3/pgen2/pgen.py'...
Compiling '/var/tmp/pgb-poc/prefix-python/lib/python3.12/linecache.py'...
Compiling '/var/tmp/pgb-poc/prefix-python/lib/python3.12/locale.py'...
Compiling '/var/tmp/pgb-poc/prefix-python/lib/python3.12/lzma.py'...
Compiling '/var/tmp/pgb-poc/prefix-python/lib/python3.12/mailbox.py'...
Compiling '/var/tmp/pgb-poc/prefix-python/lib/python3.12/netrc.py'...
Compiling '/var/tmp/pgb-poc/prefix-python/lib/python3.12/numbers.py'...
Compiling '/var/tmp/pgb-poc/prefix-python/lib/python3.12/operator.py'...
Compiling '/var/tmp/pgb-poc/prefix-python/lib/python3.12/pdb.py'...
Compiling '/var/tmp/pgb-poc/prefix-python/lib/python3.12/plistlib.py'...
Compiling '/var/tmp/pgb-poc/prefix-python/lib/python3.12/pty.py'...
Compiling '/var/tmp/pgb-poc/prefix-python/lib/python3.12/py_compile.py'...
Compiling '/var/tmp/pgb-poc/prefix-python/lib/python3.12/pydoc.py'...
Compiling '/var/tmp/pgb-poc/prefix-python/lib/python3.12/socket.py'...
Compiling '/var/tmp/pgb-poc/prefix-python/lib/python3.12/string.py'...
Compiling '/var/tmp/pgb-poc/prefix-python/lib/python3.12/struct.py'...
Compiling '/var/tmp/pgb-poc/prefix-python/lib/python3.12/subprocess.py'...
Compiling '/var/tmp/pgb-poc/prefix-python/lib/python3.12/this.py'...
Compiling '/var/tmp/pgb-poc/prefix-python/lib/python3.12/timeit.py'...
Compiling '/var/tmp/pgb-poc/prefix-python/lib/python3.12/tkinter/__init__.py'...
Compiling '/var/tmp/pgb-poc/prefix-python/lib/python3.12/turtledemo/planet_and_moon.py'...
Compiling '/var/tmp/pgb-poc/prefix-python/lib/python3.12/turtledemo/round_dance.py'...
Compiling '/var/tmp/pgb-poc/prefix-python/lib/python3.12/turtledemo/two_canvases.py'...
Compiling '/var/tmp/pgb-poc/prefix-python/lib/python3.12/types.py'...
Compiling '/var/tmp/pgb-poc/prefix-python/lib/python3.12/unittest/case.py'...
Compiling '/var/tmp/pgb-poc/prefix-python/lib/python3.12/unittest/result.py'...
Compiling '/var/tmp/pgb-poc/prefix-python/lib/python3.12/unittest/runner.py'...
Compiling '/var/tmp/pgb-poc/prefix-python/lib/python3.12/unittest/util.py'...
Compiling '/var/tmp/pgb-poc/prefix-python/lib/python3.12/urllib/error.py'...
Compiling '/var/tmp/pgb-poc/prefix-python/lib/python3.12/urllib/request.py'...
Compiling '/var/tmp/pgb-poc/prefix-python/lib/python3.12/xml/dom/minicompat.py'...
Compiling '/var/tmp/pgb-poc/prefix-python/lib/python3.12/xml/dom/xmlbuilder.py'...
Compiling '/var/tmp/pgb-poc/prefix-python/lib/python3.12/xml/etree/ElementPath.py'...
Compiling '/var/tmp/pgb-poc/prefix-python/lib/python3.12/xml/parsers/expat.py'...
Compiling '/var/tmp/pgb-poc/prefix-python/lib/python3.12/xml/sax/_exceptions.py'...
Compiling '/var/tmp/pgb-poc/prefix-python/lib/python3.12/xml/sax/handler.py'...
Compiling '/var/tmp/pgb-poc/prefix-python/lib/python3.12/xml/sax/saxutils.py'...
Compiling '/var/tmp/pgb-poc/prefix-python/lib/python3.12/xmlrpc/__init__.py'...
Compiling '/var/tmp/pgb-poc/prefix-python/lib/python3.12/xmlrpc/client.py'...
Compiling '/var/tmp/pgb-poc/prefix-python/lib/python3.12/zoneinfo/_common.py'...
Compiling '/var/tmp/pgb-poc/prefix-python/lib/python3.12/zoneinfo/_zoneinfo.py'...

Compiling '/var/tmp/pgb-poc/prefix-python/lib/python3.12/lib2to3/pgen2/__init__.py'...
Compiling '/var/tmp/pgb-poc/prefix-python/lib/python3.12/lib2to3/pgen2/conv.py'...
Compiling '/var/tmp/pgb-poc/prefix-python/lib/python3.12/lib2to3/pgen2/tokenize.py'...
Compiling '/var/tmp/pgb-poc/prefix-python/lib/python3.12/logging/config.py'...
Compiling '/var/tmp/pgb-poc/prefix-python/lib/python3.12/mailcap.py'...
Compiling '/var/tmp/pgb-poc/prefix-python/lib/python3.12/multiprocessing/__init__.py'...
Compiling '/var/tmp/pgb-poc/prefix-python/lib/python3.12/multiprocessing/connection.py'...
Compiling '/var/tmp/pgb-poc/prefix-python/lib/python3.12/multiprocessing/popen_fork.py'...
Compiling '/var/tmp/pgb-poc/prefix-python/lib/python3.12/multiprocessing/popen_forkserver.py'...
Compiling '/var/tmp/pgb-poc/prefix-python/lib/python3.12/multiprocessing/popen_spawn_posix.py'...
Compiling '/var/tmp/pgb-poc/prefix-python/lib/python3.12/multiprocessing/popen_spawn_win32.py'...
Compiling '/var/tmp/pgb-poc/prefix-python/lib/python3.12/multiprocessing/process.py'...
Compiling '/var/tmp/pgb-poc/prefix-python/lib/python3.12/multiprocessing/reduction.py'...
Compiling '/var/tmp/pgb-poc/prefix-python/lib/python3.12/multiprocessing/resource_sharer.py'...
Compiling '/var/tmp/pgb-poc/prefix-python/lib/python3.12/multiprocessing/shared_memory.py'...
Compiling '/var/tmp/pgb-poc/prefix-python/lib/python3.12/nntplib.py'...
Compiling '/var/tmp/pgb-poc/prefix-python/lib/python3.12/pathlib.py'...
Compiling '/var/tmp/pgb-poc/prefix-python/lib/python3.12/pipes.py'...
Compiling '/var/tmp/pgb-poc/prefix-python/lib/python3.12/pkgutil.py'...
Compiling '/var/tmp/pgb-poc/prefix-python/lib/python3.12/platform.py'...
Compiling '/var/tmp/pgb-poc/prefix-python/lib/python3.12/profile.py'...
Compiling '/var/tmp/pgb-poc/prefix-python/lib/python3.12/pydoc_data/__init__.py'...
Compiling '/var/tmp/pgb-poc/prefix-python/lib/python3.12/pydoc_data/topics.py'...
Compiling '/var/tmp/pgb-poc/prefix-python/lib/python3.12/sched.py'...
Compiling '/var/tmp/pgb-poc/prefix-python/lib/python3.12/shlex.py'...
Compiling '/var/tmp/pgb-poc/prefix-python/lib/python3.12/signal.py'...
Compiling '/var/tmp/pgb-poc/prefix-python/lib/python3.12/site.py'...
Compiling '/var/tmp/pgb-poc/prefix-python/lib/python3.12/sndhdr.py'...
Compiling '/var/tmp/pgb-poc/prefix-python/lib/python3.12/socketserver.py'...
Compiling '/var/tmp/pgb-poc/prefix-python/lib/python3.12/stat.py'...
Compiling '/var/tmp/pgb-poc/prefix-python/lib/python3.12/stringprep.py'...
Compiling '/var/tmp/pgb-poc/prefix-python/lib/python3.12/sunau.py'...
Compiling '/var/tmp/pgb-poc/prefix-python/lib/python3.12/sysconfig.py'...
Compiling '/var/tmp/pgb-poc/prefix-python/lib/python3.12/tempfile.py'...
Compiling '/var/tmp/pgb-poc/prefix-python/lib/python3.12/tkinter/__main__.py'...
Compiling '/var/tmp/pgb-poc/prefix-python/lib/python3.12/tkinter/colorchooser.py'...
Compiling '/var/tmp/pgb-poc/prefix-python/lib/python3.12/tkinter/commondialog.py'...
Compiling '/var/tmp/pgb-poc/prefix-python/lib/python3.12/tkinter/constants.py'...
Compiling '/var/tmp/pgb-poc/prefix-python/lib/python3.12/tkinter/dialog.py'...
Compiling '/var/tmp/pgb-poc/prefix-python/lib/python3.12/tkinter/dnd.py'...
Compiling '/var/tmp/pgb-poc/prefix-python/lib/python3.12/tkinter/filedialog.py'...
Compiling '/var/tmp/pgb-poc/prefix-python/lib/python3.12/tkinter/simpledialog.py'...
Compiling '/var/tmp/pgb-poc/prefix-python/lib/python3.12/tkinter/ttk.py'...
Compiling '/var/tmp/pgb-poc/prefix-python/lib/python3.12/tomllib/_parser.py'...
Compiling '/var/tmp/pgb-poc/prefix-python/lib/python3.12/tracemalloc.py'...
Compiling '/var/tmp/pgb-poc/prefix-python/lib/python3.12/turtledemo/__init__.py'...
Compiling '/var/tmp/pgb-poc/prefix-python/lib/python3.12/turtledemo/__main__.py'...
Compiling '/var/tmp/pgb-poc/prefix-python/lib/python3.12/turtledemo/chaos.py'...
Compiling '/var/tmp/pgb-poc/prefix-python/lib/python3.12/turtledemo/clock.py'...
Compiling '/var/tmp/pgb-poc/prefix-python/lib/python3.12/turtledemo/fractalcurves.py'...
Compiling '/var/tmp/pgb-poc/prefix-python/lib/python3.12/turtledemo/minimal_hanoi.py'...
Compiling '/var/tmp/pgb-poc/prefix-python/lib/python3.12/turtledemo/paint.py'...
Compiling '/var/tmp/pgb-poc/prefix-python/lib/python3.12/turtledemo/peace.py'...
Compiling '/var/tmp/pgb-poc/prefix-python/lib/python3.12/turtledemo/penrose.py'...
Compiling '/var/tmp/pgb-poc/prefix-python/lib/python3.12/turtledemo/sorting_animate.py'...
Compiling '/var/tmp/pgb-poc/prefix-python/lib/python3.12/unittest/__init__.py'...
Compiling '/var/tmp/pgb-poc/prefix-python/lib/python3.12/unittest/__main__.py'...
Compiling '/var/tmp/pgb-poc/prefix-python/lib/python3.12/unittest/_log.py'...
Compiling '/var/tmp/pgb-poc/prefix-python/lib/python3.12/unittest/async_case.py'...
Compiling '/var/tmp/pgb-poc/prefix-python/lib/python3.12/unittest/loader.py'...
Compiling '/var/tmp/pgb-poc/prefix-python/lib/python3.12/unittest/main.py'...
Compiling '/var/tmp/pgb-poc/prefix-python/lib/python3.12/unittest/mock.py'...
Compiling '/var/tmp/pgb-poc/prefix-python/lib/python3.12/venv/__main__.py'...
Compiling '/var/tmp/pgb-poc/prefix-python/lib/python3.12/warnings.py'...
Compiling '/var/tmp/pgb-poc/prefix-python/lib/python3.12/webbrowser.py'...
Compiling '/var/tmp/pgb-poc/prefix-python/lib/python3.12/wsgiref/types.py'...
Compiling '/var/tmp/pgb-poc/prefix-python/lib/python3.12/xdrlib.py'...
Compiling '/var/tmp/pgb-poc/prefix-python/lib/python3.12/xml/dom/domreg.py'...
Compiling '/var/tmp/pgb-poc/prefix-python/lib/python3.12/xml/dom/minidom.py'...
Compiling '/var/tmp/pgb-poc/prefix-python/lib/python3.12/zipapp.py'...
Compiling '/var/tmp/pgb-poc/prefix-python/lib/python3.12/zipfile/__init__.py'...
Listing '/var/tmp/pgb-poc/prefix-python/lib/python3.12/asyncio'...
Listing '/var/tmp/pgb-poc/prefix-python/lib/python3.12/collections'...
Listing '/var/tmp/pgb-poc/prefix-python/lib/python3.12/concurrent'...
Listing '/var/tmp/pgb-poc/prefix-python/lib/python3.12/concurrent/futures'...
Listing '/var/tmp/pgb-poc/prefix-python/lib/python3.12/ctypes'...
Listing '/var/tmp/pgb-poc/prefix-python/lib/python3.12/ctypes/macholib'...
Listing '/var/tmp/pgb-poc/prefix-python/lib/python3.12/curses'...
Listing '/var/tmp/pgb-poc/prefix-python/lib/python3.12/dbm'...
Listing '/var/tmp/pgb-poc/prefix-python/lib/python3.12/email'...
Listing '/var/tmp/pgb-poc/prefix-python/lib/python3.12/email/mime'...
Listing '/var/tmp/pgb-poc/prefix-python/lib/python3.12/encodings'...
Listing '/var/tmp/pgb-poc/prefix-python/lib/python3.12/ensurepip'...
Listing '/var/tmp/pgb-poc/prefix-python/lib/python3.12/ensurepip/_bundled'...
Listing '/var/tmp/pgb-poc/prefix-python/lib/python3.12/html'...
Listing '/var/tmp/pgb-poc/prefix-python/lib/python3.12/http'...
Listing '/var/tmp/pgb-poc/prefix-python/lib/python3.12/idlelib'...
Listing '/var/tmp/pgb-poc/prefix-python/lib/python3.12/idlelib/Icons'...
Listing '/var/tmp/pgb-poc/prefix-python/lib/python3.12/importlib'...
Listing '/var/tmp/pgb-poc/prefix-python/lib/python3.12/importlib/metadata'...
Listing '/var/tmp/pgb-poc/prefix-python/lib/python3.12/importlib/resources'...
Listing '/var/tmp/pgb-poc/prefix-python/lib/python3.12/json'...
Listing '/var/tmp/pgb-poc/prefix-python/lib/python3.12/lib2to3'...
Listing '/var/tmp/pgb-poc/prefix-python/lib/python3.12/lib2to3/fixes'...
Listing '/var/tmp/pgb-poc/prefix-python/lib/python3.12/lib2to3/pgen2'...
Listing '/var/tmp/pgb-poc/prefix-python/lib/python3.12/logging'...
Listing '/var/tmp/pgb-poc/prefix-python/lib/python3.12/multiprocessing'...
Listing '/var/tmp/pgb-poc/prefix-python/lib/python3.12/multiprocessing/dummy'...
Listing '/var/tmp/pgb-poc/prefix-python/lib/python3.12/pydoc_data'...
Listing '/var/tmp/pgb-poc/prefix-python/lib/python3.12/re'...
Listing '/var/tmp/pgb-poc/prefix-python/lib/python3.12/site-packages'...
Listing '/var/tmp/pgb-poc/prefix-python/lib/python3.12/sqlite3'...
Listing '/var/tmp/pgb-poc/prefix-python/lib/python3.12/tkinter'...
Listing '/var/tmp/pgb-poc/prefix-python/lib/python3.12/tomllib'...
Listing '/var/tmp/pgb-poc/prefix-python/lib/python3.12/turtledemo'...
Listing '/var/tmp/pgb-poc/prefix-python/lib/python3.12/unittest'...
Listing '/var/tmp/pgb-poc/prefix-python/lib/python3.12/urllib'...
Listing '/var/tmp/pgb-poc/prefix-python/lib/python3.12/venv'...
Listing '/var/tmp/pgb-poc/prefix-python/lib/python3.12/venv/scripts'...
Listing '/var/tmp/pgb-poc/prefix-python/lib/python3.12/venv/scripts/common'...
Listing '/var/tmp/pgb-poc/prefix-python/lib/python3.12/venv/scripts/posix'...
Listing '/var/tmp/pgb-poc/prefix-python/lib/python3.12/wsgiref'...
Listing '/var/tmp/pgb-poc/prefix-python/lib/python3.12/xml'...
Listing '/var/tmp/pgb-poc/prefix-python/lib/python3.12/xml/dom'...
Listing '/var/tmp/pgb-poc/prefix-python/lib/python3.12/xml/etree'...
Listing '/var/tmp/pgb-poc/prefix-python/lib/python3.12/xml/parsers'...
Listing '/var/tmp/pgb-poc/prefix-python/lib/python3.12/xml/sax'...
Listing '/var/tmp/pgb-poc/prefix-python/lib/python3.12/xmlrpc'...
Listing '/var/tmp/pgb-poc/prefix-python/lib/python3.12/zipfile'...
Listing '/var/tmp/pgb-poc/prefix-python/lib/python3.12/zipfile/_path'...
Listing '/var/tmp/pgb-poc/prefix-python/lib/python3.12/zoneinfo'...
PYTHONPATH=/var/tmp/pgb-poc/prefix-python/lib/python3.12  \
	./python -E -Wi /var/tmp/pgb-poc/prefix-python/lib/python3.12/compileall.py \
	-o 0 -o 1 -o 2 -j0 -d /var/tmp/pgb-poc/prefix-python/lib/python3.12/site-packages -f \
	-x badsyntax /var/tmp/pgb-poc/prefix-python/lib/python3.12/site-packages
Listing '/var/tmp/pgb-poc/prefix-python/lib/python3.12/site-packages'...
PYTHONPATH=/var/tmp/pgb-poc/prefix-python/lib/python3.12  \
	./python -E -m lib2to3.pgen2.driver /var/tmp/pgb-poc/prefix-python/lib/python3.12/lib2to3/Grammar.txt
Generating grammar tables from /var/tmp/pgb-poc/prefix-python/lib/python3.12/lib2to3/Grammar.txt
Writing grammar tables to /var/tmp/pgb-poc/prefix-python/lib/python3.12/lib2to3/Grammar3.12.7.final.0.pickle
PYTHONPATH=/var/tmp/pgb-poc/prefix-python/lib/python3.12  \
	./python -E -m lib2to3.pgen2.driver /var/tmp/pgb-poc/prefix-python/lib/python3.12/lib2to3/PatternGrammar.txt
Generating grammar tables from /var/tmp/pgb-poc/prefix-python/lib/python3.12/lib2to3/PatternGrammar.txt
Writing grammar tables to /var/tmp/pgb-poc/prefix-python/lib/python3.12/lib2to3/PatternGrammar3.12.7.final.0.pickle
Creating directory /var/tmp/pgb-poc/prefix-python/include
Creating directory /var/tmp/pgb-poc/prefix-python/include/python3.12
Creating directory /var/tmp/pgb-poc/prefix-python/include/python3.12/cpython
Creating directory /var/tmp/pgb-poc/prefix-python/include/python3.12/internal
/usr/bin/install -c -m 644 ./Include/Python.h /var/tmp/pgb-poc/prefix-python/include/python3.12
/usr/bin/install -c -m 644 ./Include/abstract.h /var/tmp/pgb-poc/prefix-python/include/python3.12
/usr/bin/install -c -m 644 ./Include/bltinmodule.h /var/tmp/pgb-poc/prefix-python/include/python3.12
/usr/bin/install -c -m 644 ./Include/boolobject.h /var/tmp/pgb-poc/prefix-python/include/python3.12
/usr/bin/install -c -m 644 ./Include/bytearrayobject.h /var/tmp/pgb-poc/prefix-python/include/python3.12
/usr/bin/install -c -m 644 ./Include/bytesobject.h /var/tmp/pgb-poc/prefix-python/include/python3.12
/usr/bin/install -c -m 644 ./Include/ceval.h /var/tmp/pgb-poc/prefix-python/include/python3.12
/usr/bin/install -c -m 644 ./Include/codecs.h /var/tmp/pgb-poc/prefix-python/include/python3.12
/usr/bin/install -c -m 644 ./Include/compile.h /var/tmp/pgb-poc/prefix-python/include/python3.12
/usr/bin/install -c -m 644 ./Include/complexobject.h /var/tmp/pgb-poc/prefix-python/include/python3.12
/usr/bin/install -c -m 644 ./Include/datetime.h /var/tmp/pgb-poc/prefix-python/include/python3.12
/usr/bin/install -c -m 644 ./Include/descrobject.h /var/tmp/pgb-poc/prefix-python/include/python3.12
/usr/bin/install -c -m 644 ./Include/dictobject.h /var/tmp/pgb-poc/prefix-python/include/python3.12
/usr/bin/install -c -m 644 ./Include/dynamic_annotations.h /var/tmp/pgb-poc/prefix-python/include/python3.12
/usr/bin/install -c -m 644 ./Include/enumobject.h /var/tmp/pgb-poc/prefix-python/include/python3.12
/usr/bin/install -c -m 644 ./Include/errcode.h /var/tmp/pgb-poc/prefix-python/include/python3.12
/usr/bin/install -c -m 644 ./Include/exports.h /var/tmp/pgb-poc/prefix-python/include/python3.12
/usr/bin/install -c -m 644 ./Include/fileobject.h /var/tmp/pgb-poc/prefix-python/include/python3.12
/usr/bin/install -c -m 644 ./Include/fileutils.h /var/tmp/pgb-poc/prefix-python/include/python3.12
/usr/bin/install -c -m 644 ./Include/floatobject.h /var/tmp/pgb-poc/prefix-python/include/python3.12
/usr/bin/install -c -m 644 ./Include/frameobject.h /var/tmp/pgb-poc/prefix-python/include/python3.12
/usr/bin/install -c -m 644 ./Include/genericaliasobject.h /var/tmp/pgb-poc/prefix-python/include/python3.12
/usr/bin/install -c -m 644 ./Include/import.h /var/tmp/pgb-poc/prefix-python/include/python3.12
/usr/bin/install -c -m 644 ./Include/interpreteridobject.h /var/tmp/pgb-poc/prefix-python/include/python3.12
/usr/bin/install -c -m 644 ./Include/intrcheck.h /var/tmp/pgb-poc/prefix-python/include/python3.12
/usr/bin/install -c -m 644 ./Include/iterobject.h /var/tmp/pgb-poc/prefix-python/include/python3.12
/usr/bin/install -c -m 644 ./Include/listobject.h /var/tmp/pgb-poc/prefix-python/include/python3.12
/usr/bin/install -c -m 644 ./Include/longobject.h /var/tmp/pgb-poc/prefix-python/include/python3.12
/usr/bin/install -c -m 644 ./Include/marshal.h /var/tmp/pgb-poc/prefix-python/include/python3.12
/usr/bin/install -c -m 644 ./Include/memoryobject.h /var/tmp/pgb-poc/prefix-python/include/python3.12
/usr/bin/install -c -m 644 ./Include/methodobject.h /var/tmp/pgb-poc/prefix-python/include/python3.12
/usr/bin/install -c -m 644 ./Include/modsupport.h /var/tmp/pgb-poc/prefix-python/include/python3.12
/usr/bin/install -c -m 644 ./Include/moduleobject.h /var/tmp/pgb-poc/prefix-python/include/python3.12
/usr/bin/install -c -m 644 ./Include/object.h /var/tmp/pgb-poc/prefix-python/include/python3.12
/usr/bin/install -c -m 644 ./Include/objimpl.h /var/tmp/pgb-poc/prefix-python/include/python3.12
/usr/bin/install -c -m 644 ./Include/opcode.h /var/tmp/pgb-poc/prefix-python/include/python3.12
/usr/bin/install -c -m 644 ./Include/osdefs.h /var/tmp/pgb-poc/prefix-python/include/python3.12
/usr/bin/install -c -m 644 ./Include/osmodule.h /var/tmp/pgb-poc/prefix-python/include/python3.12
/usr/bin/install -c -m 644 ./Include/patchlevel.h /var/tmp/pgb-poc/prefix-python/include/python3.12
/usr/bin/install -c -m 644 ./Include/py_curses.h /var/tmp/pgb-poc/prefix-python/include/python3.12
/usr/bin/install -c -m 644 ./Include/pybuffer.h /var/tmp/pgb-poc/prefix-python/include/python3.12
/usr/bin/install -c -m 644 ./Include/pycapsule.h /var/tmp/pgb-poc/prefix-python/include/python3.12
/usr/bin/install -c -m 644 ./Include/pydtrace.h /var/tmp/pgb-poc/prefix-python/include/python3.12
/usr/bin/install -c -m 644 ./Include/pyerrors.h /var/tmp/pgb-poc/prefix-python/include/python3.12
/usr/bin/install -c -m 644 ./Include/pyexpat.h /var/tmp/pgb-poc/prefix-python/include/python3.12
/usr/bin/install -c -m 644 ./Include/pyframe.h /var/tmp/pgb-poc/prefix-python/include/python3.12
/usr/bin/install -c -m 644 ./Include/pyhash.h /var/tmp/pgb-poc/prefix-python/include/python3.12
/usr/bin/install -c -m 644 ./Include/pylifecycle.h /var/tmp/pgb-poc/prefix-python/include/python3.12
/usr/bin/install -c -m 644 ./Include/pymacconfig.h /var/tmp/pgb-poc/prefix-python/include/python3.12
/usr/bin/install -c -m 644 ./Include/pymacro.h /var/tmp/pgb-poc/prefix-python/include/python3.12
/usr/bin/install -c -m 644 ./Include/pymath.h /var/tmp/pgb-poc/prefix-python/include/python3.12
/usr/bin/install -c -m 644 ./Include/pymem.h /var/tmp/pgb-poc/prefix-python/include/python3.12
/usr/bin/install -c -m 644 ./Include/pyport.h /var/tmp/pgb-poc/prefix-python/include/python3.12
/usr/bin/install -c -m 644 ./Include/pystate.h /var/tmp/pgb-poc/prefix-python/include/python3.12
/usr/bin/install -c -m 644 ./Include/pystats.h /var/tmp/pgb-poc/prefix-python/include/python3.12
/usr/bin/install -c -m 644 ./Include/pystrcmp.h /var/tmp/pgb-poc/prefix-python/include/python3.12
/usr/bin/install -c -m 644 ./Include/pystrtod.h /var/tmp/pgb-poc/prefix-python/include/python3.12
/usr/bin/install -c -m 644 ./Include/pythonrun.h /var/tmp/pgb-poc/prefix-python/include/python3.12
/usr/bin/install -c -m 644 ./Include/pythread.h /var/tmp/pgb-poc/prefix-python/include/python3.12
/usr/bin/install -c -m 644 ./Include/pytypedefs.h /var/tmp/pgb-poc/prefix-python/include/python3.12
/usr/bin/install -c -m 644 ./Include/rangeobject.h /var/tmp/pgb-poc/prefix-python/include/python3.12
/usr/bin/install -c -m 644 ./Include/setobject.h /var/tmp/pgb-poc/prefix-python/include/python3.12
/usr/bin/install -c -m 644 ./Include/sliceobject.h /var/tmp/pgb-poc/prefix-python/include/python3.12
/usr/bin/install -c -m 644 ./Include/structmember.h /var/tmp/pgb-poc/prefix-python/include/python3.12
/usr/bin/install -c -m 644 ./Include/structseq.h /var/tmp/pgb-poc/prefix-python/include/python3.12
/usr/bin/install -c -m 644 ./Include/sysmodule.h /var/tmp/pgb-poc/prefix-python/include/python3.12
/usr/bin/install -c -m 644 ./Include/traceback.h /var/tmp/pgb-poc/prefix-python/include/python3.12
/usr/bin/install -c -m 644 ./Include/tracemalloc.h /var/tmp/pgb-poc/prefix-python/include/python3.12
/usr/bin/install -c -m 644 ./Include/tupleobject.h /var/tmp/pgb-poc/prefix-python/include/python3.12
/usr/bin/install -c -m 644 ./Include/typeslots.h /var/tmp/pgb-poc/prefix-python/include/python3.12
/usr/bin/install -c -m 644 ./Include/unicodeobject.h /var/tmp/pgb-poc/prefix-python/include/python3.12
/usr/bin/install -c -m 644 ./Include/warnings.h /var/tmp/pgb-poc/prefix-python/include/python3.12
/usr/bin/install -c -m 644 ./Include/weakrefobject.h /var/tmp/pgb-poc/prefix-python/include/python3.12
/usr/bin/install -c -m 644 ./Include/cpython/abstract.h /var/tmp/pgb-poc/prefix-python/include/python3.12/cpython
/usr/bin/install -c -m 644 ./Include/cpython/bytearrayobject.h /var/tmp/pgb-poc/prefix-python/include/python3.12/cpython
/usr/bin/install -c -m 644 ./Include/cpython/bytesobject.h /var/tmp/pgb-poc/prefix-python/include/python3.12/cpython
/usr/bin/install -c -m 644 ./Include/cpython/cellobject.h /var/tmp/pgb-poc/prefix-python/include/python3.12/cpython
/usr/bin/install -c -m 644 ./Include/cpython/ceval.h /var/tmp/pgb-poc/prefix-python/include/python3.12/cpython
/usr/bin/install -c -m 644 ./Include/cpython/classobject.h /var/tmp/pgb-poc/prefix-python/include/python3.12/cpython
/usr/bin/install -c -m 644 ./Include/cpython/code.h /var/tmp/pgb-poc/prefix-python/include/python3.12/cpython
/usr/bin/install -c -m 644 ./Include/cpython/compile.h /var/tmp/pgb-poc/prefix-python/include/python3.12/cpython
/usr/bin/install -c -m 644 ./Include/cpython/complexobject.h /var/tmp/pgb-poc/prefix-python/include/python3.12/cpython
/usr/bin/install -c -m 644 ./Include/cpython/context.h /var/tmp/pgb-poc/prefix-python/include/python3.12/cpython
/usr/bin/install -c -m 644 ./Include/cpython/descrobject.h /var/tmp/pgb-poc/prefix-python/include/python3.12/cpython
/usr/bin/install -c -m 644 ./Include/cpython/dictobject.h /var/tmp/pgb-poc/prefix-python/include/python3.12/cpython
/usr/bin/install -c -m 644 ./Include/cpython/fileobject.h /var/tmp/pgb-poc/prefix-python/include/python3.12/cpython
/usr/bin/install -c -m 644 ./Include/cpython/fileutils.h /var/tmp/pgb-poc/prefix-python/include/python3.12/cpython
/usr/bin/install -c -m 644 ./Include/cpython/floatobject.h /var/tmp/pgb-poc/prefix-python/include/python3.12/cpython
/usr/bin/install -c -m 644 ./Include/cpython/frameobject.h /var/tmp/pgb-poc/prefix-python/include/python3.12/cpython
/usr/bin/install -c -m 644 ./Include/cpython/funcobject.h /var/tmp/pgb-poc/prefix-python/include/python3.12/cpython
/usr/bin/install -c -m 644 ./Include/cpython/genobject.h /var/tmp/pgb-poc/prefix-python/include/python3.12/cpython
/usr/bin/install -c -m 644 ./Include/cpython/import.h /var/tmp/pgb-poc/prefix-python/include/python3.12/cpython
/usr/bin/install -c -m 644 ./Include/cpython/initconfig.h /var/tmp/pgb-poc/prefix-python/include/python3.12/cpython
/usr/bin/install -c -m 644 ./Include/cpython/interpreteridobject.h /var/tmp/pgb-poc/prefix-python/include/python3.12/cpython
/usr/bin/install -c -m 644 ./Include/cpython/listobject.h /var/tmp/pgb-poc/prefix-python/include/python3.12/cpython
/usr/bin/install -c -m 644 ./Include/cpython/longintrepr.h /var/tmp/pgb-poc/prefix-python/include/python3.12/cpython
/usr/bin/install -c -m 644 ./Include/cpython/longobject.h /var/tmp/pgb-poc/prefix-python/include/python3.12/cpython
/usr/bin/install -c -m 644 ./Include/cpython/memoryobject.h /var/tmp/pgb-poc/prefix-python/include/python3.12/cpython
/usr/bin/install -c -m 644 ./Include/cpython/methodobject.h /var/tmp/pgb-poc/prefix-python/include/python3.12/cpython
/usr/bin/install -c -m 644 ./Include/cpython/modsupport.h /var/tmp/pgb-poc/prefix-python/include/python3.12/cpython
/usr/bin/install -c -m 644 ./Include/cpython/object.h /var/tmp/pgb-poc/prefix-python/include/python3.12/cpython
/usr/bin/install -c -m 644 ./Include/cpython/objimpl.h /var/tmp/pgb-poc/prefix-python/include/python3.12/cpython
/usr/bin/install -c -m 644 ./Include/cpython/odictobject.h /var/tmp/pgb-poc/prefix-python/include/python3.12/cpython
/usr/bin/install -c -m 644 ./Include/cpython/picklebufobject.h /var/tmp/pgb-poc/prefix-python/include/python3.12/cpython
/usr/bin/install -c -m 644 ./Include/cpython/pthread_stubs.h /var/tmp/pgb-poc/prefix-python/include/python3.12/cpython
/usr/bin/install -c -m 644 ./Include/cpython/pyctype.h /var/tmp/pgb-poc/prefix-python/include/python3.12/cpython
/usr/bin/install -c -m 644 ./Include/cpython/pydebug.h /var/tmp/pgb-poc/prefix-python/include/python3.12/cpython
/usr/bin/install -c -m 644 ./Include/cpython/pyerrors.h /var/tmp/pgb-poc/prefix-python/include/python3.12/cpython
/usr/bin/install -c -m 644 ./Include/cpython/pyfpe.h /var/tmp/pgb-poc/prefix-python/include/python3.12/cpython
/usr/bin/install -c -m 644 ./Include/cpython/pyframe.h /var/tmp/pgb-poc/prefix-python/include/python3.12/cpython
/usr/bin/install -c -m 644 ./Include/cpython/pylifecycle.h /var/tmp/pgb-poc/prefix-python/include/python3.12/cpython
/usr/bin/install -c -m 644 ./Include/cpython/pymem.h /var/tmp/pgb-poc/prefix-python/include/python3.12/cpython
/usr/bin/install -c -m 644 ./Include/cpython/pystate.h /var/tmp/pgb-poc/prefix-python/include/python3.12/cpython
/usr/bin/install -c -m 644 ./Include/cpython/pythonrun.h /var/tmp/pgb-poc/prefix-python/include/python3.12/cpython
/usr/bin/install -c -m 644 ./Include/cpython/pythread.h /var/tmp/pgb-poc/prefix-python/include/python3.12/cpython
/usr/bin/install -c -m 644 ./Include/cpython/pytime.h /var/tmp/pgb-poc/prefix-python/include/python3.12/cpython
/usr/bin/install -c -m 644 ./Include/cpython/setobject.h /var/tmp/pgb-poc/prefix-python/include/python3.12/cpython
/usr/bin/install -c -m 644 ./Include/cpython/sysmodule.h /var/tmp/pgb-poc/prefix-python/include/python3.12/cpython
/usr/bin/install -c -m 644 ./Include/cpython/traceback.h /var/tmp/pgb-poc/prefix-python/include/python3.12/cpython
/usr/bin/install -c -m 644 ./Include/cpython/tupleobject.h /var/tmp/pgb-poc/prefix-python/include/python3.12/cpython
/usr/bin/install -c -m 644 ./Include/cpython/unicodeobject.h /var/tmp/pgb-poc/prefix-python/include/python3.12/cpython
/usr/bin/install -c -m 644 ./Include/cpython/warnings.h /var/tmp/pgb-poc/prefix-python/include/python3.12/cpython
/usr/bin/install -c -m 644 ./Include/cpython/weakrefobject.h /var/tmp/pgb-poc/prefix-python/include/python3.12/cpython
/usr/bin/install -c -m 644 ./Include/internal/pycore_abstract.h /var/tmp/pgb-poc/prefix-python/include/python3.12/internal
/usr/bin/install -c -m 644 ./Include/internal/pycore_asdl.h /var/tmp/pgb-poc/prefix-python/include/python3.12/internal
/usr/bin/install -c -m 644 ./Include/internal/pycore_ast.h /var/tmp/pgb-poc/prefix-python/include/python3.12/internal
/usr/bin/install -c -m 644 ./Include/internal/pycore_ast_state.h /var/tmp/pgb-poc/prefix-python/include/python3.12/internal
/usr/bin/install -c -m 644 ./Include/internal/pycore_atexit.h /var/tmp/pgb-poc/prefix-python/include/python3.12/internal
/usr/bin/install -c -m 644 ./Include/internal/pycore_atomic.h /var/tmp/pgb-poc/prefix-python/include/python3.12/internal
/usr/bin/install -c -m 644 ./Include/internal/pycore_atomic_funcs.h /var/tmp/pgb-poc/prefix-python/include/python3.12/internal
/usr/bin/install -c -m 644 ./Include/internal/pycore_bitutils.h /var/tmp/pgb-poc/prefix-python/include/python3.12/internal
/usr/bin/install -c -m 644 ./Include/internal/pycore_blocks_output_buffer.h /var/tmp/pgb-poc/prefix-python/include/python3.12/internal
/usr/bin/install -c -m 644 ./Include/internal/pycore_bytes_methods.h /var/tmp/pgb-poc/prefix-python/include/python3.12/internal
/usr/bin/install -c -m 644 ./Include/internal/pycore_bytesobject.h /var/tmp/pgb-poc/prefix-python/include/python3.12/internal
/usr/bin/install -c -m 644 ./Include/internal/pycore_call.h /var/tmp/pgb-poc/prefix-python/include/python3.12/internal
/usr/bin/install -c -m 644 ./Include/internal/pycore_ceval.h /var/tmp/pgb-poc/prefix-python/include/python3.12/internal
/usr/bin/install -c -m 644 ./Include/internal/pycore_ceval_state.h /var/tmp/pgb-poc/prefix-python/include/python3.12/internal
/usr/bin/install -c -m 644 ./Include/internal/pycore_code.h /var/tmp/pgb-poc/prefix-python/include/python3.12/internal
/usr/bin/install -c -m 644 ./Include/internal/pycore_compile.h /var/tmp/pgb-poc/prefix-python/include/python3.12/internal
/usr/bin/install -c -m 644 ./Include/internal/pycore_condvar.h /var/tmp/pgb-poc/prefix-python/include/python3.12/internal
/usr/bin/install -c -m 644 ./Include/internal/pycore_context.h /var/tmp/pgb-poc/prefix-python/include/python3.12/internal
/usr/bin/install -c -m 644 ./Include/internal/pycore_descrobject.h /var/tmp/pgb-poc/prefix-python/include/python3.12/internal
/usr/bin/install -c -m 644 ./Include/internal/pycore_dict.h /var/tmp/pgb-poc/prefix-python/include/python3.12/internal
/usr/bin/install -c -m 644 ./Include/internal/pycore_dict_state.h /var/tmp/pgb-poc/prefix-python/include/python3.12/internal
/usr/bin/install -c -m 644 ./Include/internal/pycore_dtoa.h /var/tmp/pgb-poc/prefix-python/include/python3.12/internal
/usr/bin/install -c -m 644 ./Include/internal/pycore_emscripten_signal.h /var/tmp/pgb-poc/prefix-python/include/python3.12/internal
/usr/bin/install -c -m 644 ./Include/internal/pycore_exceptions.h /var/tmp/pgb-poc/prefix-python/include/python3.12/internal
/usr/bin/install -c -m 644 ./Include/internal/pycore_faulthandler.h /var/tmp/pgb-poc/prefix-python/include/python3.12/internal
/usr/bin/install -c -m 644 ./Include/internal/pycore_fileutils.h /var/tmp/pgb-poc/prefix-python/include/python3.12/internal
/usr/bin/install -c -m 644 ./Include/internal/pycore_fileutils_windows.h /var/tmp/pgb-poc/prefix-python/include/python3.12/internal
/usr/bin/install -c -m 644 ./Include/internal/pycore_floatobject.h /var/tmp/pgb-poc/prefix-python/include/python3.12/internal
/usr/bin/install -c -m 644 ./Include/internal/pycore_flowgraph.h /var/tmp/pgb-poc/prefix-python/include/python3.12/internal
/usr/bin/install -c -m 644 ./Include/internal/pycore_format.h /var/tmp/pgb-poc/prefix-python/include/python3.12/internal
/usr/bin/install -c -m 644 ./Include/internal/pycore_frame.h /var/tmp/pgb-poc/prefix-python/include/python3.12/internal
/usr/bin/install -c -m 644 ./Include/internal/pycore_function.h /var/tmp/pgb-poc/prefix-python/include/python3.12/internal
/usr/bin/install -c -m 644 ./Include/internal/pycore_gc.h /var/tmp/pgb-poc/prefix-python/include/python3.12/internal
/usr/bin/install -c -m 644 ./Include/internal/pycore_genobject.h /var/tmp/pgb-poc/prefix-python/include/python3.12/internal
/usr/bin/install -c -m 644 ./Include/internal/pycore_getopt.h /var/tmp/pgb-poc/prefix-python/include/python3.12/internal
/usr/bin/install -c -m 644 ./Include/internal/pycore_gil.h /var/tmp/pgb-poc/prefix-python/include/python3.12/internal
/usr/bin/install -c -m 644 ./Include/internal/pycore_global_objects.h /var/tmp/pgb-poc/prefix-python/include/python3.12/internal
/usr/bin/install -c -m 644 ./Include/internal/pycore_global_objects_fini_generated.h /var/tmp/pgb-poc/prefix-python/include/python3.12/internal
/usr/bin/install -c -m 644 ./Include/internal/pycore_global_strings.h /var/tmp/pgb-poc/prefix-python/include/python3.12/internal
/usr/bin/install -c -m 644 ./Include/internal/pycore_hamt.h /var/tmp/pgb-poc/prefix-python/include/python3.12/internal
/usr/bin/install -c -m 644 ./Include/internal/pycore_hashtable.h /var/tmp/pgb-poc/prefix-python/include/python3.12/internal
/usr/bin/install -c -m 644 ./Include/internal/pycore_import.h /var/tmp/pgb-poc/prefix-python/include/python3.12/internal
/usr/bin/install -c -m 644 ./Include/internal/pycore_initconfig.h /var/tmp/pgb-poc/prefix-python/include/python3.12/internal
/usr/bin/install -c -m 644 ./Include/internal/pycore_instruments.h /var/tmp/pgb-poc/prefix-python/include/python3.12/internal
/usr/bin/install -c -m 644 ./Include/internal/pycore_interp.h /var/tmp/pgb-poc/prefix-python/include/python3.12/internal
/usr/bin/install -c -m 644 ./Include/internal/pycore_intrinsics.h /var/tmp/pgb-poc/prefix-python/include/python3.12/internal
/usr/bin/install -c -m 644 ./Include/internal/pycore_list.h /var/tmp/pgb-poc/prefix-python/include/python3.12/internal
/usr/bin/install -c -m 644 ./Include/internal/pycore_long.h /var/tmp/pgb-poc/prefix-python/include/python3.12/internal
/usr/bin/install -c -m 644 ./Include/internal/pycore_memoryobject.h /var/tmp/pgb-poc/prefix-python/include/python3.12/internal
/usr/bin/install -c -m 644 ./Include/internal/pycore_moduleobject.h /var/tmp/pgb-poc/prefix-python/include/python3.12/internal
/usr/bin/install -c -m 644 ./Include/internal/pycore_namespace.h /var/tmp/pgb-poc/prefix-python/include/python3.12/internal
/usr/bin/install -c -m 644 ./Include/internal/pycore_object.h /var/tmp/pgb-poc/prefix-python/include/python3.12/internal
/usr/bin/install -c -m 644 ./Include/internal/pycore_object_state.h /var/tmp/pgb-poc/prefix-python/include/python3.12/internal
/usr/bin/install -c -m 644 ./Include/internal/pycore_obmalloc.h /var/tmp/pgb-poc/prefix-python/include/python3.12/internal
/usr/bin/install -c -m 644 ./Include/internal/pycore_obmalloc_init.h /var/tmp/pgb-poc/prefix-python/include/python3.12/internal
/usr/bin/install -c -m 644 ./Include/internal/pycore_opcode.h /var/tmp/pgb-poc/prefix-python/include/python3.12/internal
/usr/bin/install -c -m 644 ./Include/internal/pycore_opcode_utils.h /var/tmp/pgb-poc/prefix-python/include/python3.12/internal
/usr/bin/install -c -m 644 ./Include/internal/pycore_parser.h /var/tmp/pgb-poc/prefix-python/include/python3.12/internal
/usr/bin/install -c -m 644 ./Include/internal/pycore_pathconfig.h /var/tmp/pgb-poc/prefix-python/include/python3.12/internal
/usr/bin/install -c -m 644 ./Include/internal/pycore_pyarena.h /var/tmp/pgb-poc/prefix-python/include/python3.12/internal
/usr/bin/install -c -m 644 ./Include/internal/pycore_pyerrors.h /var/tmp/pgb-poc/prefix-python/include/python3.12/internal
/usr/bin/install -c -m 644 ./Include/internal/pycore_pyhash.h /var/tmp/pgb-poc/prefix-python/include/python3.12/internal
/usr/bin/install -c -m 644 ./Include/internal/pycore_pylifecycle.h /var/tmp/pgb-poc/prefix-python/include/python3.12/internal
/usr/bin/install -c -m 644 ./Include/internal/pycore_pymath.h /var/tmp/pgb-poc/prefix-python/include/python3.12/internal
/usr/bin/install -c -m 644 ./Include/internal/pycore_pymem.h /var/tmp/pgb-poc/prefix-python/include/python3.12/internal
/usr/bin/install -c -m 644 ./Include/internal/pycore_pymem_init.h /var/tmp/pgb-poc/prefix-python/include/python3.12/internal
/usr/bin/install -c -m 644 ./Include/internal/pycore_pystate.h /var/tmp/pgb-poc/prefix-python/include/python3.12/internal
/usr/bin/install -c -m 644 ./Include/internal/pycore_pythread.h /var/tmp/pgb-poc/prefix-python/include/python3.12/internal
/usr/bin/install -c -m 644 ./Include/internal/pycore_range.h /var/tmp/pgb-poc/prefix-python/include/python3.12/internal
/usr/bin/install -c -m 644 ./Include/internal/pycore_runtime.h /var/tmp/pgb-poc/prefix-python/include/python3.12/internal
/usr/bin/install -c -m 644 ./Include/internal/pycore_runtime_init.h /var/tmp/pgb-poc/prefix-python/include/python3.12/internal
/usr/bin/install -c -m 644 ./Include/internal/pycore_runtime_init_generated.h /var/tmp/pgb-poc/prefix-python/include/python3.12/internal
/usr/bin/install -c -m 644 ./Include/internal/pycore_signal.h /var/tmp/pgb-poc/prefix-python/include/python3.12/internal
/usr/bin/install -c -m 644 ./Include/internal/pycore_sliceobject.h /var/tmp/pgb-poc/prefix-python/include/python3.12/internal
/usr/bin/install -c -m 644 ./Include/internal/pycore_strhex.h /var/tmp/pgb-poc/prefix-python/include/python3.12/internal
/usr/bin/install -c -m 644 ./Include/internal/pycore_structseq.h /var/tmp/pgb-poc/prefix-python/include/python3.12/internal
/usr/bin/install -c -m 644 ./Include/internal/pycore_symtable.h /var/tmp/pgb-poc/prefix-python/include/python3.12/internal
/usr/bin/install -c -m 644 ./Include/internal/pycore_sysmodule.h /var/tmp/pgb-poc/prefix-python/include/python3.12/internal
/usr/bin/install -c -m 644 ./Include/internal/pycore_time.h /var/tmp/pgb-poc/prefix-python/include/python3.12/internal
/usr/bin/install -c -m 644 ./Include/internal/pycore_token.h /var/tmp/pgb-poc/prefix-python/include/python3.12/internal
/usr/bin/install -c -m 644 ./Include/internal/pycore_traceback.h /var/tmp/pgb-poc/prefix-python/include/python3.12/internal
/usr/bin/install -c -m 644 ./Include/internal/pycore_tracemalloc.h /var/tmp/pgb-poc/prefix-python/include/python3.12/internal
/usr/bin/install -c -m 644 ./Include/internal/pycore_tuple.h /var/tmp/pgb-poc/prefix-python/include/python3.12/internal
/usr/bin/install -c -m 644 ./Include/internal/pycore_typeobject.h /var/tmp/pgb-poc/prefix-python/include/python3.12/internal
/usr/bin/install -c -m 644 ./Include/internal/pycore_typevarobject.h /var/tmp/pgb-poc/prefix-python/include/python3.12/internal
/usr/bin/install -c -m 644 ./Include/internal/pycore_ucnhash.h /var/tmp/pgb-poc/prefix-python/include/python3.12/internal
/usr/bin/install -c -m 644 ./Include/internal/pycore_unicodeobject.h /var/tmp/pgb-poc/prefix-python/include/python3.12/internal
/usr/bin/install -c -m 644 ./Include/internal/pycore_unicodeobject_generated.h /var/tmp/pgb-poc/prefix-python/include/python3.12/internal
/usr/bin/install -c -m 644 ./Include/internal/pycore_unionobject.h /var/tmp/pgb-poc/prefix-python/include/python3.12/internal
/usr/bin/install -c -m 644 ./Include/internal/pycore_warnings.h /var/tmp/pgb-poc/prefix-python/include/python3.12/internal
/usr/bin/install -c -m 644 pyconfig.h /var/tmp/pgb-poc/prefix-python/include/python3.12/pyconfig.h
Creating directory /var/tmp/pgb-poc/prefix-python/lib/python3.12/config-3.12-x86_64-linux-gnu
Creating directory /var/tmp/pgb-poc/prefix-python/lib/pkgconfig
/usr/bin/install -c -m 644 Modules/config.c /var/tmp/pgb-poc/prefix-python/lib/python3.12/config-3.12-x86_64-linux-gnu/config.c
/usr/bin/install -c -m 644 ./Modules/config.c.in /var/tmp/pgb-poc/prefix-python/lib/python3.12/config-3.12-x86_64-linux-gnu/config.c.in
/usr/bin/install -c -m 644 Makefile /var/tmp/pgb-poc/prefix-python/lib/python3.12/config-3.12-x86_64-linux-gnu/Makefile
/usr/bin/install -c -m 644 ./Modules/Setup /var/tmp/pgb-poc/prefix-python/lib/python3.12/config-3.12-x86_64-linux-gnu/Setup
/usr/bin/install -c -m 644 Modules/Setup.bootstrap /var/tmp/pgb-poc/prefix-python/lib/python3.12/config-3.12-x86_64-linux-gnu/Setup.bootstrap
/usr/bin/install -c -m 644 Modules/Setup.stdlib /var/tmp/pgb-poc/prefix-python/lib/python3.12/config-3.12-x86_64-linux-gnu/Setup.stdlib
/usr/bin/install -c -m 644 Modules/Setup.local /var/tmp/pgb-poc/prefix-python/lib/python3.12/config-3.12-x86_64-linux-gnu/Setup.local
/usr/bin/install -c -m 644 Misc/python.pc /var/tmp/pgb-poc/prefix-python/lib/pkgconfig/python-3.12.pc
/usr/bin/install -c -m 644 Misc/python-embed.pc /var/tmp/pgb-poc/prefix-python/lib/pkgconfig/python-3.12-embed.pc
/usr/bin/install -c ./Modules/makesetup /var/tmp/pgb-poc/prefix-python/lib/python3.12/config-3.12-x86_64-linux-gnu/makesetup
/usr/bin/install -c ./install-sh /var/tmp/pgb-poc/prefix-python/lib/python3.12/config-3.12-x86_64-linux-gnu/install-sh
/usr/bin/install -c python-config.py /var/tmp/pgb-poc/prefix-python/lib/python3.12/config-3.12-x86_64-linux-gnu/python-config.py
/usr/bin/install -c python-config /var/tmp/pgb-poc/prefix-python/bin/python3.12-config
/usr/bin/install -c build/scripts-3.12/2to3-3.12 /var/tmp/pgb-poc/prefix-python/bin/2to3-3.12
/usr/bin/install -c build/scripts-3.12/idle3.12 /var/tmp/pgb-poc/prefix-python/bin/idle3.12
/usr/bin/install -c build/scripts-3.12/pydoc3.12 /var/tmp/pgb-poc/prefix-python/bin/pydoc3.12
Creating directory /var/tmp/pgb-poc/prefix-python/lib/python3.12/lib-dynload
Creating directory /var/tmp/pgb-poc/prefix-python/share/man
Creating directory /var/tmp/pgb-poc/prefix-python/share/man/man1
/usr/bin/install -c -m 644 ./Misc/python.man \
	/var/tmp/pgb-poc/prefix-python/share/man/man1/python3.12.1
if test ! -d /var/tmp/pgb-poc/prefix-python/lib/pkgconfig; then \
	echo "Creating directory /var/tmp/pgb-poc/prefix-python/lib/pkgconfig"; \
	/usr/bin/install -c -d -m 755 /var/tmp/pgb-poc/prefix-python/lib/pkgconfig; \
fi
if test -f /var/tmp/pgb-poc/prefix-python/bin/python3 -o -h /var/tmp/pgb-poc/prefix-python/bin/python3; \
then rm -f /var/tmp/pgb-poc/prefix-python/bin/python3; \
else true; \
fi
(cd /var/tmp/pgb-poc/prefix-python/bin; ln -s python3.12 python3)
if test "3.12" != "3.12"; then \
	rm -f /var/tmp/pgb-poc/prefix-python/bin/python3.12-config; \
	(cd /var/tmp/pgb-poc/prefix-python/bin; ln -s python3.12-config python3.12-config); \
	rm -f /var/tmp/pgb-poc/prefix-python/lib/pkgconfig/python-3.12.pc; \
	(cd /var/tmp/pgb-poc/prefix-python/lib/pkgconfig; ln -s python-3.12.pc python-3.12.pc); \
	rm -f /var/tmp/pgb-poc/prefix-python/lib/pkgconfig/python-3.12-embed.pc; \
	(cd /var/tmp/pgb-poc/prefix-python/lib/pkgconfig; ln -s python-3.12-embed.pc python-3.12-embed.pc); \
fi
rm -f /var/tmp/pgb-poc/prefix-python/bin/python3-config
(cd /var/tmp/pgb-poc/prefix-python/bin; ln -s python3.12-config python3-config)
rm -f /var/tmp/pgb-poc/prefix-python/lib/pkgconfig/python3.pc
(cd /var/tmp/pgb-poc/prefix-python/lib/pkgconfig; ln -s python-3.12.pc python3.pc)
rm -f /var/tmp/pgb-poc/prefix-python/lib/pkgconfig/python3-embed.pc
(cd /var/tmp/pgb-poc/prefix-python/lib/pkgconfig; ln -s python-3.12-embed.pc python3-embed.pc)
rm -f /var/tmp/pgb-poc/prefix-python/bin/idle3
(cd /var/tmp/pgb-poc/prefix-python/bin; ln -s idle3.12 idle3)
rm -f /var/tmp/pgb-poc/prefix-python/bin/pydoc3
(cd /var/tmp/pgb-poc/prefix-python/bin; ln -s pydoc3.12 pydoc3)
rm -f /var/tmp/pgb-poc/prefix-python/bin/2to3
(cd /var/tmp/pgb-poc/prefix-python/bin; ln -s 2to3-3.12 2to3)
if test "x" != "x" ; then \
	rm -f /var/tmp/pgb-poc/prefix-python/bin/python3-32; \
	(cd /var/tmp/pgb-poc/prefix-python/bin; ln -s python3.12-32 python3-32) \
fi
if test "x" != "x" ; then \
	rm -f /var/tmp/pgb-poc/prefix-python/bin/python3-intel64; \
	(cd /var/tmp/pgb-poc/prefix-python/bin; ln -s python3.12-intel64 python3-intel64) \
fi
rm -f /var/tmp/pgb-poc/prefix-python/share/man/man1/python3.1
(cd /var/tmp/pgb-poc/prefix-python/share/man/man1; ln -s python3.12.1 python3.1)
if test "xno" != "xno"  ; then \
	case no in \
		upgrade) ensurepip="--upgrade" ;; \
		install|*) ensurepip="" ;; \
	esac; \
	 ./python -E -m ensurepip \
		$ensurepip --root=/ ; \
fi
