./Modules/makesetup -c ./Modules/config.c.in \
			-s Modules \
			Modules/Setup.local \
			Modules/Setup.stdlib \
			Modules/Setup.bootstrap \
			./Modules/Setup
maksetup: 'array' was handled by previous rule.
maksetup: '_asyncio' was handled by previous rule.
maksetup: '_bisect' was handled by previous rule.
maksetup: '_contextvars' was handled by previous rule.
maksetup: '_csv' was handled by previous rule.
maksetup: '_heapq' was handled by previous rule.
maksetup: '_json' was handled by previous rule.
maksetup: '_lsprof' was handled by previous rule.
maksetup: '_opcode' was handled by previous rule.
maksetup: '_pickle' was handled by previous rule.
maksetup: '_queue' was handled by previous rule.
maksetup: '_random' was handled by previous rule.
maksetup: '_struct' was handled by previous rule.
maksetup: '_xxsubinterpreters' was handled by previous rule.
maksetup: '_xxinterpchannels' was handled by previous rule.
maksetup: '_zoneinfo' was handled by previous rule.
maksetup: 'audioop' was handled by previous rule.
maksetup: 'math' was handled by previous rule.
maksetup: 'cmath' was handled by previous rule.
maksetup: '_statistics' was handled by previous rule.
maksetup: '_datetime' was handled by previous rule.
maksetup: '_decimal' was handled by previous rule.
maksetup: 'binascii' was handled by previous rule.
maksetup: 'zlib' was handled by previous rule.
maksetup: '_md5' was handled by previous rule.
maksetup: '_sha1' was handled by previous rule.
maksetup: '_sha2' was handled by previous rule.
maksetup: '_sha3' was handled by previous rule.
maksetup: '_blake2' was handled by previous rule.
maksetup: 'pyexpat' was handled by previous rule.
maksetup: '_elementtree' was handled by previous rule.
maksetup: '_codecs_cn' was handled by previous rule.
maksetup: '_codecs_hk' was handled by previous rule.
maksetup: '_codecs_iso2022' was handled by previous rule.
maksetup: '_codecs_jp' was handled by previous rule.
maksetup: '_codecs_kr' was handled by previous rule.
maksetup: '_codecs_tw' was handled by previous rule.
maksetup: '_multibytecodec' was handled by previous rule.
maksetup: 'unicodedata' was handled by previous rule.
maksetup: '_crypt' was handled by previous rule.
maksetup: 'fcntl' was handled by previous rule.
maksetup: 'grp' was handled by previous rule.
maksetup: 'mmap' was handled by previous rule.
maksetup: 'ossaudiodev' was handled by previous rule.
maksetup: '_posixsubprocess' was handled by previous rule.
maksetup: 'resource' was handled by previous rule.
maksetup: 'select' was handled by previous rule.
maksetup: '_socket' was handled by previous rule.
maksetup: 'spwd' was handled by previous rule.
maksetup: 'syslog' was handled by previous rule.
maksetup: 'termios' was handled by previous rule.
maksetup: '_posixshmem' was handled by previous rule.
maksetup: '_multiprocessing' was handled by previous rule.
maksetup: '_ctypes' was handled by previous rule.
maksetup: 'xxlimited' was handled by previous rule.
maksetup: 'xxlimited_35' was handled by previous rule.
The Makefile was updated, you may need to re-run make.
/root/.local/state/pgb/bin/cc -c -fno-strict-overflow -Wsign-compare -DNDEBUG -g -O3 -Wall    -std=c11 -Wextra -Wno-unused-parameter -Wno-missing-field-initializers -Wstrict-prototypes -Werror=implicit-function-declaration -fvisibility=hidden  -I./Include/internal  -I. -I./Include    -DPy_BUILD_CORE -o Programs/python.o ./Programs/python.c
/root/.local/state/pgb/bin/cc -c -fno-strict-overflow -Wsign-compare -DNDEBUG -g -O3 -Wall    -std=c11 -Wextra -Wno-unused-parameter -Wno-missing-field-initializers -Wstrict-prototypes -Werror=implicit-function-declaration -fvisibility=hidden  -I./Include/internal  -I. -I./Include    -DPy_BUILD_CORE -o Parser/token.o Parser/token.c
/root/.local/state/pgb/bin/cc -c -fno-strict-overflow -Wsign-compare -DNDEBUG -g -O3 -Wall    -std=c11 -Wextra -Wno-unused-parameter -Wno-missing-field-initializers -Wstrict-prototypes -Werror=implicit-function-declaration -fvisibility=hidden  -I./Include/internal  -I. -I./Include    -DPy_BUILD_CORE -o Parser/pegen.o Parser/pegen.c
/root/.local/state/pgb/bin/cc -c -fno-strict-overflow -Wsign-compare -DNDEBUG -g -O3 -Wall    -std=c11 -Wextra -Wno-unused-parameter -Wno-missing-field-initializers -Wstrict-prototypes -Werror=implicit-function-declaration -fvisibility=hidden  -I./Include/internal  -I. -I./Include    -DPy_BUILD_CORE -o Parser/pegen_errors.o Parser/pegen_errors.c
/root/.local/state/pgb/bin/cc -c -fno-strict-overflow -Wsign-compare -DNDEBUG -g -O3 -Wall    -std=c11 -Wextra -Wno-unused-parameter -Wno-missing-field-initializers -Wstrict-prototypes -Werror=implicit-function-declaration -fvisibility=hidden  -I./Include/internal  -I. -I./Include    -DPy_BUILD_CORE -o Parser/action_helpers.o Parser/action_helpers.c
/root/.local/state/pgb/bin/cc -c -fno-strict-overflow -Wsign-compare -DNDEBUG -g -O3 -Wall    -std=c11 -Wextra -Wno-unused-parameter -Wno-missing-field-initializers -Wstrict-prototypes -Werror=implicit-function-declaration -fvisibility=hidden  -I./Include/internal  -I. -I./Include    -DPy_BUILD_CORE -o Parser/parser.o Parser/parser.c
/root/.local/state/pgb/bin/cc -c -fno-strict-overflow -Wsign-compare -DNDEBUG -g -O3 -Wall    -std=c11 -Wextra -Wno-unused-parameter -Wno-missing-field-initializers -Wstrict-prototypes -Werror=implicit-function-declaration -fvisibility=hidden  -I./Include/internal  -I. -I./Include    -DPy_BUILD_CORE -o Parser/string_parser.o Parser/string_parser.c
/root/.local/state/pgb/bin/cc -c -fno-strict-overflow -Wsign-compare -DNDEBUG -g -O3 -Wall    -std=c11 -Wextra -Wno-unused-parameter -Wno-missing-field-initializers -Wstrict-prototypes -Werror=implicit-function-declaration -fvisibility=hidden  -I./Include/internal  -I. -I./Include    -DPy_BUILD_CORE -o Parser/peg_api.o Parser/peg_api.c
/root/.local/state/pgb/bin/cc -c -fno-strict-overflow -Wsign-compare -DNDEBUG -g -O3 -Wall    -std=c11 -Wextra -Wno-unused-parameter -Wno-missing-field-initializers -Wstrict-prototypes -Werror=implicit-function-declaration -fvisibility=hidden  -I./Include/internal  -I. -I./Include    -DPy_BUILD_CORE -o Parser/myreadline.o Parser/myreadline.c
/root/.local/state/pgb/bin/cc -c -fno-strict-overflow -Wsign-compare -DNDEBUG -g -O3 -Wall    -std=c11 -Wextra -Wno-unused-parameter -Wno-missing-field-initializers -Wstrict-prototypes -Werror=implicit-function-declaration -fvisibility=hidden  -I./Include/internal  -I. -I./Include    -DPy_BUILD_CORE -o Parser/tokenizer.o Parser/tokenizer.c
/root/.local/state/pgb/bin/cc -c -fno-strict-overflow -Wsign-compare -DNDEBUG -g -O3 -Wall    -std=c11 -Wextra -Wno-unused-parameter -Wno-missing-field-initializers -Wstrict-prototypes -Werror=implicit-function-declaration -fvisibility=hidden  -I./Include/internal  -I. -I./Include    -DPy_BUILD_CORE -o Objects/abstract.o Objects/abstract.c
/root/.local/state/pgb/bin/cc -c -fno-strict-overflow -Wsign-compare -DNDEBUG -g -O3 -Wall    -std=c11 -Wextra -Wno-unused-parameter -Wno-missing-field-initializers -Wstrict-prototypes -Werror=implicit-function-declaration -fvisibility=hidden  -I./Include/internal  -I. -I./Include    -DPy_BUILD_CORE -o Objects/boolobject.o Objects/boolobject.c
/root/.local/state/pgb/bin/cc -c -fno-strict-overflow -Wsign-compare -DNDEBUG -g -O3 -Wall    -std=c11 -Wextra -Wno-unused-parameter -Wno-missing-field-initializers -Wstrict-prototypes -Werror=implicit-function-declaration -fvisibility=hidden  -I./Include/internal  -I. -I./Include    -DPy_BUILD_CORE -o Objects/bytes_methods.o Objects/bytes_methods.c
/root/.local/state/pgb/bin/cc -c -fno-strict-overflow -Wsign-compare -DNDEBUG -g -O3 -Wall    -std=c11 -Wextra -Wno-unused-parameter -Wno-missing-field-initializers -Wstrict-prototypes -Werror=implicit-function-declaration -fvisibility=hidden  -I./Include/internal  -I. -I./Include    -DPy_BUILD_CORE -o Objects/bytearrayobject.o Objects/bytearrayobject.c
/root/.local/state/pgb/bin/cc -c -fno-strict-overflow -Wsign-compare -DNDEBUG -g -O3 -Wall    -std=c11 -Wextra -Wno-unused-parameter -Wno-missing-field-initializers -Wstrict-prototypes -Werror=implicit-function-declaration -fvisibility=hidden  -I./Include/internal  -I. -I./Include    -DPy_BUILD_CORE -o Objects/bytesobject.o Objects/bytesobject.c
/root/.local/state/pgb/bin/cc -c -fno-strict-overflow -Wsign-compare -DNDEBUG -g -O3 -Wall    -std=c11 -Wextra -Wno-unused-parameter -Wno-missing-field-initializers -Wstrict-prototypes -Werror=implicit-function-declaration -fvisibility=hidden  -I./Include/internal  -I. -I./Include    -DPy_BUILD_CORE -o Objects/call.o Objects/call.c
/root/.local/state/pgb/bin/cc -c -fno-strict-overflow -Wsign-compare -DNDEBUG -g -O3 -Wall    -std=c11 -Wextra -Wno-unused-parameter -Wno-missing-field-initializers -Wstrict-prototypes -Werror=implicit-function-declaration -fvisibility=hidden  -I./Include/internal  -I. -I./Include    -DPy_BUILD_CORE -o Objects/capsule.o Objects/capsule.c
/root/.local/state/pgb/bin/cc -c -fno-strict-overflow -Wsign-compare -DNDEBUG -g -O3 -Wall    -std=c11 -Wextra -Wno-unused-parameter -Wno-missing-field-initializers -Wstrict-prototypes -Werror=implicit-function-declaration -fvisibility=hidden  -I./Include/internal  -I. -I./Include    -DPy_BUILD_CORE -o Objects/cellobject.o Objects/cellobject.c
/root/.local/state/pgb/bin/cc -c -fno-strict-overflow -Wsign-compare -DNDEBUG -g -O3 -Wall    -std=c11 -Wextra -Wno-unused-parameter -Wno-missing-field-initializers -Wstrict-prototypes -Werror=implicit-function-declaration -fvisibility=hidden  -I./Include/internal  -I. -I./Include    -DPy_BUILD_CORE -o Objects/classobject.o Objects/classobject.c
/root/.local/state/pgb/bin/cc -c -fno-strict-overflow -Wsign-compare -DNDEBUG -g -O3 -Wall    -std=c11 -Wextra -Wno-unused-parameter -Wno-missing-field-initializers -Wstrict-prototypes -Werror=implicit-function-declaration -fvisibility=hidden  -I./Include/internal  -I. -I./Include    -DPy_BUILD_CORE -o Objects/codeobject.o Objects/codeobject.c
/root/.local/state/pgb/bin/cc -c -fno-strict-overflow -Wsign-compare -DNDEBUG -g -O3 -Wall    -std=c11 -Wextra -Wno-unused-parameter -Wno-missing-field-initializers -Wstrict-prototypes -Werror=implicit-function-declaration -fvisibility=hidden  -I./Include/internal  -I. -I./Include    -DPy_BUILD_CORE -o Objects/complexobject.o Objects/complexobject.c
/root/.local/state/pgb/bin/cc -c -fno-strict-overflow -Wsign-compare -DNDEBUG -g -O3 -Wall    -std=c11 -Wextra -Wno-unused-parameter -Wno-missing-field-initializers -Wstrict-prototypes -Werror=implicit-function-declaration -fvisibility=hidden  -I./Include/internal  -I. -I./Include    -DPy_BUILD_CORE -o Objects/descrobject.o Objects/descrobject.c
/root/.local/state/pgb/bin/cc -c -fno-strict-overflow -Wsign-compare -DNDEBUG -g -O3 -Wall    -std=c11 -Wextra -Wno-unused-parameter -Wno-missing-field-initializers -Wstrict-prototypes -Werror=implicit-function-declaration -fvisibility=hidden  -I./Include/internal  -I. -I./Include    -DPy_BUILD_CORE -o Objects/enumobject.o Objects/enumobject.c
/root/.local/state/pgb/bin/cc -c -fno-strict-overflow -Wsign-compare -DNDEBUG -g -O3 -Wall    -std=c11 -Wextra -Wno-unused-parameter -Wno-missing-field-initializers -Wstrict-prototypes -Werror=implicit-function-declaration -fvisibility=hidden  -I./Include/internal  -I. -I./Include    -DPy_BUILD_CORE -o Objects/exceptions.o Objects/exceptions.c
/root/.local/state/pgb/bin/cc -c -fno-strict-overflow -Wsign-compare -DNDEBUG -g -O3 -Wall    -std=c11 -Wextra -Wno-unused-parameter -Wno-missing-field-initializers -Wstrict-prototypes -Werror=implicit-function-declaration -fvisibility=hidden  -I./Include/internal  -I. -I./Include    -DPy_BUILD_CORE -o Objects/genericaliasobject.o Objects/genericaliasobject.c
/root/.local/state/pgb/bin/cc -c -fno-strict-overflow -Wsign-compare -DNDEBUG -g -O3 -Wall    -std=c11 -Wextra -Wno-unused-parameter -Wno-missing-field-initializers -Wstrict-prototypes -Werror=implicit-function-declaration -fvisibility=hidden  -I./Include/internal  -I. -I./Include    -DPy_BUILD_CORE -o Objects/genobject.o Objects/genobject.c
/root/.local/state/pgb/bin/cc -c -fno-strict-overflow -Wsign-compare -DNDEBUG -g -O3 -Wall    -std=c11 -Wextra -Wno-unused-parameter -Wno-missing-field-initializers -Wstrict-prototypes -Werror=implicit-function-declaration -fvisibility=hidden  -I./Include/internal  -I. -I./Include    -DPy_BUILD_CORE -o Objects/fileobject.o Objects/fileobject.c
/root/.local/state/pgb/bin/cc -c -fno-strict-overflow -Wsign-compare -DNDEBUG -g -O3 -Wall    -std=c11 -Wextra -Wno-unused-parameter -Wno-missing-field-initializers -Wstrict-prototypes -Werror=implicit-function-declaration -fvisibility=hidden  -I./Include/internal  -I. -I./Include    -DPy_BUILD_CORE -o Objects/floatobject.o Objects/floatobject.c
/root/.local/state/pgb/bin/cc -c -fno-strict-overflow -Wsign-compare -DNDEBUG -g -O3 -Wall    -std=c11 -Wextra -Wno-unused-parameter -Wno-missing-field-initializers -Wstrict-prototypes -Werror=implicit-function-declaration -fvisibility=hidden  -I./Include/internal  -I. -I./Include    -DPy_BUILD_CORE -o Objects/frameobject.o Objects/frameobject.c
/root/.local/state/pgb/bin/cc -c -fno-strict-overflow -Wsign-compare -DNDEBUG -g -O3 -Wall    -std=c11 -Wextra -Wno-unused-parameter -Wno-missing-field-initializers -Wstrict-prototypes -Werror=implicit-function-declaration -fvisibility=hidden  -I./Include/internal  -I. -I./Include    -DPy_BUILD_CORE -o Objects/funcobject.o Objects/funcobject.c
/root/.local/state/pgb/bin/cc -c -fno-strict-overflow -Wsign-compare -DNDEBUG -g -O3 -Wall    -std=c11 -Wextra -Wno-unused-parameter -Wno-missing-field-initializers -Wstrict-prototypes -Werror=implicit-function-declaration -fvisibility=hidden  -I./Include/internal  -I. -I./Include    -DPy_BUILD_CORE -o Objects/interpreteridobject.o Objects/interpreteridobject.c
/root/.local/state/pgb/bin/cc -c -fno-strict-overflow -Wsign-compare -DNDEBUG -g -O3 -Wall    -std=c11 -Wextra -Wno-unused-parameter -Wno-missing-field-initializers -Wstrict-prototypes -Werror=implicit-function-declaration -fvisibility=hidden  -I./Include/internal  -I. -I./Include    -DPy_BUILD_CORE -o Objects/iterobject.o Objects/iterobject.c
/root/.local/state/pgb/bin/cc -c -fno-strict-overflow -Wsign-compare -DNDEBUG -g -O3 -Wall    -std=c11 -Wextra -Wno-unused-parameter -Wno-missing-field-initializers -Wstrict-prototypes -Werror=implicit-function-declaration -fvisibility=hidden  -I./Include/internal  -I. -I./Include    -DPy_BUILD_CORE -o Objects/listobject.o Objects/listobject.c
/root/.local/state/pgb/bin/cc -c -fno-strict-overflow -Wsign-compare -DNDEBUG -g -O3 -Wall    -std=c11 -Wextra -Wno-unused-parameter -Wno-missing-field-initializers -Wstrict-prototypes -Werror=implicit-function-declaration -fvisibility=hidden  -I./Include/internal  -I. -I./Include    -DPy_BUILD_CORE -o Objects/longobject.o Objects/longobject.c
/root/.local/state/pgb/bin/cc -c -fno-strict-overflow -Wsign-compare -DNDEBUG -g -O3 -Wall    -std=c11 -Wextra -Wno-unused-parameter -Wno-missing-field-initializers -Wstrict-prototypes -Werror=implicit-function-declaration -fvisibility=hidden  -I./Include/internal  -I. -I./Include    -DPy_BUILD_CORE -o Objects/dictobject.o Objects/dictobject.c
/root/.local/state/pgb/bin/cc -c -fno-strict-overflow -Wsign-compare -DNDEBUG -g -O3 -Wall    -std=c11 -Wextra -Wno-unused-parameter -Wno-missing-field-initializers -Wstrict-prototypes -Werror=implicit-function-declaration -fvisibility=hidden  -I./Include/internal  -I. -I./Include    -DPy_BUILD_CORE -o Objects/odictobject.o Objects/odictobject.c
/root/.local/state/pgb/bin/cc -c -fno-strict-overflow -Wsign-compare -DNDEBUG -g -O3 -Wall    -std=c11 -Wextra -Wno-unused-parameter -Wno-missing-field-initializers -Wstrict-prototypes -Werror=implicit-function-declaration -fvisibility=hidden  -I./Include/internal  -I. -I./Include    -DPy_BUILD_CORE -o Objects/memoryobject.o Objects/memoryobject.c
/root/.local/state/pgb/bin/cc -c -fno-strict-overflow -Wsign-compare -DNDEBUG -g -O3 -Wall    -std=c11 -Wextra -Wno-unused-parameter -Wno-missing-field-initializers -Wstrict-prototypes -Werror=implicit-function-declaration -fvisibility=hidden  -I./Include/internal  -I. -I./Include    -DPy_BUILD_CORE -o Objects/methodobject.o Objects/methodobject.c
/root/.local/state/pgb/bin/cc -c -fno-strict-overflow -Wsign-compare -DNDEBUG -g -O3 -Wall    -std=c11 -Wextra -Wno-unused-parameter -Wno-missing-field-initializers -Wstrict-prototypes -Werror=implicit-function-declaration -fvisibility=hidden  -I./Include/internal  -I. -I./Include    -DPy_BUILD_CORE -o Objects/moduleobject.o Objects/moduleobject.c
/root/.local/state/pgb/bin/cc -c -fno-strict-overflow -Wsign-compare -DNDEBUG -g -O3 -Wall    -std=c11 -Wextra -Wno-unused-parameter -Wno-missing-field-initializers -Wstrict-prototypes -Werror=implicit-function-declaration -fvisibility=hidden  -I./Include/internal  -I. -I./Include    -DPy_BUILD_CORE -o Objects/namespaceobject.o Objects/namespaceobject.c
/root/.local/state/pgb/bin/cc -c -fno-strict-overflow -Wsign-compare -DNDEBUG -g -O3 -Wall    -std=c11 -Wextra -Wno-unused-parameter -Wno-missing-field-initializers -Wstrict-prototypes -Werror=implicit-function-declaration -fvisibility=hidden  -I./Include/internal  -I. -I./Include    -DPy_BUILD_CORE -o Objects/object.o Objects/object.c
/root/.local/state/pgb/bin/cc -c -fno-strict-overflow -Wsign-compare -DNDEBUG -g -O3 -Wall    -std=c11 -Wextra -Wno-unused-parameter -Wno-missing-field-initializers -Wstrict-prototypes -Werror=implicit-function-declaration -fvisibility=hidden  -I./Include/internal  -I. -I./Include    -DPy_BUILD_CORE -o Objects/obmalloc.o Objects/obmalloc.c
/root/.local/state/pgb/bin/cc -c -fno-strict-overflow -Wsign-compare -DNDEBUG -g -O3 -Wall    -std=c11 -Wextra -Wno-unused-parameter -Wno-missing-field-initializers -Wstrict-prototypes -Werror=implicit-function-declaration -fvisibility=hidden  -I./Include/internal  -I. -I./Include    -DPy_BUILD_CORE -o Objects/picklebufobject.o Objects/picklebufobject.c
/root/.local/state/pgb/bin/cc -c -fno-strict-overflow -Wsign-compare -DNDEBUG -g -O3 -Wall    -std=c11 -Wextra -Wno-unused-parameter -Wno-missing-field-initializers -Wstrict-prototypes -Werror=implicit-function-declaration -fvisibility=hidden  -I./Include/internal  -I. -I./Include    -DPy_BUILD_CORE -o Objects/rangeobject.o Objects/rangeobject.c
/root/.local/state/pgb/bin/cc -c -fno-strict-overflow -Wsign-compare -DNDEBUG -g -O3 -Wall    -std=c11 -Wextra -Wno-unused-parameter -Wno-missing-field-initializers -Wstrict-prototypes -Werror=implicit-function-declaration -fvisibility=hidden  -I./Include/internal  -I. -I./Include    -DPy_BUILD_CORE -o Objects/setobject.o Objects/setobject.c
/root/.local/state/pgb/bin/cc -c -fno-strict-overflow -Wsign-compare -DNDEBUG -g -O3 -Wall    -std=c11 -Wextra -Wno-unused-parameter -Wno-missing-field-initializers -Wstrict-prototypes -Werror=implicit-function-declaration -fvisibility=hidden  -I./Include/internal  -I. -I./Include    -DPy_BUILD_CORE -o Objects/sliceobject.o Objects/sliceobject.c
/root/.local/state/pgb/bin/cc -c -fno-strict-overflow -Wsign-compare -DNDEBUG -g -O3 -Wall    -std=c11 -Wextra -Wno-unused-parameter -Wno-missing-field-initializers -Wstrict-prototypes -Werror=implicit-function-declaration -fvisibility=hidden  -I./Include/internal  -I. -I./Include    -DPy_BUILD_CORE -o Objects/structseq.o Objects/structseq.c
/root/.local/state/pgb/bin/cc -c -fno-strict-overflow -Wsign-compare -DNDEBUG -g -O3 -Wall    -std=c11 -Wextra -Wno-unused-parameter -Wno-missing-field-initializers -Wstrict-prototypes -Werror=implicit-function-declaration -fvisibility=hidden  -I./Include/internal  -I. -I./Include    -DPy_BUILD_CORE -o Objects/tupleobject.o Objects/tupleobject.c
/root/.local/state/pgb/bin/cc -c -fno-strict-overflow -Wsign-compare -DNDEBUG -g -O3 -Wall    -std=c11 -Wextra -Wno-unused-parameter -Wno-missing-field-initializers -Wstrict-prototypes -Werror=implicit-function-declaration -fvisibility=hidden  -I./Include/internal  -I. -I./Include    -DPy_BUILD_CORE -o Objects/typeobject.o Objects/typeobject.c
/root/.local/state/pgb/bin/cc -c -fno-strict-overflow -Wsign-compare -DNDEBUG -g -O3 -Wall    -std=c11 -Wextra -Wno-unused-parameter -Wno-missing-field-initializers -Wstrict-prototypes -Werror=implicit-function-declaration -fvisibility=hidden  -I./Include/internal  -I. -I./Include    -DPy_BUILD_CORE -o Objects/typevarobject.o Objects/typevarobject.c
/root/.local/state/pgb/bin/cc -c -fno-strict-overflow -Wsign-compare -DNDEBUG -g -O3 -Wall    -std=c11 -Wextra -Wno-unused-parameter -Wno-missing-field-initializers -Wstrict-prototypes -Werror=implicit-function-declaration -fvisibility=hidden  -I./Include/internal  -I. -I./Include    -DPy_BUILD_CORE -o Objects/unicodeobject.o Objects/unicodeobject.c
/root/.local/state/pgb/bin/cc -c -fno-strict-overflow -Wsign-compare -DNDEBUG -g -O3 -Wall    -std=c11 -Wextra -Wno-unused-parameter -Wno-missing-field-initializers -Wstrict-prototypes -Werror=implicit-function-declaration -fvisibility=hidden  -I./Include/internal  -I. -I./Include    -DPy_BUILD_CORE -o Objects/unicodectype.o Objects/unicodectype.c
/root/.local/state/pgb/bin/cc -c -fno-strict-overflow -Wsign-compare -DNDEBUG -g -O3 -Wall    -std=c11 -Wextra -Wno-unused-parameter -Wno-missing-field-initializers -Wstrict-prototypes -Werror=implicit-function-declaration -fvisibility=hidden  -I./Include/internal  -I. -I./Include    -DPy_BUILD_CORE -o Objects/unionobject.o Objects/unionobject.c
/root/.local/state/pgb/bin/cc -c -fno-strict-overflow -Wsign-compare -DNDEBUG -g -O3 -Wall    -std=c11 -Wextra -Wno-unused-parameter -Wno-missing-field-initializers -Wstrict-prototypes -Werror=implicit-function-declaration -fvisibility=hidden  -I./Include/internal  -I. -I./Include    -DPy_BUILD_CORE -o Objects/weakrefobject.o Objects/weakrefobject.c
/root/.local/state/pgb/bin/cc -c -fno-strict-overflow -Wsign-compare -DNDEBUG -g -O3 -Wall    -std=c11 -Wextra -Wno-unused-parameter -Wno-missing-field-initializers -Wstrict-prototypes -Werror=implicit-function-declaration -fvisibility=hidden  -I./Include/internal  -I. -I./Include    -DPy_BUILD_CORE -o Python/asm_trampoline.o Python/asm_trampoline.S
/root/.local/state/pgb/bin/cc -c -fno-strict-overflow -Wsign-compare -DNDEBUG -g -O3 -Wall    -std=c11 -Wextra -Wno-unused-parameter -Wno-missing-field-initializers -Wstrict-prototypes -Werror=implicit-function-declaration -fvisibility=hidden  -I./Include/internal  -I. -I./Include    -DPy_BUILD_CORE -o Python/_warnings.o Python/_warnings.c
/root/.local/state/pgb/bin/cc -c -fno-strict-overflow -Wsign-compare -DNDEBUG -g -O3 -Wall    -std=c11 -Wextra -Wno-unused-parameter -Wno-missing-field-initializers -Wstrict-prototypes -Werror=implicit-function-declaration -fvisibility=hidden  -I./Include/internal  -I. -I./Include    -DPy_BUILD_CORE -o Python/Python-ast.o Python/Python-ast.c
/root/.local/state/pgb/bin/cc -c -fno-strict-overflow -Wsign-compare -DNDEBUG -g -O3 -Wall    -std=c11 -Wextra -Wno-unused-parameter -Wno-missing-field-initializers -Wstrict-prototypes -Werror=implicit-function-declaration -fvisibility=hidden  -I./Include/internal  -I. -I./Include    -DPy_BUILD_CORE -o Python/Python-tokenize.o Python/Python-tokenize.c
/root/.local/state/pgb/bin/cc -c -fno-strict-overflow -Wsign-compare -DNDEBUG -g -O3 -Wall    -std=c11 -Wextra -Wno-unused-parameter -Wno-missing-field-initializers -Wstrict-prototypes -Werror=implicit-function-declaration -fvisibility=hidden  -I./Include/internal  -I. -I./Include    -DPy_BUILD_CORE -o Python/asdl.o Python/asdl.c
/root/.local/state/pgb/bin/cc -c -fno-strict-overflow -Wsign-compare -DNDEBUG -g -O3 -Wall    -std=c11 -Wextra -Wno-unused-parameter -Wno-missing-field-initializers -Wstrict-prototypes -Werror=implicit-function-declaration -fvisibility=hidden  -I./Include/internal  -I. -I./Include    -DPy_BUILD_CORE -o Python/assemble.o Python/assemble.c
/root/.local/state/pgb/bin/cc -c -fno-strict-overflow -Wsign-compare -DNDEBUG -g -O3 -Wall    -std=c11 -Wextra -Wno-unused-parameter -Wno-missing-field-initializers -Wstrict-prototypes -Werror=implicit-function-declaration -fvisibility=hidden  -I./Include/internal  -I. -I./Include    -DPy_BUILD_CORE -o Python/ast.o Python/ast.c
/root/.local/state/pgb/bin/cc -c -fno-strict-overflow -Wsign-compare -DNDEBUG -g -O3 -Wall    -std=c11 -Wextra -Wno-unused-parameter -Wno-missing-field-initializers -Wstrict-prototypes -Werror=implicit-function-declaration -fvisibility=hidden  -I./Include/internal  -I. -I./Include    -DPy_BUILD_CORE -o Python/ast_opt.o Python/ast_opt.c
/root/.local/state/pgb/bin/cc -c -fno-strict-overflow -Wsign-compare -DNDEBUG -g -O3 -Wall    -std=c11 -Wextra -Wno-unused-parameter -Wno-missing-field-initializers -Wstrict-prototypes -Werror=implicit-function-declaration -fvisibility=hidden  -I./Include/internal  -I. -I./Include    -DPy_BUILD_CORE -o Python/ast_unparse.o Python/ast_unparse.c
/root/.local/state/pgb/bin/cc -c -fno-strict-overflow -Wsign-compare -DNDEBUG -g -O3 -Wall    -std=c11 -Wextra -Wno-unused-parameter -Wno-missing-field-initializers -Wstrict-prototypes -Werror=implicit-function-declaration -fvisibility=hidden  -I./Include/internal  -I. -I./Include    -DPy_BUILD_CORE -o Python/bltinmodule.o Python/bltinmodule.c
/root/.local/state/pgb/bin/cc -c -fno-strict-overflow -Wsign-compare -DNDEBUG -g -O3 -Wall    -std=c11 -Wextra -Wno-unused-parameter -Wno-missing-field-initializers -Wstrict-prototypes -Werror=implicit-function-declaration -fvisibility=hidden  -I./Include/internal  -I. -I./Include    -DPy_BUILD_CORE -o Python/ceval.o Python/ceval.c
/root/.local/state/pgb/bin/cc -c -fno-strict-overflow -Wsign-compare -DNDEBUG -g -O3 -Wall    -std=c11 -Wextra -Wno-unused-parameter -Wno-missing-field-initializers -Wstrict-prototypes -Werror=implicit-function-declaration -fvisibility=hidden  -I./Include/internal  -I. -I./Include    -DPy_BUILD_CORE -o Python/codecs.o Python/codecs.c
/root/.local/state/pgb/bin/cc -c -fno-strict-overflow -Wsign-compare -DNDEBUG -g -O3 -Wall    -std=c11 -Wextra -Wno-unused-parameter -Wno-missing-field-initializers -Wstrict-prototypes -Werror=implicit-function-declaration -fvisibility=hidden  -I./Include/internal  -I. -I./Include    -DPy_BUILD_CORE -o Python/compile.o Python/compile.c
/root/.local/state/pgb/bin/cc -c -fno-strict-overflow -Wsign-compare -DNDEBUG -g -O3 -Wall    -std=c11 -Wextra -Wno-unused-parameter -Wno-missing-field-initializers -Wstrict-prototypes -Werror=implicit-function-declaration -fvisibility=hidden  -I./Include/internal  -I. -I./Include    -DPy_BUILD_CORE -o Python/context.o Python/context.c
/root/.local/state/pgb/bin/cc -c -fno-strict-overflow -Wsign-compare -DNDEBUG -g -O3 -Wall    -std=c11 -Wextra -Wno-unused-parameter -Wno-missing-field-initializers -Wstrict-prototypes -Werror=implicit-function-declaration -fvisibility=hidden  -I./Include/internal  -I. -I./Include    -DPy_BUILD_CORE -o Python/dynamic_annotations.o Python/dynamic_annotations.c
/root/.local/state/pgb/bin/cc -c -fno-strict-overflow -Wsign-compare -DNDEBUG -g -O3 -Wall    -std=c11 -Wextra -Wno-unused-parameter -Wno-missing-field-initializers -Wstrict-prototypes -Werror=implicit-function-declaration -fvisibility=hidden  -I./Include/internal  -I. -I./Include    -DPy_BUILD_CORE -o Python/errors.o Python/errors.c
/root/.local/state/pgb/bin/cc -c -fno-strict-overflow -Wsign-compare -DNDEBUG -g -O3 -Wall    -std=c11 -Wextra -Wno-unused-parameter -Wno-missing-field-initializers -Wstrict-prototypes -Werror=implicit-function-declaration -fvisibility=hidden  -I./Include/internal  -I. -I./Include    -DPy_BUILD_CORE -o Python/flowgraph.o Python/flowgraph.c
/root/.local/state/pgb/bin/cc -c -fno-strict-overflow -Wsign-compare -DNDEBUG -g -O3 -Wall    -std=c11 -Wextra -Wno-unused-parameter -Wno-missing-field-initializers -Wstrict-prototypes -Werror=implicit-function-declaration -fvisibility=hidden  -I./Include/internal  -I. -I./Include    -DPy_BUILD_CORE -o Python/frame.o Python/frame.c
/root/.local/state/pgb/bin/cc -c -fno-strict-overflow -Wsign-compare -DNDEBUG -g -O3 -Wall    -std=c11 -Wextra -Wno-unused-parameter -Wno-missing-field-initializers -Wstrict-prototypes -Werror=implicit-function-declaration -fvisibility=hidden  -I./Include/internal  -I. -I./Include    -DPy_BUILD_CORE -o Python/frozenmain.o Python/frozenmain.c
/root/.local/state/pgb/bin/cc -c -fno-strict-overflow -Wsign-compare -DNDEBUG -g -O3 -Wall    -std=c11 -Wextra -Wno-unused-parameter -Wno-missing-field-initializers -Wstrict-prototypes -Werror=implicit-function-declaration -fvisibility=hidden  -I./Include/internal  -I. -I./Include    -DPy_BUILD_CORE -o Python/future.o Python/future.c
/root/.local/state/pgb/bin/cc -c -fno-strict-overflow -Wsign-compare -DNDEBUG -g -O3 -Wall    -std=c11 -Wextra -Wno-unused-parameter -Wno-missing-field-initializers -Wstrict-prototypes -Werror=implicit-function-declaration -fvisibility=hidden  -I./Include/internal  -I. -I./Include    -DPy_BUILD_CORE -o Python/getargs.o Python/getargs.c
/root/.local/state/pgb/bin/cc -c -fno-strict-overflow -Wsign-compare -DNDEBUG -g -O3 -Wall    -std=c11 -Wextra -Wno-unused-parameter -Wno-missing-field-initializers -Wstrict-prototypes -Werror=implicit-function-declaration -fvisibility=hidden  -I./Include/internal  -I. -I./Include    -DPy_BUILD_CORE -o Python/getcompiler.o Python/getcompiler.c
/root/.local/state/pgb/bin/cc -c -fno-strict-overflow -Wsign-compare -DNDEBUG -g -O3 -Wall    -std=c11 -Wextra -Wno-unused-parameter -Wno-missing-field-initializers -Wstrict-prototypes -Werror=implicit-function-declaration -fvisibility=hidden  -I./Include/internal  -I. -I./Include    -DPy_BUILD_CORE -o Python/getcopyright.o Python/getcopyright.c
/root/.local/state/pgb/bin/cc -c -fno-strict-overflow -Wsign-compare -DNDEBUG -g -O3 -Wall    -std=c11 -Wextra -Wno-unused-parameter -Wno-missing-field-initializers -Wstrict-prototypes -Werror=implicit-function-declaration -fvisibility=hidden  -I./Include/internal  -I. -I./Include    -DPy_BUILD_CORE -DPLATFORM='"linux"' -o Python/getplatform.o ./Python/getplatform.c
/root/.local/state/pgb/bin/cc -c -fno-strict-overflow -Wsign-compare -DNDEBUG -g -O3 -Wall    -std=c11 -Wextra -Wno-unused-parameter -Wno-missing-field-initializers -Wstrict-prototypes -Werror=implicit-function-declaration -fvisibility=hidden  -I./Include/internal  -I. -I./Include    -DPy_BUILD_CORE -o Python/getversion.o Python/getversion.c
/root/.local/state/pgb/bin/cc -c -fno-strict-overflow -Wsign-compare -DNDEBUG -g -O3 -Wall    -std=c11 -Wextra -Wno-unused-parameter -Wno-missing-field-initializers -Wstrict-prototypes -Werror=implicit-function-declaration -fvisibility=hidden  -I./Include/internal  -I. -I./Include    -DPy_BUILD_CORE -o Python/ceval_gil.o Python/ceval_gil.c
/root/.local/state/pgb/bin/cc -c -fno-strict-overflow -Wsign-compare -DNDEBUG -g -O3 -Wall    -std=c11 -Wextra -Wno-unused-parameter -Wno-missing-field-initializers -Wstrict-prototypes -Werror=implicit-function-declaration -fvisibility=hidden  -I./Include/internal  -I. -I./Include    -DPy_BUILD_CORE -o Python/hamt.o Python/hamt.c
/root/.local/state/pgb/bin/cc -c -fno-strict-overflow -Wsign-compare -DNDEBUG -g -O3 -Wall    -std=c11 -Wextra -Wno-unused-parameter -Wno-missing-field-initializers -Wstrict-prototypes -Werror=implicit-function-declaration -fvisibility=hidden  -I./Include/internal  -I. -I./Include    -DPy_BUILD_CORE -o Python/hashtable.o Python/hashtable.c
/root/.local/state/pgb/bin/cc -c -fno-strict-overflow -Wsign-compare -DNDEBUG -g -O3 -Wall    -std=c11 -Wextra -Wno-unused-parameter -Wno-missing-field-initializers -Wstrict-prototypes -Werror=implicit-function-declaration -fvisibility=hidden  -I./Include/internal  -I. -I./Include    -DPy_BUILD_CORE -o Python/import.o Python/import.c
/root/.local/state/pgb/bin/cc -c -fno-strict-overflow -Wsign-compare -DNDEBUG -g -O3 -Wall    -std=c11 -Wextra -Wno-unused-parameter -Wno-missing-field-initializers -Wstrict-prototypes -Werror=implicit-function-declaration -fvisibility=hidden  -I./Include/internal  -I. -I./Include    -DPy_BUILD_CORE -I. -o Python/importdl.o ./Python/importdl.c
/root/.local/state/pgb/bin/cc -c -fno-strict-overflow -Wsign-compare -DNDEBUG -g -O3 -Wall    -std=c11 -Wextra -Wno-unused-parameter -Wno-missing-field-initializers -Wstrict-prototypes -Werror=implicit-function-declaration -fvisibility=hidden  -I./Include/internal  -I. -I./Include    -DPy_BUILD_CORE -o Python/initconfig.o Python/initconfig.c
/root/.local/state/pgb/bin/cc -c -fno-strict-overflow -Wsign-compare -DNDEBUG -g -O3 -Wall    -std=c11 -Wextra -Wno-unused-parameter -Wno-missing-field-initializers -Wstrict-prototypes -Werror=implicit-function-declaration -fvisibility=hidden  -I./Include/internal  -I. -I./Include    -DPy_BUILD_CORE -o Python/instrumentation.o Python/instrumentation.c
/root/.local/state/pgb/bin/cc -c -fno-strict-overflow -Wsign-compare -DNDEBUG -g -O3 -Wall    -std=c11 -Wextra -Wno-unused-parameter -Wno-missing-field-initializers -Wstrict-prototypes -Werror=implicit-function-declaration -fvisibility=hidden  -I./Include/internal  -I. -I./Include    -DPy_BUILD_CORE -o Python/intrinsics.o Python/intrinsics.c
/root/.local/state/pgb/bin/cc -c -fno-strict-overflow -Wsign-compare -DNDEBUG -g -O3 -Wall    -std=c11 -Wextra -Wno-unused-parameter -Wno-missing-field-initializers -Wstrict-prototypes -Werror=implicit-function-declaration -fvisibility=hidden  -I./Include/internal  -I. -I./Include    -DPy_BUILD_CORE -o Python/legacy_tracing.o Python/legacy_tracing.c
/root/.local/state/pgb/bin/cc -c -fno-strict-overflow -Wsign-compare -DNDEBUG -g -O3 -Wall    -std=c11 -Wextra -Wno-unused-parameter -Wno-missing-field-initializers -Wstrict-prototypes -Werror=implicit-function-declaration -fvisibility=hidden  -I./Include/internal  -I. -I./Include    -DPy_BUILD_CORE -o Python/marshal.o Python/marshal.c
/root/.local/state/pgb/bin/cc -c -fno-strict-overflow -Wsign-compare -DNDEBUG -g -O3 -Wall    -std=c11 -Wextra -Wno-unused-parameter -Wno-missing-field-initializers -Wstrict-prototypes -Werror=implicit-function-declaration -fvisibility=hidden  -I./Include/internal  -I. -I./Include    -DPy_BUILD_CORE -o Python/modsupport.o Python/modsupport.c
/root/.local/state/pgb/bin/cc -c -fno-strict-overflow -Wsign-compare -DNDEBUG -g -O3 -Wall    -std=c11 -Wextra -Wno-unused-parameter -Wno-missing-field-initializers -Wstrict-prototypes -Werror=implicit-function-declaration -fvisibility=hidden  -I./Include/internal  -I. -I./Include    -DPy_BUILD_CORE -o Python/mysnprintf.o Python/mysnprintf.c
/root/.local/state/pgb/bin/cc -c -fno-strict-overflow -Wsign-compare -DNDEBUG -g -O3 -Wall    -std=c11 -Wextra -Wno-unused-parameter -Wno-missing-field-initializers -Wstrict-prototypes -Werror=implicit-function-declaration -fvisibility=hidden  -I./Include/internal  -I. -I./Include    -DPy_BUILD_CORE -o Python/mystrtoul.o Python/mystrtoul.c
/root/.local/state/pgb/bin/cc -c -fno-strict-overflow -Wsign-compare -DNDEBUG -g -O3 -Wall    -std=c11 -Wextra -Wno-unused-parameter -Wno-missing-field-initializers -Wstrict-prototypes -Werror=implicit-function-declaration -fvisibility=hidden  -I./Include/internal  -I. -I./Include    -DPy_BUILD_CORE -o Python/pathconfig.o Python/pathconfig.c
/root/.local/state/pgb/bin/cc -c -fno-strict-overflow -Wsign-compare -DNDEBUG -g -O3 -Wall    -std=c11 -Wextra -Wno-unused-parameter -Wno-missing-field-initializers -Wstrict-prototypes -Werror=implicit-function-declaration -fvisibility=hidden  -I./Include/internal  -I. -I./Include    -DPy_BUILD_CORE -o Python/preconfig.o Python/preconfig.c
/root/.local/state/pgb/bin/cc -c -fno-strict-overflow -Wsign-compare -DNDEBUG -g -O3 -Wall    -std=c11 -Wextra -Wno-unused-parameter -Wno-missing-field-initializers -Wstrict-prototypes -Werror=implicit-function-declaration -fvisibility=hidden  -I./Include/internal  -I. -I./Include    -DPy_BUILD_CORE -o Python/pyarena.o Python/pyarena.c
/root/.local/state/pgb/bin/cc -c -fno-strict-overflow -Wsign-compare -DNDEBUG -g -O3 -Wall    -std=c11 -Wextra -Wno-unused-parameter -Wno-missing-field-initializers -Wstrict-prototypes -Werror=implicit-function-declaration -fvisibility=hidden  -I./Include/internal  -I. -I./Include    -DPy_BUILD_CORE -o Python/pyctype.o Python/pyctype.c
/root/.local/state/pgb/bin/cc -c -fno-strict-overflow -Wsign-compare -DNDEBUG -g -O3 -Wall    -std=c11 -Wextra -Wno-unused-parameter -Wno-missing-field-initializers -Wstrict-prototypes -Werror=implicit-function-declaration -fvisibility=hidden  -I./Include/internal  -I. -I./Include    -DPy_BUILD_CORE -o Python/pyfpe.o Python/pyfpe.c
/root/.local/state/pgb/bin/cc -c -fno-strict-overflow -Wsign-compare -DNDEBUG -g -O3 -Wall    -std=c11 -Wextra -Wno-unused-parameter -Wno-missing-field-initializers -Wstrict-prototypes -Werror=implicit-function-declaration -fvisibility=hidden  -I./Include/internal  -I. -I./Include    -DPy_BUILD_CORE -o Python/pyhash.o Python/pyhash.c
/root/.local/state/pgb/bin/cc -c -fno-strict-overflow -Wsign-compare -DNDEBUG -g -O3 -Wall    -std=c11 -Wextra -Wno-unused-parameter -Wno-missing-field-initializers -Wstrict-prototypes -Werror=implicit-function-declaration -fvisibility=hidden  -I./Include/internal  -I. -I./Include    -DPy_BUILD_CORE -o Python/pylifecycle.o Python/pylifecycle.c
/root/.local/state/pgb/bin/cc -c -fno-strict-overflow -Wsign-compare -DNDEBUG -g -O3 -Wall    -std=c11 -Wextra -Wno-unused-parameter -Wno-missing-field-initializers -Wstrict-prototypes -Werror=implicit-function-declaration -fvisibility=hidden  -I./Include/internal  -I. -I./Include    -DPy_BUILD_CORE -o Python/pymath.o Python/pymath.c
/root/.local/state/pgb/bin/cc -c -fno-strict-overflow -Wsign-compare -DNDEBUG -g -O3 -Wall    -std=c11 -Wextra -Wno-unused-parameter -Wno-missing-field-initializers -Wstrict-prototypes -Werror=implicit-function-declaration -fvisibility=hidden  -I./Include/internal  -I. -I./Include    -DPy_BUILD_CORE -o Python/pystate.o Python/pystate.c
/root/.local/state/pgb/bin/cc -c -fno-strict-overflow -Wsign-compare -DNDEBUG -g -O3 -Wall    -std=c11 -Wextra -Wno-unused-parameter -Wno-missing-field-initializers -Wstrict-prototypes -Werror=implicit-function-declaration -fvisibility=hidden  -I./Include/internal  -I. -I./Include    -DPy_BUILD_CORE -o Python/pythonrun.o Python/pythonrun.c
/root/.local/state/pgb/bin/cc -c -fno-strict-overflow -Wsign-compare -DNDEBUG -g -O3 -Wall    -std=c11 -Wextra -Wno-unused-parameter -Wno-missing-field-initializers -Wstrict-prototypes -Werror=implicit-function-declaration -fvisibility=hidden  -I./Include/internal  -I. -I./Include    -DPy_BUILD_CORE -o Python/pytime.o Python/pytime.c
/root/.local/state/pgb/bin/cc -c -fno-strict-overflow -Wsign-compare -DNDEBUG -g -O3 -Wall    -std=c11 -Wextra -Wno-unused-parameter -Wno-missing-field-initializers -Wstrict-prototypes -Werror=implicit-function-declaration -fvisibility=hidden  -I./Include/internal  -I. -I./Include    -DPy_BUILD_CORE -o Python/bootstrap_hash.o Python/bootstrap_hash.c
/root/.local/state/pgb/bin/cc -c -fno-strict-overflow -Wsign-compare -DNDEBUG -g -O3 -Wall    -std=c11 -Wextra -Wno-unused-parameter -Wno-missing-field-initializers -Wstrict-prototypes -Werror=implicit-function-declaration -fvisibility=hidden  -I./Include/internal  -I. -I./Include    -DPy_BUILD_CORE -o Python/specialize.o Python/specialize.c
/root/.local/state/pgb/bin/cc -c -fno-strict-overflow -Wsign-compare -DNDEBUG -g -O3 -Wall    -std=c11 -Wextra -Wno-unused-parameter -Wno-missing-field-initializers -Wstrict-prototypes -Werror=implicit-function-declaration -fvisibility=hidden  -I./Include/internal  -I. -I./Include    -DPy_BUILD_CORE -o Python/structmember.o Python/structmember.c
/root/.local/state/pgb/bin/cc -c -fno-strict-overflow -Wsign-compare -DNDEBUG -g -O3 -Wall    -std=c11 -Wextra -Wno-unused-parameter -Wno-missing-field-initializers -Wstrict-prototypes -Werror=implicit-function-declaration -fvisibility=hidden  -I./Include/internal  -I. -I./Include    -DPy_BUILD_CORE -o Python/symtable.o Python/symtable.c
/root/.local/state/pgb/bin/cc -c -fno-strict-overflow -Wsign-compare -DNDEBUG -g -O3 -Wall    -std=c11 -Wextra -Wno-unused-parameter -Wno-missing-field-initializers -Wstrict-prototypes -Werror=implicit-function-declaration -fvisibility=hidden  -I./Include/internal  -I. -I./Include    -DPy_BUILD_CORE \
	-DABIFLAGS='""' \
	-DMULTIARCH=\"x86_64-linux-gnu\" \
	-o Python/sysmodule.o ./Python/sysmodule.c
/root/.local/state/pgb/bin/cc -c -fno-strict-overflow -Wsign-compare -DNDEBUG -g -O3 -Wall    -std=c11 -Wextra -Wno-unused-parameter -Wno-missing-field-initializers -Wstrict-prototypes -Werror=implicit-function-declaration -fvisibility=hidden  -I./Include/internal  -I. -I./Include    -DPy_BUILD_CORE -o Python/thread.o Python/thread.c
/root/.local/state/pgb/bin/cc -c -fno-strict-overflow -Wsign-compare -DNDEBUG -g -O3 -Wall    -std=c11 -Wextra -Wno-unused-parameter -Wno-missing-field-initializers -Wstrict-prototypes -Werror=implicit-function-declaration -fvisibility=hidden  -I./Include/internal  -I. -I./Include    -DPy_BUILD_CORE -o Python/traceback.o Python/traceback.c
/root/.local/state/pgb/bin/cc -c -fno-strict-overflow -Wsign-compare -DNDEBUG -g -O3 -Wall    -std=c11 -Wextra -Wno-unused-parameter -Wno-missing-field-initializers -Wstrict-prototypes -Werror=implicit-function-declaration -fvisibility=hidden  -I./Include/internal  -I. -I./Include    -DPy_BUILD_CORE -o Python/tracemalloc.o Python/tracemalloc.c
/root/.local/state/pgb/bin/cc -c -fno-strict-overflow -Wsign-compare -DNDEBUG -g -O3 -Wall    -std=c11 -Wextra -Wno-unused-parameter -Wno-missing-field-initializers -Wstrict-prototypes -Werror=implicit-function-declaration -fvisibility=hidden  -I./Include/internal  -I. -I./Include    -DPy_BUILD_CORE -o Python/getopt.o Python/getopt.c
/root/.local/state/pgb/bin/cc -c -fno-strict-overflow -Wsign-compare -DNDEBUG -g -O3 -Wall    -std=c11 -Wextra -Wno-unused-parameter -Wno-missing-field-initializers -Wstrict-prototypes -Werror=implicit-function-declaration -fvisibility=hidden  -I./Include/internal  -I. -I./Include    -DPy_BUILD_CORE -o Python/pystrcmp.o Python/pystrcmp.c
/root/.local/state/pgb/bin/cc -c -fno-strict-overflow -Wsign-compare -DNDEBUG -g -O3 -Wall    -std=c11 -Wextra -Wno-unused-parameter -Wno-missing-field-initializers -Wstrict-prototypes -Werror=implicit-function-declaration -fvisibility=hidden  -I./Include/internal  -I. -I./Include    -DPy_BUILD_CORE -o Python/pystrtod.o Python/pystrtod.c
/root/.local/state/pgb/bin/cc -c -fno-strict-overflow -Wsign-compare -DNDEBUG -g -O3 -Wall    -std=c11 -Wextra -Wno-unused-parameter -Wno-missing-field-initializers -Wstrict-prototypes -Werror=implicit-function-declaration -fvisibility=hidden  -I./Include/internal  -I. -I./Include    -DPy_BUILD_CORE -o Python/pystrhex.o Python/pystrhex.c
/root/.local/state/pgb/bin/cc -c -fno-strict-overflow -Wsign-compare -DNDEBUG -g -O3 -Wall    -std=c11 -Wextra -Wno-unused-parameter -Wno-missing-field-initializers -Wstrict-prototypes -Werror=implicit-function-declaration -fvisibility=hidden  -I./Include/internal  -I. -I./Include    -DPy_BUILD_CORE  -o Python/dtoa.o Python/dtoa.c
/root/.local/state/pgb/bin/cc -c -fno-strict-overflow -Wsign-compare -DNDEBUG -g -O3 -Wall    -std=c11 -Wextra -Wno-unused-parameter -Wno-missing-field-initializers -Wstrict-prototypes -Werror=implicit-function-declaration -fvisibility=hidden  -I./Include/internal  -I. -I./Include    -DPy_BUILD_CORE -o Python/formatter_unicode.o Python/formatter_unicode.c
/root/.local/state/pgb/bin/cc -c -fno-strict-overflow -Wsign-compare -DNDEBUG -g -O3 -Wall    -std=c11 -Wextra -Wno-unused-parameter -Wno-missing-field-initializers -Wstrict-prototypes -Werror=implicit-function-declaration -fvisibility=hidden  -I./Include/internal  -I. -I./Include    -DPy_BUILD_CORE -o Python/fileutils.o Python/fileutils.c
/root/.local/state/pgb/bin/cc -c -fno-strict-overflow -Wsign-compare -DNDEBUG -g -O3 -Wall    -std=c11 -Wextra -Wno-unused-parameter -Wno-missing-field-initializers -Wstrict-prototypes -Werror=implicit-function-declaration -fvisibility=hidden  -I./Include/internal  -I. -I./Include    -DPy_BUILD_CORE -o Python/suggestions.o Python/suggestions.c
/root/.local/state/pgb/bin/cc -c -fno-strict-overflow -Wsign-compare -DNDEBUG -g -O3 -Wall    -std=c11 -Wextra -Wno-unused-parameter -Wno-missing-field-initializers -Wstrict-prototypes -Werror=implicit-function-declaration -fvisibility=hidden  -I./Include/internal  -I. -I./Include    -DPy_BUILD_CORE -o Python/perf_trampoline.o Python/perf_trampoline.c
/root/.local/state/pgb/bin/cc -c -fno-strict-overflow -Wsign-compare -DNDEBUG -g -O3 -Wall    -std=c11 -Wextra -Wno-unused-parameter -Wno-missing-field-initializers -Wstrict-prototypes -Werror=implicit-function-declaration -fvisibility=hidden  -I./Include/internal  -I. -I./Include    -DPy_BUILD_CORE \
	-DSOABI='"cpython-312-x86_64-linux-gnu"' \
	-o Python/dynload_shlib.o ./Python/dynload_shlib.c
/root/.local/state/pgb/bin/cc -c -fno-strict-overflow -Wsign-compare -DNDEBUG -g -O3 -Wall    -std=c11 -Wextra -Wno-unused-parameter -Wno-missing-field-initializers -Wstrict-prototypes -Werror=implicit-function-declaration -fvisibility=hidden  -I./Include/internal  -I. -I./Include    -DPy_BUILD_CORE -o Modules/config.o Modules/config.c
/root/.local/state/pgb/bin/cc -c -fno-strict-overflow -Wsign-compare -DNDEBUG -g -O3 -Wall    -std=c11 -Wextra -Wno-unused-parameter -Wno-missing-field-initializers -Wstrict-prototypes -Werror=implicit-function-declaration -fvisibility=hidden  -I./Include/internal  -I. -I./Include    -DPy_BUILD_CORE -o Modules/main.o Modules/main.c
/root/.local/state/pgb/bin/cc -c -fno-strict-overflow -Wsign-compare -DNDEBUG -g -O3 -Wall    -std=c11 -Wextra -Wno-unused-parameter -Wno-missing-field-initializers -Wstrict-prototypes -Werror=implicit-function-declaration -fvisibility=hidden  -I./Include/internal  -I. -I./Include    -DPy_BUILD_CORE -o Modules/gcmodule.o Modules/gcmodule.c
/root/.local/state/pgb/bin/cc  -fno-strict-overflow -Wsign-compare -DNDEBUG -g -O3 -Wall    -std=c11 -Wextra -Wno-unused-parameter -Wno-missing-field-initializers -Wstrict-prototypes -Werror=implicit-function-declaration -fvisibility=hidden  -I./Include/internal  -I. -I./Include    -DPy_BUILD_CORE_BUILTIN -c ./Modules/arraymodule.c -o Modules/arraymodule.o
/root/.local/state/pgb/bin/cc  -fno-strict-overflow -Wsign-compare -DNDEBUG -g -O3 -Wall    -std=c11 -Wextra -Wno-unused-parameter -Wno-missing-field-initializers -Wstrict-prototypes -Werror=implicit-function-declaration -fvisibility=hidden  -I./Include/internal  -I. -I./Include    -DPy_BUILD_CORE_BUILTIN -c ./Modules/_asynciomodule.c -o Modules/_asynciomodule.o
/root/.local/state/pgb/bin/cc  -fno-strict-overflow -Wsign-compare -DNDEBUG -g -O3 -Wall    -std=c11 -Wextra -Wno-unused-parameter -Wno-missing-field-initializers -Wstrict-prototypes -Werror=implicit-function-declaration -fvisibility=hidden  -I./Include/internal  -I. -I./Include    -DPy_BUILD_CORE_BUILTIN -c ./Modules/_bisectmodule.c -o Modules/_bisectmodule.o
/root/.local/state/pgb/bin/cc  -fno-strict-overflow -Wsign-compare -DNDEBUG -g -O3 -Wall    -std=c11 -Wextra -Wno-unused-parameter -Wno-missing-field-initializers -Wstrict-prototypes -Werror=implicit-function-declaration -fvisibility=hidden  -I./Include/internal  -I. -I./Include    -DPy_BUILD_CORE_BUILTIN -c ./Modules/_contextvarsmodule.c -o Modules/_contextvarsmodule.o
/root/.local/state/pgb/bin/cc  -fno-strict-overflow -Wsign-compare -DNDEBUG -g -O3 -Wall    -std=c11 -Wextra -Wno-unused-parameter -Wno-missing-field-initializers -Wstrict-prototypes -Werror=implicit-function-declaration -fvisibility=hidden  -I./Include/internal  -I. -I./Include    -DPy_BUILD_CORE_BUILTIN -c ./Modules/_csv.c -o Modules/_csv.o
/root/.local/state/pgb/bin/cc  -fno-strict-overflow -Wsign-compare -DNDEBUG -g -O3 -Wall    -std=c11 -Wextra -Wno-unused-parameter -Wno-missing-field-initializers -Wstrict-prototypes -Werror=implicit-function-declaration -fvisibility=hidden  -I./Include/internal  -I. -I./Include    -DPy_BUILD_CORE_BUILTIN -c ./Modules/_heapqmodule.c -o Modules/_heapqmodule.o
/root/.local/state/pgb/bin/cc  -fno-strict-overflow -Wsign-compare -DNDEBUG -g -O3 -Wall    -std=c11 -Wextra -Wno-unused-parameter -Wno-missing-field-initializers -Wstrict-prototypes -Werror=implicit-function-declaration -fvisibility=hidden  -I./Include/internal  -I. -I./Include    -DPy_BUILD_CORE_BUILTIN -c ./Modules/_json.c -o Modules/_json.o
/root/.local/state/pgb/bin/cc  -fno-strict-overflow -Wsign-compare -DNDEBUG -g -O3 -Wall    -std=c11 -Wextra -Wno-unused-parameter -Wno-missing-field-initializers -Wstrict-prototypes -Werror=implicit-function-declaration -fvisibility=hidden  -I./Include/internal  -I. -I./Include    -DPy_BUILD_CORE_BUILTIN -c ./Modules/_lsprof.c -o Modules/_lsprof.o
/root/.local/state/pgb/bin/cc  -fno-strict-overflow -Wsign-compare -DNDEBUG -g -O3 -Wall    -std=c11 -Wextra -Wno-unused-parameter -Wno-missing-field-initializers -Wstrict-prototypes -Werror=implicit-function-declaration -fvisibility=hidden  -I./Include/internal  -I. -I./Include    -DPy_BUILD_CORE_BUILTIN -c ./Modules/rotatingtree.c -o Modules/rotatingtree.o
/root/.local/state/pgb/bin/cc  -fno-strict-overflow -Wsign-compare -DNDEBUG -g -O3 -Wall    -std=c11 -Wextra -Wno-unused-parameter -Wno-missing-field-initializers -Wstrict-prototypes -Werror=implicit-function-declaration -fvisibility=hidden  -I./Include/internal  -I. -I./Include    -DPy_BUILD_CORE_BUILTIN -c ./Modules/_opcode.c -o Modules/_opcode.o
/root/.local/state/pgb/bin/cc  -fno-strict-overflow -Wsign-compare -DNDEBUG -g -O3 -Wall    -std=c11 -Wextra -Wno-unused-parameter -Wno-missing-field-initializers -Wstrict-prototypes -Werror=implicit-function-declaration -fvisibility=hidden  -I./Include/internal  -I. -I./Include    -DPy_BUILD_CORE_BUILTIN -c ./Modules/_pickle.c -o Modules/_pickle.o
/root/.local/state/pgb/bin/cc  -fno-strict-overflow -Wsign-compare -DNDEBUG -g -O3 -Wall    -std=c11 -Wextra -Wno-unused-parameter -Wno-missing-field-initializers -Wstrict-prototypes -Werror=implicit-function-declaration -fvisibility=hidden  -I./Include/internal  -I. -I./Include    -DPy_BUILD_CORE_BUILTIN -c ./Modules/_queuemodule.c -o Modules/_queuemodule.o
/root/.local/state/pgb/bin/cc  -fno-strict-overflow -Wsign-compare -DNDEBUG -g -O3 -Wall    -std=c11 -Wextra -Wno-unused-parameter -Wno-missing-field-initializers -Wstrict-prototypes -Werror=implicit-function-declaration -fvisibility=hidden  -I./Include/internal  -I. -I./Include    -DPy_BUILD_CORE_BUILTIN -c ./Modules/_randommodule.c -o Modules/_randommodule.o
/root/.local/state/pgb/bin/cc  -fno-strict-overflow -Wsign-compare -DNDEBUG -g -O3 -Wall    -std=c11 -Wextra -Wno-unused-parameter -Wno-missing-field-initializers -Wstrict-prototypes -Werror=implicit-function-declaration -fvisibility=hidden  -I./Include/internal  -I. -I./Include    -DPy_BUILD_CORE_BUILTIN -c ./Modules/_struct.c -o Modules/_struct.o
/root/.local/state/pgb/bin/cc  -fno-strict-overflow -Wsign-compare -DNDEBUG -g -O3 -Wall    -std=c11 -Wextra -Wno-unused-parameter -Wno-missing-field-initializers -Wstrict-prototypes -Werror=implicit-function-declaration -fvisibility=hidden  -I./Include/internal  -I. -I./Include    -DPy_BUILD_CORE_BUILTIN -c ./Modules/_xxsubinterpretersmodule.c -o Modules/_xxsubinterpretersmodule.o
/root/.local/state/pgb/bin/cc  -fno-strict-overflow -Wsign-compare -DNDEBUG -g -O3 -Wall    -std=c11 -Wextra -Wno-unused-parameter -Wno-missing-field-initializers -Wstrict-prototypes -Werror=implicit-function-declaration -fvisibility=hidden  -I./Include/internal  -I. -I./Include    -DPy_BUILD_CORE_BUILTIN -c ./Modules/_xxinterpchannelsmodule.c -o Modules/_xxinterpchannelsmodule.o
/root/.local/state/pgb/bin/cc  -fno-strict-overflow -Wsign-compare -DNDEBUG -g -O3 -Wall    -std=c11 -Wextra -Wno-unused-parameter -Wno-missing-field-initializers -Wstrict-prototypes -Werror=implicit-function-declaration -fvisibility=hidden  -I./Include/internal  -I. -I./Include    -DPy_BUILD_CORE_BUILTIN -c ./Modules/_zoneinfo.c -o Modules/_zoneinfo.o
/root/.local/state/pgb/bin/cc  -fno-strict-overflow -Wsign-compare -DNDEBUG -g -O3 -Wall    -std=c11 -Wextra -Wno-unused-parameter -Wno-missing-field-initializers -Wstrict-prototypes -Werror=implicit-function-declaration -fvisibility=hidden  -I./Include/internal  -I. -I./Include    -DPy_BUILD_CORE_BUILTIN -c ./Modules/audioop.c -o Modules/audioop.o
/root/.local/state/pgb/bin/cc  -fno-strict-overflow -Wsign-compare -DNDEBUG -g -O3 -Wall    -std=c11 -Wextra -Wno-unused-parameter -Wno-missing-field-initializers -Wstrict-prototypes -Werror=implicit-function-declaration -fvisibility=hidden  -I./Include/internal  -I. -I./Include    -DPy_BUILD_CORE_BUILTIN -c ./Modules/mathmodule.c -o Modules/mathmodule.o
/root/.local/state/pgb/bin/cc  -fno-strict-overflow -Wsign-compare -DNDEBUG -g -O3 -Wall    -std=c11 -Wextra -Wno-unused-parameter -Wno-missing-field-initializers -Wstrict-prototypes -Werror=implicit-function-declaration -fvisibility=hidden  -I./Include/internal  -I. -I./Include    -DPy_BUILD_CORE_BUILTIN -c ./Modules/cmathmodule.c -o Modules/cmathmodule.o
/root/.local/state/pgb/bin/cc  -fno-strict-overflow -Wsign-compare -DNDEBUG -g -O3 -Wall    -std=c11 -Wextra -Wno-unused-parameter -Wno-missing-field-initializers -Wstrict-prototypes -Werror=implicit-function-declaration -fvisibility=hidden  -I./Include/internal  -I. -I./Include    -DPy_BUILD_CORE_BUILTIN -c ./Modules/_statisticsmodule.c -o Modules/_statisticsmodule.o
/root/.local/state/pgb/bin/cc  -fno-strict-overflow -Wsign-compare -DNDEBUG -g -O3 -Wall    -std=c11 -Wextra -Wno-unused-parameter -Wno-missing-field-initializers -Wstrict-prototypes -Werror=implicit-function-declaration -fvisibility=hidden  -I./Include/internal  -I. -I./Include    -DPy_BUILD_CORE_BUILTIN -c ./Modules/_datetimemodule.c -o Modules/_datetimemodule.o
/root/.local/state/pgb/bin/cc -c -I./Modules/_decimal/libmpdec -DCONFIG_64=1 -DANSI=1 -DHAVE_UINT128_T=1 -fno-strict-overflow -Wsign-compare -DNDEBUG -g -O3 -Wall    -std=c11 -Wextra -Wno-unused-parameter -Wno-missing-field-initializers -Wstrict-prototypes -Werror=implicit-function-declaration -fvisibility=hidden  -I./Include/internal  -I. -I./Include    -fPIC -o Modules/_decimal/libmpdec/basearith.o ./Modules/_decimal/libmpdec/basearith.c
/root/.local/state/pgb/bin/cc -c -I./Modules/_decimal/libmpdec -DCONFIG_64=1 -DANSI=1 -DHAVE_UINT128_T=1 -fno-strict-overflow -Wsign-compare -DNDEBUG -g -O3 -Wall    -std=c11 -Wextra -Wno-unused-parameter -Wno-missing-field-initializers -Wstrict-prototypes -Werror=implicit-function-declaration -fvisibility=hidden  -I./Include/internal  -I. -I./Include    -fPIC -o Modules/_decimal/libmpdec/constants.o ./Modules/_decimal/libmpdec/constants.c
/root/.local/state/pgb/bin/cc -c -I./Modules/_decimal/libmpdec -DCONFIG_64=1 -DANSI=1 -DHAVE_UINT128_T=1 -fno-strict-overflow -Wsign-compare -DNDEBUG -g -O3 -Wall    -std=c11 -Wextra -Wno-unused-parameter -Wno-missing-field-initializers -Wstrict-prototypes -Werror=implicit-function-declaration -fvisibility=hidden  -I./Include/internal  -I. -I./Include    -fPIC -o Modules/_decimal/libmpdec/context.o ./Modules/_decimal/libmpdec/context.c
/root/.local/state/pgb/bin/cc -c -I./Modules/_decimal/libmpdec -DCONFIG_64=1 -DANSI=1 -DHAVE_UINT128_T=1 -fno-strict-overflow -Wsign-compare -DNDEBUG -g -O3 -Wall    -std=c11 -Wextra -Wno-unused-parameter -Wno-missing-field-initializers -Wstrict-prototypes -Werror=implicit-function-declaration -fvisibility=hidden  -I./Include/internal  -I. -I./Include    -fPIC -o Modules/_decimal/libmpdec/convolute.o ./Modules/_decimal/libmpdec/convolute.c
/root/.local/state/pgb/bin/cc -c -I./Modules/_decimal/libmpdec -DCONFIG_64=1 -DANSI=1 -DHAVE_UINT128_T=1 -fno-strict-overflow -Wsign-compare -DNDEBUG -g -O3 -Wall    -std=c11 -Wextra -Wno-unused-parameter -Wno-missing-field-initializers -Wstrict-prototypes -Werror=implicit-function-declaration -fvisibility=hidden  -I./Include/internal  -I. -I./Include    -fPIC -o Modules/_decimal/libmpdec/crt.o ./Modules/_decimal/libmpdec/crt.c
/root/.local/state/pgb/bin/cc -c -I./Modules/_decimal/libmpdec -DCONFIG_64=1 -DANSI=1 -DHAVE_UINT128_T=1 -fno-strict-overflow -Wsign-compare -DNDEBUG -g -O3 -Wall    -std=c11 -Wextra -Wno-unused-parameter -Wno-missing-field-initializers -Wstrict-prototypes -Werror=implicit-function-declaration -fvisibility=hidden  -I./Include/internal  -I. -I./Include    -fPIC -o Modules/_decimal/libmpdec/difradix2.o ./Modules/_decimal/libmpdec/difradix2.c
/root/.local/state/pgb/bin/cc -c -I./Modules/_decimal/libmpdec -DCONFIG_64=1 -DANSI=1 -DHAVE_UINT128_T=1 -fno-strict-overflow -Wsign-compare -DNDEBUG -g -O3 -Wall    -std=c11 -Wextra -Wno-unused-parameter -Wno-missing-field-initializers -Wstrict-prototypes -Werror=implicit-function-declaration -fvisibility=hidden  -I./Include/internal  -I. -I./Include    -fPIC -o Modules/_decimal/libmpdec/fnt.o ./Modules/_decimal/libmpdec/fnt.c
/root/.local/state/pgb/bin/cc -c -I./Modules/_decimal/libmpdec -DCONFIG_64=1 -DANSI=1 -DHAVE_UINT128_T=1 -fno-strict-overflow -Wsign-compare -DNDEBUG -g -O3 -Wall    -std=c11 -Wextra -Wno-unused-parameter -Wno-missing-field-initializers -Wstrict-prototypes -Werror=implicit-function-declaration -fvisibility=hidden  -I./Include/internal  -I. -I./Include    -fPIC -o Modules/_decimal/libmpdec/fourstep.o ./Modules/_decimal/libmpdec/fourstep.c
/root/.local/state/pgb/bin/cc -c -I./Modules/_decimal/libmpdec -DCONFIG_64=1 -DANSI=1 -DHAVE_UINT128_T=1 -fno-strict-overflow -Wsign-compare -DNDEBUG -g -O3 -Wall    -std=c11 -Wextra -Wno-unused-parameter -Wno-missing-field-initializers -Wstrict-prototypes -Werror=implicit-function-declaration -fvisibility=hidden  -I./Include/internal  -I. -I./Include    -fPIC -o Modules/_decimal/libmpdec/io.o ./Modules/_decimal/libmpdec/io.c
/root/.local/state/pgb/bin/cc -c -I./Modules/_decimal/libmpdec -DCONFIG_64=1 -DANSI=1 -DHAVE_UINT128_T=1 -fno-strict-overflow -Wsign-compare -DNDEBUG -g -O3 -Wall    -std=c11 -Wextra -Wno-unused-parameter -Wno-missing-field-initializers -Wstrict-prototypes -Werror=implicit-function-declaration -fvisibility=hidden  -I./Include/internal  -I. -I./Include    -fPIC -o Modules/_decimal/libmpdec/mpalloc.o ./Modules/_decimal/libmpdec/mpalloc.c
In function 'word_to_string',
    inlined from 'coeff_to_string' at ./Modules/_decimal/libmpdec/io.c:410:13,
    inlined from '_mpd_to_string' at ./Modules/_decimal/libmpdec/io.c:611:18:
./Modules/_decimal/libmpdec/io.c:348:40: warning: writing 1 byte into a region of size 0 [-Wstringop-overflow=]
  348 |         if (s == dot) *s++ = '.'; *s++ = '0' + (char)(x / d); x %= d
      |                                   ~~~~~^~~~~~~~~~~~~~~~~~~~~
./Modules/_decimal/libmpdec/io.c:359:14: note: in expansion of macro 'EXTRACT_DIGIT'
  359 |     case 15: EXTRACT_DIGIT(s, x, 100000000000000ULL, dot);
      |              ^~~~~~~~~~~~~
./Modules/_decimal/libmpdec/io.c:348:40: warning: writing 1 byte into a region of size 0 [-Wstringop-overflow=]
  348 |         if (s == dot) *s++ = '.'; *s++ = '0' + (char)(x / d); x %= d
      |                                   ~~~~~^~~~~~~~~~~~~~~~~~~~~
./Modules/_decimal/libmpdec/io.c:360:14: note: in expansion of macro 'EXTRACT_DIGIT'
  360 |     case 14: EXTRACT_DIGIT(s, x, 10000000000000ULL, dot);
      |              ^~~~~~~~~~~~~
./Modules/_decimal/libmpdec/io.c:348:40: warning: writing 1 byte into a region of size 0 [-Wstringop-overflow=]
  348 |         if (s == dot) *s++ = '.'; *s++ = '0' + (char)(x / d); x %= d
      |                                   ~~~~~^~~~~~~~~~~~~~~~~~~~~
./Modules/_decimal/libmpdec/io.c:361:14: note: in expansion of macro 'EXTRACT_DIGIT'
  361 |     case 13: EXTRACT_DIGIT(s, x, 1000000000000ULL, dot);
      |              ^~~~~~~~~~~~~
./Modules/_decimal/libmpdec/io.c:348:40: warning: writing 1 byte into a region of size 0 [-Wstringop-overflow=]
  348 |         if (s == dot) *s++ = '.'; *s++ = '0' + (char)(x / d); x %= d
      |                                   ~~~~~^~~~~~~~~~~~~~~~~~~~~
./Modules/_decimal/libmpdec/io.c:358:14: note: in expansion of macro 'EXTRACT_DIGIT'
  358 |     case 16: EXTRACT_DIGIT(s, x, 1000000000000000ULL, dot);
      |              ^~~~~~~~~~~~~
./Modules/_decimal/libmpdec/io.c:348:40: warning: writing 1 byte into a region of size 0 [-Wstringop-overflow=]
  348 |         if (s == dot) *s++ = '.'; *s++ = '0' + (char)(x / d); x %= d
      |                                   ~~~~~^~~~~~~~~~~~~~~~~~~~~
./Modules/_decimal/libmpdec/io.c:359:14: note: in expansion of macro 'EXTRACT_DIGIT'
  359 |     case 15: EXTRACT_DIGIT(s, x, 100000000000000ULL, dot);
      |              ^~~~~~~~~~~~~
./Modules/_decimal/libmpdec/io.c:348:40: warning: writing 1 byte into a region of size 0 [-Wstringop-overflow=]
  348 |         if (s == dot) *s++ = '.'; *s++ = '0' + (char)(x / d); x %= d
      |                                   ~~~~~^~~~~~~~~~~~~~~~~~~~~
./Modules/_decimal/libmpdec/io.c:360:14: note: in expansion of macro 'EXTRACT_DIGIT'
  360 |     case 14: EXTRACT_DIGIT(s, x, 10000000000000ULL, dot);
      |              ^~~~~~~~~~~~~
./Modules/_decimal/libmpdec/io.c:348:40: warning: writing 1 byte into a region of size 0 [-Wstringop-overflow=]
  348 |         if (s == dot) *s++ = '.'; *s++ = '0' + (char)(x / d); x %= d
      |                                   ~~~~~^~~~~~~~~~~~~~~~~~~~~
./Modules/_decimal/libmpdec/io.c:357:14: note: in expansion of macro 'EXTRACT_DIGIT'
  357 |     case 17: EXTRACT_DIGIT(s, x, 10000000000000000ULL, dot);
      |              ^~~~~~~~~~~~~
./Modules/_decimal/libmpdec/io.c:348:40: warning: writing 1 byte into a region of size 0 [-Wstringop-overflow=]
  348 |         if (s == dot) *s++ = '.'; *s++ = '0' + (char)(x / d); x %= d
      |                                   ~~~~~^~~~~~~~~~~~~~~~~~~~~
./Modules/_decimal/libmpdec/io.c:358:14: note: in expansion of macro 'EXTRACT_DIGIT'
  358 |     case 16: EXTRACT_DIGIT(s, x, 1000000000000000ULL, dot);
      |              ^~~~~~~~~~~~~
./Modules/_decimal/libmpdec/io.c:348:40: warning: writing 1 byte into a region of size 0 [-Wstringop-overflow=]
  348 |         if (s == dot) *s++ = '.'; *s++ = '0' + (char)(x / d); x %= d
      |                                   ~~~~~^~~~~~~~~~~~~~~~~~~~~
./Modules/_decimal/libmpdec/io.c:359:14: note: in expansion of macro 'EXTRACT_DIGIT'
  359 |     case 15: EXTRACT_DIGIT(s, x, 100000000000000ULL, dot);
      |              ^~~~~~~~~~~~~
./Modules/_decimal/libmpdec/io.c:348:40: warning: writing 1 byte into a region of size 0 [-Wstringop-overflow=]
  348 |         if (s == dot) *s++ = '.'; *s++ = '0' + (char)(x / d); x %= d
      |                                   ~~~~~^~~~~~~~~~~~~~~~~~~~~
./Modules/_decimal/libmpdec/io.c:356:14: note: in expansion of macro 'EXTRACT_DIGIT'
  356 |     case 18: EXTRACT_DIGIT(s, x, 100000000000000000ULL, dot);
      |              ^~~~~~~~~~~~~
./Modules/_decimal/libmpdec/io.c:348:40: warning: writing 1 byte into a region of size 0 [-Wstringop-overflow=]
  348 |         if (s == dot) *s++ = '.'; *s++ = '0' + (char)(x / d); x %= d
      |                                   ~~~~~^~~~~~~~~~~~~~~~~~~~~
./Modules/_decimal/libmpdec/io.c:357:14: note: in expansion of macro 'EXTRACT_DIGIT'
  357 |     case 17: EXTRACT_DIGIT(s, x, 10000000000000000ULL, dot);
      |              ^~~~~~~~~~~~~
./Modules/_decimal/libmpdec/io.c:348:40: warning: writing 1 byte into a region of size 0 [-Wstringop-overflow=]
  348 |         if (s == dot) *s++ = '.'; *s++ = '0' + (char)(x / d); x %= d
      |                                   ~~~~~^~~~~~~~~~~~~~~~~~~~~
./Modules/_decimal/libmpdec/io.c:358:14: note: in expansion of macro 'EXTRACT_DIGIT'
  358 |     case 16: EXTRACT_DIGIT(s, x, 1000000000000000ULL, dot);
      |              ^~~~~~~~~~~~~
./Modules/_decimal/libmpdec/io.c:348:40: warning: writing 1 byte into a region of size 0 [-Wstringop-overflow=]
  348 |         if (s == dot) *s++ = '.'; *s++ = '0' + (char)(x / d); x %= d
      |                                   ~~~~~^~~~~~~~~~~~~~~~~~~~~
./Modules/_decimal/libmpdec/io.c:360:14: note: in expansion of macro 'EXTRACT_DIGIT'
  360 |     case 14: EXTRACT_DIGIT(s, x, 10000000000000ULL, dot);
      |              ^~~~~~~~~~~~~
./Modules/_decimal/libmpdec/io.c:348:40: warning: writing 1 byte into a region of size 0 [-Wstringop-overflow=]
  348 |         if (s == dot) *s++ = '.'; *s++ = '0' + (char)(x / d); x %= d
      |                                   ~~~~~^~~~~~~~~~~~~~~~~~~~~
./Modules/_decimal/libmpdec/io.c:361:14: note: in expansion of macro 'EXTRACT_DIGIT'
  361 |     case 13: EXTRACT_DIGIT(s, x, 1000000000000ULL, dot);
      |              ^~~~~~~~~~~~~
./Modules/_decimal/libmpdec/io.c:348:40: warning: writing 1 byte into a region of size 0 [-Wstringop-overflow=]
  348 |         if (s == dot) *s++ = '.'; *s++ = '0' + (char)(x / d); x %= d
      |                                   ~~~~~^~~~~~~~~~~~~~~~~~~~~
./Modules/_decimal/libmpdec/io.c:362:14: note: in expansion of macro 'EXTRACT_DIGIT'
  362 |     case 12: EXTRACT_DIGIT(s, x, 100000000000ULL, dot);
      |              ^~~~~~~~~~~~~
./Modules/_decimal/libmpdec/io.c:348:40: warning: writing 1 byte into a region of size 0 [-Wstringop-overflow=]
  348 |         if (s == dot) *s++ = '.'; *s++ = '0' + (char)(x / d); x %= d
      |                                   ~~~~~^~~~~~~~~~~~~~~~~~~~~
./Modules/_decimal/libmpdec/io.c:361:14: note: in expansion of macro 'EXTRACT_DIGIT'
  361 |     case 13: EXTRACT_DIGIT(s, x, 1000000000000ULL, dot);
      |              ^~~~~~~~~~~~~
./Modules/_decimal/libmpdec/io.c:348:40: warning: writing 1 byte into a region of size 0 [-Wstringop-overflow=]
  348 |         if (s == dot) *s++ = '.'; *s++ = '0' + (char)(x / d); x %= d
      |                                   ~~~~~^~~~~~~~~~~~~~~~~~~~~
./Modules/_decimal/libmpdec/io.c:362:14: note: in expansion of macro 'EXTRACT_DIGIT'
  362 |     case 12: EXTRACT_DIGIT(s, x, 100000000000ULL, dot);
      |              ^~~~~~~~~~~~~
./Modules/_decimal/libmpdec/io.c:348:40: warning: writing 1 byte into a region of size 0 [-Wstringop-overflow=]
  348 |         if (s == dot) *s++ = '.'; *s++ = '0' + (char)(x / d); x %= d
      |                                   ~~~~~^~~~~~~~~~~~~~~~~~~~~
./Modules/_decimal/libmpdec/io.c:363:14: note: in expansion of macro 'EXTRACT_DIGIT'
  363 |     case 11: EXTRACT_DIGIT(s, x, 10000000000ULL, dot);
      |              ^~~~~~~~~~~~~
./Modules/_decimal/libmpdec/io.c:348:40: warning: writing 1 byte into a region of size 0 [-Wstringop-overflow=]
  348 |         if (s == dot) *s++ = '.'; *s++ = '0' + (char)(x / d); x %= d
      |                                   ~~~~~^~~~~~~~~~~~~~~~~~~~~
./Modules/_decimal/libmpdec/io.c:362:14: note: in expansion of macro 'EXTRACT_DIGIT'
  362 |     case 12: EXTRACT_DIGIT(s, x, 100000000000ULL, dot);
      |              ^~~~~~~~~~~~~
./Modules/_decimal/libmpdec/io.c:348:40: warning: writing 1 byte into a region of size 0 [-Wstringop-overflow=]
  348 |         if (s == dot) *s++ = '.'; *s++ = '0' + (char)(x / d); x %= d
      |                                   ~~~~~^~~~~~~~~~~~~~~~~~~~~
./Modules/_decimal/libmpdec/io.c:363:14: note: in expansion of macro 'EXTRACT_DIGIT'
  363 |     case 11: EXTRACT_DIGIT(s, x, 10000000000ULL, dot);
      |              ^~~~~~~~~~~~~
./Modules/_decimal/libmpdec/io.c:348:40: warning: writing 1 byte into a region of size 0 [-Wstringop-overflow=]
  348 |         if (s == dot) *s++ = '.'; *s++ = '0' + (char)(x / d); x %= d
      |                                   ~~~~~^~~~~~~~~~~~~~~~~~~~~
./Modules/_decimal/libmpdec/io.c:365:14: note: in expansion of macro 'EXTRACT_DIGIT'
  365 |     case 10: EXTRACT_DIGIT(s, x, 1000000000UL, dot);
      |              ^~~~~~~~~~~~~
./Modules/_decimal/libmpdec/io.c:348:40: warning: writing 1 byte into a region of size 0 [-Wstringop-overflow=]
  348 |         if (s == dot) *s++ = '.'; *s++ = '0' + (char)(x / d); x %= d
      |                                   ~~~~~^~~~~~~~~~~~~~~~~~~~~
./Modules/_decimal/libmpdec/io.c:363:14: note: in expansion of macro 'EXTRACT_DIGIT'
  363 |     case 11: EXTRACT_DIGIT(s, x, 10000000000ULL, dot);
      |              ^~~~~~~~~~~~~
./Modules/_decimal/libmpdec/io.c:348:40: warning: writing 1 byte into a region of size 0 [-Wstringop-overflow=]
  348 |         if (s == dot) *s++ = '.'; *s++ = '0' + (char)(x / d); x %= d
      |                                   ~~~~~^~~~~~~~~~~~~~~~~~~~~
./Modules/_decimal/libmpdec/io.c:365:14: note: in expansion of macro 'EXTRACT_DIGIT'
  365 |     case 10: EXTRACT_DIGIT(s, x, 1000000000UL, dot);
      |              ^~~~~~~~~~~~~
./Modules/_decimal/libmpdec/io.c:348:40: warning: writing 1 byte into a region of size 0 [-Wstringop-overflow=]
  348 |         if (s == dot) *s++ = '.'; *s++ = '0' + (char)(x / d); x %= d
      |                                   ~~~~~^~~~~~~~~~~~~~~~~~~~~
./Modules/_decimal/libmpdec/io.c:366:14: note: in expansion of macro 'EXTRACT_DIGIT'
  366 |     case 9:  EXTRACT_DIGIT(s, x, 100000000UL, dot);
      |              ^~~~~~~~~~~~~
./Modules/_decimal/libmpdec/io.c:348:40: warning: writing 1 byte into a region of size 0 [-Wstringop-overflow=]
  348 |         if (s == dot) *s++ = '.'; *s++ = '0' + (char)(x / d); x %= d
      |                                   ~~~~~^~~~~~~~~~~~~~~~~~~~~
./Modules/_decimal/libmpdec/io.c:365:14: note: in expansion of macro 'EXTRACT_DIGIT'
  365 |     case 10: EXTRACT_DIGIT(s, x, 1000000000UL, dot);
      |              ^~~~~~~~~~~~~
./Modules/_decimal/libmpdec/io.c:348:40: warning: writing 1 byte into a region of size 0 [-Wstringop-overflow=]
  348 |         if (s == dot) *s++ = '.'; *s++ = '0' + (char)(x / d); x %= d
      |                                   ~~~~~^~~~~~~~~~~~~~~~~~~~~
./Modules/_decimal/libmpdec/io.c:366:14: note: in expansion of macro 'EXTRACT_DIGIT'
  366 |     case 9:  EXTRACT_DIGIT(s, x, 100000000UL, dot);
      |              ^~~~~~~~~~~~~
./Modules/_decimal/libmpdec/io.c:348:40: warning: writing 1 byte into a region of size 0 [-Wstringop-overflow=]
  348 |         if (s == dot) *s++ = '.'; *s++ = '0' + (char)(x / d); x %= d
      |                                   ~~~~~^~~~~~~~~~~~~~~~~~~~~
./Modules/_decimal/libmpdec/io.c:367:14: note: in expansion of macro 'EXTRACT_DIGIT'
  367 |     case 8:  EXTRACT_DIGIT(s, x, 10000000UL, dot);
      |              ^~~~~~~~~~~~~
./Modules/_decimal/libmpdec/io.c:348:40: warning: writing 1 byte into a region of size 0 [-Wstringop-overflow=]
  348 |         if (s == dot) *s++ = '.'; *s++ = '0' + (char)(x / d); x %= d
      |                                   ~~~~~^~~~~~~~~~~~~~~~~~~~~
./Modules/_decimal/libmpdec/io.c:366:14: note: in expansion of macro 'EXTRACT_DIGIT'
  366 |     case 9:  EXTRACT_DIGIT(s, x, 100000000UL, dot);
      |              ^~~~~~~~~~~~~
./Modules/_decimal/libmpdec/io.c:348:40: warning: writing 1 byte into a region of size 0 [-Wstringop-overflow=]
  348 |         if (s == dot) *s++ = '.'; *s++ = '0' + (char)(x / d); x %= d
      |                                   ~~~~~^~~~~~~~~~~~~~~~~~~~~
./Modules/_decimal/libmpdec/io.c:367:14: note: in expansion of macro 'EXTRACT_DIGIT'
  367 |     case 8:  EXTRACT_DIGIT(s, x, 10000000UL, dot);
      |              ^~~~~~~~~~~~~
./Modules/_decimal/libmpdec/io.c:348:40: warning: writing 1 byte into a region of size 0 [-Wstringop-overflow=]
  348 |         if (s == dot) *s++ = '.'; *s++ = '0' + (char)(x / d); x %= d
      |                                   ~~~~~^~~~~~~~~~~~~~~~~~~~~
./Modules/_decimal/libmpdec/io.c:368:14: note: in expansion of macro 'EXTRACT_DIGIT'
  368 |     case 7:  EXTRACT_DIGIT(s, x, 1000000UL, dot);
      |              ^~~~~~~~~~~~~
./Modules/_decimal/libmpdec/io.c:348:40: warning: writing 1 byte into a region of size 0 [-Wstringop-overflow=]
  348 |         if (s == dot) *s++ = '.'; *s++ = '0' + (char)(x / d); x %= d
      |                                   ~~~~~^~~~~~~~~~~~~~~~~~~~~
./Modules/_decimal/libmpdec/io.c:367:14: note: in expansion of macro 'EXTRACT_DIGIT'
  367 |     case 8:  EXTRACT_DIGIT(s, x, 10000000UL, dot);
      |              ^~~~~~~~~~~~~
./Modules/_decimal/libmpdec/io.c:348:40: warning: writing 1 byte into a region of size 0 [-Wstringop-overflow=]
  348 |         if (s == dot) *s++ = '.'; *s++ = '0' + (char)(x / d); x %= d
      |                                   ~~~~~^~~~~~~~~~~~~~~~~~~~~
./Modules/_decimal/libmpdec/io.c:368:14: note: in expansion of macro 'EXTRACT_DIGIT'
  368 |     case 7:  EXTRACT_DIGIT(s, x, 1000000UL, dot);
      |              ^~~~~~~~~~~~~
./Modules/_decimal/libmpdec/io.c:348:40: warning: writing 1 byte into a region of size 0 [-Wstringop-overflow=]
  348 |         if (s == dot) *s++ = '.'; *s++ = '0' + (char)(x / d); x %= d
      |                                   ~~~~~^~~~~~~~~~~~~~~~~~~~~
./Modules/_decimal/libmpdec/io.c:369:14: note: in expansion of macro 'EXTRACT_DIGIT'
  369 |     case 6:  EXTRACT_DIGIT(s, x, 100000UL, dot);
      |              ^~~~~~~~~~~~~
./Modules/_decimal/libmpdec/io.c:348:40: warning: writing 1 byte into a region of size 0 [-Wstringop-overflow=]
  348 |         if (s == dot) *s++ = '.'; *s++ = '0' + (char)(x / d); x %= d
      |                                   ~~~~~^~~~~~~~~~~~~~~~~~~~~
./Modules/_decimal/libmpdec/io.c:368:14: note: in expansion of macro 'EXTRACT_DIGIT'
  368 |     case 7:  EXTRACT_DIGIT(s, x, 1000000UL, dot);
      |              ^~~~~~~~~~~~~
./Modules/_decimal/libmpdec/io.c:348:40: warning: writing 1 byte into a region of size 0 [-Wstringop-overflow=]
  348 |         if (s == dot) *s++ = '.'; *s++ = '0' + (char)(x / d); x %= d
      |                                   ~~~~~^~~~~~~~~~~~~~~~~~~~~
./Modules/_decimal/libmpdec/io.c:369:14: note: in expansion of macro 'EXTRACT_DIGIT'
  369 |     case 6:  EXTRACT_DIGIT(s, x, 100000UL, dot);
      |              ^~~~~~~~~~~~~
./Modules/_decimal/libmpdec/io.c:348:40: warning: writing 1 byte into a region of size 0 [-Wstringop-overflow=]
  348 |         if (s == dot) *s++ = '.'; *s++ = '0' + (char)(x / d); x %= d
      |                                   ~~~~~^~~~~~~~~~~~~~~~~~~~~
./Modules/_decimal/libmpdec/io.c:370:14: note: in expansion of macro 'EXTRACT_DIGIT'
  370 |     case 5:  EXTRACT_DIGIT(s, x, 10000UL, dot);
      |              ^~~~~~~~~~~~~
./Modules/_decimal/libmpdec/io.c:348:40: warning: writing 1 byte into a region of size 0 [-Wstringop-overflow=]
  348 |         if (s == dot) *s++ = '.'; *s++ = '0' + (char)(x / d); x %= d
      |                                   ~~~~~^~~~~~~~~~~~~~~~~~~~~
./Modules/_decimal/libmpdec/io.c:369:14: note: in expansion of macro 'EXTRACT_DIGIT'
  369 |     case 6:  EXTRACT_DIGIT(s, x, 100000UL, dot);
      |              ^~~~~~~~~~~~~
./Modules/_decimal/libmpdec/io.c:348:40: warning: writing 1 byte into a region of size 0 [-Wstringop-overflow=]
  348 |         if (s == dot) *s++ = '.'; *s++ = '0' + (char)(x / d); x %= d
      |                                   ~~~~~^~~~~~~~~~~~~~~~~~~~~
./Modules/_decimal/libmpdec/io.c:370:14: note: in expansion of macro 'EXTRACT_DIGIT'
  370 |     case 5:  EXTRACT_DIGIT(s, x, 10000UL, dot);
      |              ^~~~~~~~~~~~~
./Modules/_decimal/libmpdec/io.c:348:40: warning: writing 1 byte into a region of size 0 [-Wstringop-overflow=]
  348 |         if (s == dot) *s++ = '.'; *s++ = '0' + (char)(x / d); x %= d
      |                                   ~~~~~^~~~~~~~~~~~~~~~~~~~~
./Modules/_decimal/libmpdec/io.c:371:14: note: in expansion of macro 'EXTRACT_DIGIT'
  371 |     case 4:  EXTRACT_DIGIT(s, x, 1000UL, dot);
      |              ^~~~~~~~~~~~~
./Modules/_decimal/libmpdec/io.c:348:40: warning: writing 1 byte into a region of size 0 [-Wstringop-overflow=]
  348 |         if (s == dot) *s++ = '.'; *s++ = '0' + (char)(x / d); x %= d
      |                                   ~~~~~^~~~~~~~~~~~~~~~~~~~~
./Modules/_decimal/libmpdec/io.c:370:14: note: in expansion of macro 'EXTRACT_DIGIT'
  370 |     case 5:  EXTRACT_DIGIT(s, x, 10000UL, dot);
      |              ^~~~~~~~~~~~~
./Modules/_decimal/libmpdec/io.c:348:40: warning: writing 1 byte into a region of size 0 [-Wstringop-overflow=]
  348 |         if (s == dot) *s++ = '.'; *s++ = '0' + (char)(x / d); x %= d
      |                                   ~~~~~^~~~~~~~~~~~~~~~~~~~~
./Modules/_decimal/libmpdec/io.c:371:14: note: in expansion of macro 'EXTRACT_DIGIT'
  371 |     case 4:  EXTRACT_DIGIT(s, x, 1000UL, dot);
      |              ^~~~~~~~~~~~~
./Modules/_decimal/libmpdec/io.c:348:40: warning: writing 1 byte into a region of size 0 [-Wstringop-overflow=]
  348 |         if (s == dot) *s++ = '.'; *s++ = '0' + (char)(x / d); x %= d
      |                                   ~~~~~^~~~~~~~~~~~~~~~~~~~~
./Modules/_decimal/libmpdec/io.c:372:14: note: in expansion of macro 'EXTRACT_DIGIT'
  372 |     case 3:  EXTRACT_DIGIT(s, x, 100UL, dot);
      |              ^~~~~~~~~~~~~
./Modules/_decimal/libmpdec/io.c:348:40: warning: writing 1 byte into a region of size 0 [-Wstringop-overflow=]
  348 |         if (s == dot) *s++ = '.'; *s++ = '0' + (char)(x / d); x %= d
      |                                   ~~~~~^~~~~~~~~~~~~~~~~~~~~
./Modules/_decimal/libmpdec/io.c:371:14: note: in expansion of macro 'EXTRACT_DIGIT'
  371 |     case 4:  EXTRACT_DIGIT(s, x, 1000UL, dot);
      |              ^~~~~~~~~~~~~
./Modules/_decimal/libmpdec/io.c:348:40: warning: writing 1 byte into a region of size 0 [-Wstringop-overflow=]
  348 |         if (s == dot) *s++ = '.'; *s++ = '0' + (char)(x / d); x %= d
      |                                   ~~~~~^~~~~~~~~~~~~~~~~~~~~
./Modules/_decimal/libmpdec/io.c:372:14: note: in expansion of macro 'EXTRACT_DIGIT'
  372 |     case 3:  EXTRACT_DIGIT(s, x, 100UL, dot);
      |              ^~~~~~~~~~~~~
./Modules/_decimal/libmpdec/io.c:348:40: warning: writing 1 byte into a region of size 0 [-Wstringop-overflow=]
  348 |         if (s == dot) *s++ = '.'; *s++ = '0' + (char)(x / d); x %= d
      |                                   ~~~~~^~~~~~~~~~~~~~~~~~~~~
./Modules/_decimal/libmpdec/io.c:373:14: note: in expansion of macro 'EXTRACT_DIGIT'
  373 |     case 2:  EXTRACT_DIGIT(s, x, 10UL, dot);
      |              ^~~~~~~~~~~~~
./Modules/_decimal/libmpdec/io.c:348:40: warning: writing 1 byte into a region of size 0 [-Wstringop-overflow=]
  348 |         if (s == dot) *s++ = '.'; *s++ = '0' + (char)(x / d); x %= d
      |                                   ~~~~~^~~~~~~~~~~~~~~~~~~~~
./Modules/_decimal/libmpdec/io.c:372:14: note: in expansion of macro 'EXTRACT_DIGIT'
  372 |     case 3:  EXTRACT_DIGIT(s, x, 100UL, dot);
      |              ^~~~~~~~~~~~~
./Modules/_decimal/libmpdec/io.c:348:40: warning: writing 1 byte into a region of size 0 [-Wstringop-overflow=]
  348 |         if (s == dot) *s++ = '.'; *s++ = '0' + (char)(x / d); x %= d
      |                                   ~~~~~^~~~~~~~~~~~~~~~~~~~~
./Modules/_decimal/libmpdec/io.c:373:14: note: in expansion of macro 'EXTRACT_DIGIT'
  373 |     case 2:  EXTRACT_DIGIT(s, x, 10UL, dot);
      |              ^~~~~~~~~~~~~
./Modules/_decimal/libmpdec/io.c:348:40: warning: writing 1 byte into a region of size 0 [-Wstringop-overflow=]
  348 |         if (s == dot) *s++ = '.'; *s++ = '0' + (char)(x / d); x %= d
      |                                   ~~~~~^~~~~~~~~~~~~~~~~~~~~
./Modules/_decimal/libmpdec/io.c:373:14: note: in expansion of macro 'EXTRACT_DIGIT'
  373 |     case 2:  EXTRACT_DIGIT(s, x, 10UL, dot);
      |              ^~~~~~~~~~~~~
In function 'word_to_string',
    inlined from 'coeff_to_string' at ./Modules/_decimal/libmpdec/io.c:410:13,
    inlined from '_mpd_to_string' at ./Modules/_decimal/libmpdec/io.c:607:18:
./Modules/_decimal/libmpdec/io.c:348:40: warning: writing 1 byte into a region of size 0 [-Wstringop-overflow=]
  348 |         if (s == dot) *s++ = '.'; *s++ = '0' + (char)(x / d); x %= d
      |                                   ~~~~~^~~~~~~~~~~~~~~~~~~~~
./Modules/_decimal/libmpdec/io.c:359:14: note: in expansion of macro 'EXTRACT_DIGIT'
  359 |     case 15: EXTRACT_DIGIT(s, x, 100000000000000ULL, dot);
      |              ^~~~~~~~~~~~~
./Modules/_decimal/libmpdec/io.c:348:40: warning: writing 1 byte into a region of size 0 [-Wstringop-overflow=]
  348 |         if (s == dot) *s++ = '.'; *s++ = '0' + (char)(x / d); x %= d
      |                                   ~~~~~^~~~~~~~~~~~~~~~~~~~~
./Modules/_decimal/libmpdec/io.c:360:14: note: in expansion of macro 'EXTRACT_DIGIT'
  360 |     case 14: EXTRACT_DIGIT(s, x, 10000000000000ULL, dot);
      |              ^~~~~~~~~~~~~
./Modules/_decimal/libmpdec/io.c:348:40: warning: writing 1 byte into a region of size 0 [-Wstringop-overflow=]
  348 |         if (s == dot) *s++ = '.'; *s++ = '0' + (char)(x / d); x %= d
      |                                   ~~~~~^~~~~~~~~~~~~~~~~~~~~
./Modules/_decimal/libmpdec/io.c:361:14: note: in expansion of macro 'EXTRACT_DIGIT'
  361 |     case 13: EXTRACT_DIGIT(s, x, 1000000000000ULL, dot);
      |              ^~~~~~~~~~~~~
./Modules/_decimal/libmpdec/io.c:348:40: warning: writing 1 byte into a region of size 0 [-Wstringop-overflow=]
  348 |         if (s == dot) *s++ = '.'; *s++ = '0' + (char)(x / d); x %= d
      |                                   ~~~~~^~~~~~~~~~~~~~~~~~~~~
./Modules/_decimal/libmpdec/io.c:358:14: note: in expansion of macro 'EXTRACT_DIGIT'
  358 |     case 16: EXTRACT_DIGIT(s, x, 1000000000000000ULL, dot);
      |              ^~~~~~~~~~~~~
./Modules/_decimal/libmpdec/io.c:348:40: warning: writing 1 byte into a region of size 0 [-Wstringop-overflow=]
  348 |         if (s == dot) *s++ = '.'; *s++ = '0' + (char)(x / d); x %= d
      |                                   ~~~~~^~~~~~~~~~~~~~~~~~~~~
./Modules/_decimal/libmpdec/io.c:359:14: note: in expansion of macro 'EXTRACT_DIGIT'
  359 |     case 15: EXTRACT_DIGIT(s, x, 100000000000000ULL, dot);
      |              ^~~~~~~~~~~~~
./Modules/_decimal/libmpdec/io.c:348:40: warning: writing 1 byte into a region of size 0 [-Wstringop-overflow=]
  348 |         if (s == dot) *s++ = '.'; *s++ = '0' + (char)(x / d); x %= d
      |                                   ~~~~~^~~~~~~~~~~~~~~~~~~~~
./Modules/_decimal/libmpdec/io.c:360:14: note: in expansion of macro 'EXTRACT_DIGIT'
  360 |     case 14: EXTRACT_DIGIT(s, x, 10000000000000ULL, dot);
      |              ^~~~~~~~~~~~~
./Modules/_decimal/libmpdec/io.c:348:40: warning: writing 1 byte into a region of size 0 [-Wstringop-overflow=]
  348 |         if (s == dot) *s++ = '.'; *s++ = '0' + (char)(x / d); x %= d
      |                                   ~~~~~^~~~~~~~~~~~~~~~~~~~~
./Modules/_decimal/libmpdec/io.c:357:14: note: in expansion of macro 'EXTRACT_DIGIT'
  357 |     case 17: EXTRACT_DIGIT(s, x, 10000000000000000ULL, dot);
      |              ^~~~~~~~~~~~~
./Modules/_decimal/libmpdec/io.c:348:40: warning: writing 1 byte into a region of size 0 [-Wstringop-overflow=]
  348 |         if (s == dot) *s++ = '.'; *s++ = '0' + (char)(x / d); x %= d
      |                                   ~~~~~^~~~~~~~~~~~~~~~~~~~~
./Modules/_decimal/libmpdec/io.c:358:14: note: in expansion of macro 'EXTRACT_DIGIT'
  358 |     case 16: EXTRACT_DIGIT(s, x, 1000000000000000ULL, dot);
      |              ^~~~~~~~~~~~~
./Modules/_decimal/libmpdec/io.c:348:40: warning: writing 1 byte into a region of size 0 [-Wstringop-overflow=]
  348 |         if (s == dot) *s++ = '.'; *s++ = '0' + (char)(x / d); x %= d
      |                                   ~~~~~^~~~~~~~~~~~~~~~~~~~~
./Modules/_decimal/libmpdec/io.c:359:14: note: in expansion of macro 'EXTRACT_DIGIT'
  359 |     case 15: EXTRACT_DIGIT(s, x, 100000000000000ULL, dot);
      |              ^~~~~~~~~~~~~
./Modules/_decimal/libmpdec/io.c:348:40: warning: writing 1 byte into a region of size 0 [-Wstringop-overflow=]
  348 |         if (s == dot) *s++ = '.'; *s++ = '0' + (char)(x / d); x %= d
      |                                   ~~~~~^~~~~~~~~~~~~~~~~~~~~
./Modules/_decimal/libmpdec/io.c:356:14: note: in expansion of macro 'EXTRACT_DIGIT'
  356 |     case 18: EXTRACT_DIGIT(s, x, 100000000000000000ULL, dot);
      |              ^~~~~~~~~~~~~
./Modules/_decimal/libmpdec/io.c:348:40: warning: writing 1 byte into a region of size 0 [-Wstringop-overflow=]
  348 |         if (s == dot) *s++ = '.'; *s++ = '0' + (char)(x / d); x %= d
      |                                   ~~~~~^~~~~~~~~~~~~~~~~~~~~
./Modules/_decimal/libmpdec/io.c:357:14: note: in expansion of macro 'EXTRACT_DIGIT'
  357 |     case 17: EXTRACT_DIGIT(s, x, 10000000000000000ULL, dot);
      |              ^~~~~~~~~~~~~
./Modules/_decimal/libmpdec/io.c:348:40: warning: writing 1 byte into a region of size 0 [-Wstringop-overflow=]
  348 |         if (s == dot) *s++ = '.'; *s++ = '0' + (char)(x / d); x %= d
      |                                   ~~~~~^~~~~~~~~~~~~~~~~~~~~
./Modules/_decimal/libmpdec/io.c:358:14: note: in expansion of macro 'EXTRACT_DIGIT'
  358 |     case 16: EXTRACT_DIGIT(s, x, 1000000000000000ULL, dot);
      |              ^~~~~~~~~~~~~
./Modules/_decimal/libmpdec/io.c:348:40: warning: writing 1 byte into a region of size 0 [-Wstringop-overflow=]
  348 |         if (s == dot) *s++ = '.'; *s++ = '0' + (char)(x / d); x %= d
      |                                   ~~~~~^~~~~~~~~~~~~~~~~~~~~
./Modules/_decimal/libmpdec/io.c:360:14: note: in expansion of macro 'EXTRACT_DIGIT'
  360 |     case 14: EXTRACT_DIGIT(s, x, 10000000000000ULL, dot);
      |              ^~~~~~~~~~~~~
./Modules/_decimal/libmpdec/io.c:348:40: warning: writing 1 byte into a region of size 0 [-Wstringop-overflow=]
  348 |         if (s == dot) *s++ = '.'; *s++ = '0' + (char)(x / d); x %= d
      |                                   ~~~~~^~~~~~~~~~~~~~~~~~~~~
./Modules/_decimal/libmpdec/io.c:361:14: note: in expansion of macro 'EXTRACT_DIGIT'
  361 |     case 13: EXTRACT_DIGIT(s, x, 1000000000000ULL, dot);
      |              ^~~~~~~~~~~~~
./Modules/_decimal/libmpdec/io.c:348:40: warning: writing 1 byte into a region of size 0 [-Wstringop-overflow=]
  348 |         if (s == dot) *s++ = '.'; *s++ = '0' + (char)(x / d); x %= d
      |                                   ~~~~~^~~~~~~~~~~~~~~~~~~~~
./Modules/_decimal/libmpdec/io.c:362:14: note: in expansion of macro 'EXTRACT_DIGIT'
  362 |     case 12: EXTRACT_DIGIT(s, x, 100000000000ULL, dot);
      |              ^~~~~~~~~~~~~
./Modules/_decimal/libmpdec/io.c:348:40: warning: writing 1 byte into a region of size 0 [-Wstringop-overflow=]
  348 |         if (s == dot) *s++ = '.'; *s++ = '0' + (char)(x / d); x %= d
      |                                   ~~~~~^~~~~~~~~~~~~~~~~~~~~
./Modules/_decimal/libmpdec/io.c:361:14: note: in expansion of macro 'EXTRACT_DIGIT'
  361 |     case 13: EXTRACT_DIGIT(s, x, 1000000000000ULL, dot);
      |              ^~~~~~~~~~~~~
./Modules/_decimal/libmpdec/io.c:348:40: warning: writing 1 byte into a region of size 0 [-Wstringop-overflow=]
  348 |         if (s == dot) *s++ = '.'; *s++ = '0' + (char)(x / d); x %= d
      |                                   ~~~~~^~~~~~~~~~~~~~~~~~~~~
./Modules/_decimal/libmpdec/io.c:362:14: note: in expansion of macro 'EXTRACT_DIGIT'
  362 |     case 12: EXTRACT_DIGIT(s, x, 100000000000ULL, dot);
      |              ^~~~~~~~~~~~~
./Modules/_decimal/libmpdec/io.c:348:40: warning: writing 1 byte into a region of size 0 [-Wstringop-overflow=]
  348 |         if (s == dot) *s++ = '.'; *s++ = '0' + (char)(x / d); x %= d
      |                                   ~~~~~^~~~~~~~~~~~~~~~~~~~~
./Modules/_decimal/libmpdec/io.c:363:14: note: in expansion of macro 'EXTRACT_DIGIT'
  363 |     case 11: EXTRACT_DIGIT(s, x, 10000000000ULL, dot);
      |              ^~~~~~~~~~~~~
./Modules/_decimal/libmpdec/io.c:348:40: warning: writing 1 byte into a region of size 0 [-Wstringop-overflow=]
  348 |         if (s == dot) *s++ = '.'; *s++ = '0' + (char)(x / d); x %= d
      |                                   ~~~~~^~~~~~~~~~~~~~~~~~~~~
./Modules/_decimal/libmpdec/io.c:362:14: note: in expansion of macro 'EXTRACT_DIGIT'
  362 |     case 12: EXTRACT_DIGIT(s, x, 100000000000ULL, dot);
      |              ^~~~~~~~~~~~~
./Modules/_decimal/libmpdec/io.c:348:40: warning: writing 1 byte into a region of size 0 [-Wstringop-overflow=]
  348 |         if (s == dot) *s++ = '.'; *s++ = '0' + (char)(x / d); x %= d
      |                                   ~~~~~^~~~~~~~~~~~~~~~~~~~~
./Modules/_decimal/libmpdec/io.c:363:14: note: in expansion of macro 'EXTRACT_DIGIT'
  363 |     case 11: EXTRACT_DIGIT(s, x, 10000000000ULL, dot);
      |              ^~~~~~~~~~~~~
./Modules/_decimal/libmpdec/io.c:348:40: warning: writing 1 byte into a region of size 0 [-Wstringop-overflow=]
  348 |         if (s == dot) *s++ = '.'; *s++ = '0' + (char)(x / d); x %= d
      |                                   ~~~~~^~~~~~~~~~~~~~~~~~~~~
./Modules/_decimal/libmpdec/io.c:365:14: note: in expansion of macro 'EXTRACT_DIGIT'
  365 |     case 10: EXTRACT_DIGIT(s, x, 1000000000UL, dot);
      |              ^~~~~~~~~~~~~
./Modules/_decimal/libmpdec/io.c:348:40: warning: writing 1 byte into a region of size 0 [-Wstringop-overflow=]
  348 |         if (s == dot) *s++ = '.'; *s++ = '0' + (char)(x / d); x %= d
      |                                   ~~~~~^~~~~~~~~~~~~~~~~~~~~
./Modules/_decimal/libmpdec/io.c:363:14: note: in expansion of macro 'EXTRACT_DIGIT'
  363 |     case 11: EXTRACT_DIGIT(s, x, 10000000000ULL, dot);
      |              ^~~~~~~~~~~~~
./Modules/_decimal/libmpdec/io.c:348:40: warning: writing 1 byte into a region of size 0 [-Wstringop-overflow=]
  348 |         if (s == dot) *s++ = '.'; *s++ = '0' + (char)(x / d); x %= d
      |                                   ~~~~~^~~~~~~~~~~~~~~~~~~~~
./Modules/_decimal/libmpdec/io.c:365:14: note: in expansion of macro 'EXTRACT_DIGIT'
  365 |     case 10: EXTRACT_DIGIT(s, x, 1000000000UL, dot);
      |              ^~~~~~~~~~~~~
./Modules/_decimal/libmpdec/io.c:348:40: warning: writing 1 byte into a region of size 0 [-Wstringop-overflow=]
  348 |         if (s == dot) *s++ = '.'; *s++ = '0' + (char)(x / d); x %= d
      |                                   ~~~~~^~~~~~~~~~~~~~~~~~~~~
./Modules/_decimal/libmpdec/io.c:366:14: note: in expansion of macro 'EXTRACT_DIGIT'
  366 |     case 9:  EXTRACT_DIGIT(s, x, 100000000UL, dot);
      |              ^~~~~~~~~~~~~
./Modules/_decimal/libmpdec/io.c:348:40: warning: writing 1 byte into a region of size 0 [-Wstringop-overflow=]
  348 |         if (s == dot) *s++ = '.'; *s++ = '0' + (char)(x / d); x %= d
      |                                   ~~~~~^~~~~~~~~~~~~~~~~~~~~
./Modules/_decimal/libmpdec/io.c:365:14: note: in expansion of macro 'EXTRACT_DIGIT'
  365 |     case 10: EXTRACT_DIGIT(s, x, 1000000000UL, dot);
      |              ^~~~~~~~~~~~~
./Modules/_decimal/libmpdec/io.c:348:40: warning: writing 1 byte into a region of size 0 [-Wstringop-overflow=]
  348 |         if (s == dot) *s++ = '.'; *s++ = '0' + (char)(x / d); x %= d
      |                                   ~~~~~^~~~~~~~~~~~~~~~~~~~~
./Modules/_decimal/libmpdec/io.c:366:14: note: in expansion of macro 'EXTRACT_DIGIT'
  366 |     case 9:  EXTRACT_DIGIT(s, x, 100000000UL, dot);
      |              ^~~~~~~~~~~~~
./Modules/_decimal/libmpdec/io.c:348:40: warning: writing 1 byte into a region of size 0 [-Wstringop-overflow=]
  348 |         if (s == dot) *s++ = '.'; *s++ = '0' + (char)(x / d); x %= d
      |                                   ~~~~~^~~~~~~~~~~~~~~~~~~~~
./Modules/_decimal/libmpdec/io.c:367:14: note: in expansion of macro 'EXTRACT_DIGIT'
  367 |     case 8:  EXTRACT_DIGIT(s, x, 10000000UL, dot);
      |              ^~~~~~~~~~~~~
./Modules/_decimal/libmpdec/io.c:348:40: warning: writing 1 byte into a region of size 0 [-Wstringop-overflow=]
  348 |         if (s == dot) *s++ = '.'; *s++ = '0' + (char)(x / d); x %= d
      |                                   ~~~~~^~~~~~~~~~~~~~~~~~~~~
./Modules/_decimal/libmpdec/io.c:366:14: note: in expansion of macro 'EXTRACT_DIGIT'
  366 |     case 9:  EXTRACT_DIGIT(s, x, 100000000UL, dot);
      |              ^~~~~~~~~~~~~
./Modules/_decimal/libmpdec/io.c:348:40: warning: writing 1 byte into a region of size 0 [-Wstringop-overflow=]
  348 |         if (s == dot) *s++ = '.'; *s++ = '0' + (char)(x / d); x %= d
      |                                   ~~~~~^~~~~~~~~~~~~~~~~~~~~
./Modules/_decimal/libmpdec/io.c:367:14: note: in expansion of macro 'EXTRACT_DIGIT'
  367 |     case 8:  EXTRACT_DIGIT(s, x, 10000000UL, dot);
      |              ^~~~~~~~~~~~~
./Modules/_decimal/libmpdec/io.c:348:40: warning: writing 1 byte into a region of size 0 [-Wstringop-overflow=]
  348 |         if (s == dot) *s++ = '.'; *s++ = '0' + (char)(x / d); x %= d
      |                                   ~~~~~^~~~~~~~~~~~~~~~~~~~~
./Modules/_decimal/libmpdec/io.c:368:14: note: in expansion of macro 'EXTRACT_DIGIT'
  368 |     case 7:  EXTRACT_DIGIT(s, x, 1000000UL, dot);
      |              ^~~~~~~~~~~~~
./Modules/_decimal/libmpdec/io.c:348:40: warning: writing 1 byte into a region of size 0 [-Wstringop-overflow=]
  348 |         if (s == dot) *s++ = '.'; *s++ = '0' + (char)(x / d); x %= d
      |                                   ~~~~~^~~~~~~~~~~~~~~~~~~~~
./Modules/_decimal/libmpdec/io.c:367:14: note: in expansion of macro 'EXTRACT_DIGIT'
  367 |     case 8:  EXTRACT_DIGIT(s, x, 10000000UL, dot);
      |              ^~~~~~~~~~~~~
./Modules/_decimal/libmpdec/io.c:348:40: warning: writing 1 byte into a region of size 0 [-Wstringop-overflow=]
  348 |         if (s == dot) *s++ = '.'; *s++ = '0' + (char)(x / d); x %= d
      |                                   ~~~~~^~~~~~~~~~~~~~~~~~~~~
./Modules/_decimal/libmpdec/io.c:368:14: note: in expansion of macro 'EXTRACT_DIGIT'
  368 |     case 7:  EXTRACT_DIGIT(s, x, 1000000UL, dot);
      |              ^~~~~~~~~~~~~
./Modules/_decimal/libmpdec/io.c:348:40: warning: writing 1 byte into a region of size 0 [-Wstringop-overflow=]
  348 |         if (s == dot) *s++ = '.'; *s++ = '0' + (char)(x / d); x %= d
      |                                   ~~~~~^~~~~~~~~~~~~~~~~~~~~
./Modules/_decimal/libmpdec/io.c:369:14: note: in expansion of macro 'EXTRACT_DIGIT'
  369 |     case 6:  EXTRACT_DIGIT(s, x, 100000UL, dot);
      |              ^~~~~~~~~~~~~
./Modules/_decimal/libmpdec/io.c:348:40: warning: writing 1 byte into a region of size 0 [-Wstringop-overflow=]
  348 |         if (s == dot) *s++ = '.'; *s++ = '0' + (char)(x / d); x %= d
      |                                   ~~~~~^~~~~~~~~~~~~~~~~~~~~
./Modules/_decimal/libmpdec/io.c:368:14: note: in expansion of macro 'EXTRACT_DIGIT'
  368 |     case 7:  EXTRACT_DIGIT(s, x, 1000000UL, dot);
      |              ^~~~~~~~~~~~~
./Modules/_decimal/libmpdec/io.c:348:40: warning: writing 1 byte into a region of size 0 [-Wstringop-overflow=]
  348 |         if (s == dot) *s++ = '.'; *s++ = '0' + (char)(x / d); x %= d
      |                                   ~~~~~^~~~~~~~~~~~~~~~~~~~~
./Modules/_decimal/libmpdec/io.c:369:14: note: in expansion of macro 'EXTRACT_DIGIT'
  369 |     case 6:  EXTRACT_DIGIT(s, x, 100000UL, dot);
      |              ^~~~~~~~~~~~~
./Modules/_decimal/libmpdec/io.c:348:40: warning: writing 1 byte into a region of size 0 [-Wstringop-overflow=]
  348 |         if (s == dot) *s++ = '.'; *s++ = '0' + (char)(x / d); x %= d
      |                                   ~~~~~^~~~~~~~~~~~~~~~~~~~~
./Modules/_decimal/libmpdec/io.c:370:14: note: in expansion of macro 'EXTRACT_DIGIT'
  370 |     case 5:  EXTRACT_DIGIT(s, x, 10000UL, dot);
      |              ^~~~~~~~~~~~~
./Modules/_decimal/libmpdec/io.c:348:40: warning: writing 1 byte into a region of size 0 [-Wstringop-overflow=]
  348 |         if (s == dot) *s++ = '.'; *s++ = '0' + (char)(x / d); x %= d
      |                                   ~~~~~^~~~~~~~~~~~~~~~~~~~~
./Modules/_decimal/libmpdec/io.c:369:14: note: in expansion of macro 'EXTRACT_DIGIT'
  369 |     case 6:  EXTRACT_DIGIT(s, x, 100000UL, dot);
      |              ^~~~~~~~~~~~~
./Modules/_decimal/libmpdec/io.c:348:40: warning: writing 1 byte into a region of size 0 [-Wstringop-overflow=]
  348 |         if (s == dot) *s++ = '.'; *s++ = '0' + (char)(x / d); x %= d
      |                                   ~~~~~^~~~~~~~~~~~~~~~~~~~~
./Modules/_decimal/libmpdec/io.c:370:14: note: in expansion of macro 'EXTRACT_DIGIT'
  370 |     case 5:  EXTRACT_DIGIT(s, x, 10000UL, dot);
      |              ^~~~~~~~~~~~~
./Modules/_decimal/libmpdec/io.c:348:40: warning: writing 1 byte into a region of size 0 [-Wstringop-overflow=]
  348 |         if (s == dot) *s++ = '.'; *s++ = '0' + (char)(x / d); x %= d
      |                                   ~~~~~^~~~~~~~~~~~~~~~~~~~~
./Modules/_decimal/libmpdec/io.c:371:14: note: in expansion of macro 'EXTRACT_DIGIT'
  371 |     case 4:  EXTRACT_DIGIT(s, x, 1000UL, dot);
      |              ^~~~~~~~~~~~~
./Modules/_decimal/libmpdec/io.c:348:40: warning: writing 1 byte into a region of size 0 [-Wstringop-overflow=]
  348 |         if (s == dot) *s++ = '.'; *s++ = '0' + (char)(x / d); x %= d
      |                                   ~~~~~^~~~~~~~~~~~~~~~~~~~~
./Modules/_decimal/libmpdec/io.c:370:14: note: in expansion of macro 'EXTRACT_DIGIT'
  370 |     case 5:  EXTRACT_DIGIT(s, x, 10000UL, dot);
      |              ^~~~~~~~~~~~~
./Modules/_decimal/libmpdec/io.c:348:40: warning: writing 1 byte into a region of size 0 [-Wstringop-overflow=]
  348 |         if (s == dot) *s++ = '.'; *s++ = '0' + (char)(x / d); x %= d
      |                                   ~~~~~^~~~~~~~~~~~~~~~~~~~~
./Modules/_decimal/libmpdec/io.c:371:14: note: in expansion of macro 'EXTRACT_DIGIT'
  371 |     case 4:  EXTRACT_DIGIT(s, x, 1000UL, dot);
      |              ^~~~~~~~~~~~~
./Modules/_decimal/libmpdec/io.c:348:40: warning: writing 1 byte into a region of size 0 [-Wstringop-overflow=]
  348 |         if (s == dot) *s++ = '.'; *s++ = '0' + (char)(x / d); x %= d
      |                                   ~~~~~^~~~~~~~~~~~~~~~~~~~~
./Modules/_decimal/libmpdec/io.c:372:14: note: in expansion of macro 'EXTRACT_DIGIT'
  372 |     case 3:  EXTRACT_DIGIT(s, x, 100UL, dot);
      |              ^~~~~~~~~~~~~
./Modules/_decimal/libmpdec/io.c:348:40: warning: writing 1 byte into a region of size 0 [-Wstringop-overflow=]
  348 |         if (s == dot) *s++ = '.'; *s++ = '0' + (char)(x / d); x %= d
      |                                   ~~~~~^~~~~~~~~~~~~~~~~~~~~
./Modules/_decimal/libmpdec/io.c:371:14: note: in expansion of macro 'EXTRACT_DIGIT'
  371 |     case 4:  EXTRACT_DIGIT(s, x, 1000UL, dot);
      |              ^~~~~~~~~~~~~
./Modules/_decimal/libmpdec/io.c:348:40: warning: writing 1 byte into a region of size 0 [-Wstringop-overflow=]
  348 |         if (s == dot) *s++ = '.'; *s++ = '0' + (char)(x / d); x %= d
      |                                   ~~~~~^~~~~~~~~~~~~~~~~~~~~
./Modules/_decimal/libmpdec/io.c:372:14: note: in expansion of macro 'EXTRACT_DIGIT'
  372 |     case 3:  EXTRACT_DIGIT(s, x, 100UL, dot);
      |              ^~~~~~~~~~~~~
./Modules/_decimal/libmpdec/io.c:348:40: warning: writing 1 byte into a region of size 0 [-Wstringop-overflow=]
  348 |         if (s == dot) *s++ = '.'; *s++ = '0' + (char)(x / d); x %= d
      |                                   ~~~~~^~~~~~~~~~~~~~~~~~~~~
./Modules/_decimal/libmpdec/io.c:373:14: note: in expansion of macro 'EXTRACT_DIGIT'
  373 |     case 2:  EXTRACT_DIGIT(s, x, 10UL, dot);
      |              ^~~~~~~~~~~~~
./Modules/_decimal/libmpdec/io.c:348:40: warning: writing 1 byte into a region of size 0 [-Wstringop-overflow=]
  348 |         if (s == dot) *s++ = '.'; *s++ = '0' + (char)(x / d); x %= d
      |                                   ~~~~~^~~~~~~~~~~~~~~~~~~~~
./Modules/_decimal/libmpdec/io.c:372:14: note: in expansion of macro 'EXTRACT_DIGIT'
  372 |     case 3:  EXTRACT_DIGIT(s, x, 100UL, dot);
      |              ^~~~~~~~~~~~~
./Modules/_decimal/libmpdec/io.c:348:40: warning: writing 1 byte into a region of size 0 [-Wstringop-overflow=]
  348 |         if (s == dot) *s++ = '.'; *s++ = '0' + (char)(x / d); x %= d
      |                                   ~~~~~^~~~~~~~~~~~~~~~~~~~~
./Modules/_decimal/libmpdec/io.c:373:14: note: in expansion of macro 'EXTRACT_DIGIT'
  373 |     case 2:  EXTRACT_DIGIT(s, x, 10UL, dot);
      |              ^~~~~~~~~~~~~
./Modules/_decimal/libmpdec/io.c:348:40: warning: writing 1 byte into a region of size 0 [-Wstringop-overflow=]
  348 |         if (s == dot) *s++ = '.'; *s++ = '0' + (char)(x / d); x %= d
      |                                   ~~~~~^~~~~~~~~~~~~~~~~~~~~
./Modules/_decimal/libmpdec/io.c:373:14: note: in expansion of macro 'EXTRACT_DIGIT'
  373 |     case 2:  EXTRACT_DIGIT(s, x, 10UL, dot);
      |              ^~~~~~~~~~~~~
In function 'word_to_string',
    inlined from 'coeff_to_string' at ./Modules/_decimal/libmpdec/io.c:410:13,
    inlined from '_mpd_to_string' at ./Modules/_decimal/libmpdec/io.c:501:22:
./Modules/_decimal/libmpdec/io.c:348:40: warning: writing 1 byte into a region of size 0 [-Wstringop-overflow=]
  348 |         if (s == dot) *s++ = '.'; *s++ = '0' + (char)(x / d); x %= d
      |                                   ~~~~~^~~~~~~~~~~~~~~~~~~~~
./Modules/_decimal/libmpdec/io.c:359:14: note: in expansion of macro 'EXTRACT_DIGIT'
  359 |     case 15: EXTRACT_DIGIT(s, x, 100000000000000ULL, dot);
      |              ^~~~~~~~~~~~~
./Modules/_decimal/libmpdec/io.c:348:40: warning: writing 1 byte into a region of size 0 [-Wstringop-overflow=]
  348 |         if (s == dot) *s++ = '.'; *s++ = '0' + (char)(x / d); x %= d
      |                                   ~~~~~^~~~~~~~~~~~~~~~~~~~~
./Modules/_decimal/libmpdec/io.c:360:14: note: in expansion of macro 'EXTRACT_DIGIT'
  360 |     case 14: EXTRACT_DIGIT(s, x, 10000000000000ULL, dot);
      |              ^~~~~~~~~~~~~
./Modules/_decimal/libmpdec/io.c:348:40: warning: writing 1 byte into a region of size 0 [-Wstringop-overflow=]
  348 |         if (s == dot) *s++ = '.'; *s++ = '0' + (char)(x / d); x %= d
      |                                   ~~~~~^~~~~~~~~~~~~~~~~~~~~
./Modules/_decimal/libmpdec/io.c:361:14: note: in expansion of macro 'EXTRACT_DIGIT'
  361 |     case 13: EXTRACT_DIGIT(s, x, 1000000000000ULL, dot);
      |              ^~~~~~~~~~~~~
./Modules/_decimal/libmpdec/io.c:348:40: warning: writing 1 byte into a region of size 0 [-Wstringop-overflow=]
  348 |         if (s == dot) *s++ = '.'; *s++ = '0' + (char)(x / d); x %= d
      |                                   ~~~~~^~~~~~~~~~~~~~~~~~~~~
./Modules/_decimal/libmpdec/io.c:358:14: note: in expansion of macro 'EXTRACT_DIGIT'
  358 |     case 16: EXTRACT_DIGIT(s, x, 1000000000000000ULL, dot);
      |              ^~~~~~~~~~~~~
./Modules/_decimal/libmpdec/io.c:348:40: warning: writing 1 byte into a region of size 0 [-Wstringop-overflow=]
  348 |         if (s == dot) *s++ = '.'; *s++ = '0' + (char)(x / d); x %= d
      |                                   ~~~~~^~~~~~~~~~~~~~~~~~~~~
./Modules/_decimal/libmpdec/io.c:359:14: note: in expansion of macro 'EXTRACT_DIGIT'
  359 |     case 15: EXTRACT_DIGIT(s, x, 100000000000000ULL, dot);
      |              ^~~~~~~~~~~~~
./Modules/_decimal/libmpdec/io.c:348:40: warning: writing 1 byte into a region of size 0 [-Wstringop-overflow=]
  348 |         if (s == dot) *s++ = '.'; *s++ = '0' + (char)(x / d); x %= d
      |                                   ~~~~~^~~~~~~~~~~~~~~~~~~~~
./Modules/_decimal/libmpdec/io.c:360:14: note: in expansion of macro 'EXTRACT_DIGIT'
  360 |     case 14: EXTRACT_DIGIT(s, x, 10000000000000ULL, dot);
      |              ^~~~~~~~~~~~~
./Modules/_decimal/libmpdec/io.c:348:40: warning: writing 1 byte into a region of size 0 [-Wstringop-overflow=]
  348 |         if (s == dot) *s++ = '.'; *s++ = '0' + (char)(x / d); x %= d
      |                                   ~~~~~^~~~~~~~~~~~~~~~~~~~~
./Modules/_decimal/libmpdec/io.c:357:14: note: in expansion of macro 'EXTRACT_DIGIT'
  357 |     case 17: EXTRACT_DIGIT(s, x, 10000000000000000ULL, dot);
      |              ^~~~~~~~~~~~~
./Modules/_decimal/libmpdec/io.c:348:40: warning: writing 1 byte into a region of size 0 [-Wstringop-overflow=]
  348 |         if (s == dot) *s++ = '.'; *s++ = '0' + (char)(x / d); x %= d
      |                                   ~~~~~^~~~~~~~~~~~~~~~~~~~~
./Modules/_decimal/libmpdec/io.c:358:14: note: in expansion of macro 'EXTRACT_DIGIT'
  358 |     case 16: EXTRACT_DIGIT(s, x, 1000000000000000ULL, dot);
      |              ^~~~~~~~~~~~~
./Modules/_decimal/libmpdec/io.c:348:40: warning: writing 1 byte into a region of size 0 [-Wstringop-overflow=]
  348 |         if (s == dot) *s++ = '.'; *s++ = '0' + (char)(x / d); x %= d
      |                                   ~~~~~^~~~~~~~~~~~~~~~~~~~~
./Modules/_decimal/libmpdec/io.c:359:14: note: in expansion of macro 'EXTRACT_DIGIT'
  359 |     case 15: EXTRACT_DIGIT(s, x, 100000000000000ULL, dot);
      |              ^~~~~~~~~~~~~
./Modules/_decimal/libmpdec/io.c:348:40: warning: writing 1 byte into a region of size 0 [-Wstringop-overflow=]
  348 |         if (s == dot) *s++ = '.'; *s++ = '0' + (char)(x / d); x %= d
      |                                   ~~~~~^~~~~~~~~~~~~~~~~~~~~
./Modules/_decimal/libmpdec/io.c:356:14: note: in expansion of macro 'EXTRACT_DIGIT'
  356 |     case 18: EXTRACT_DIGIT(s, x, 100000000000000000ULL, dot);
      |              ^~~~~~~~~~~~~
./Modules/_decimal/libmpdec/io.c:348:40: warning: writing 1 byte into a region of size 0 [-Wstringop-overflow=]
  348 |         if (s == dot) *s++ = '.'; *s++ = '0' + (char)(x / d); x %= d
      |                                   ~~~~~^~~~~~~~~~~~~~~~~~~~~
./Modules/_decimal/libmpdec/io.c:357:14: note: in expansion of macro 'EXTRACT_DIGIT'
  357 |     case 17: EXTRACT_DIGIT(s, x, 10000000000000000ULL, dot);
      |              ^~~~~~~~~~~~~
./Modules/_decimal/libmpdec/io.c:348:40: warning: writing 1 byte into a region of size 0 [-Wstringop-overflow=]
  348 |         if (s == dot) *s++ = '.'; *s++ = '0' + (char)(x / d); x %= d
      |                                   ~~~~~^~~~~~~~~~~~~~~~~~~~~
./Modules/_decimal/libmpdec/io.c:358:14: note: in expansion of macro 'EXTRACT_DIGIT'
  358 |     case 16: EXTRACT_DIGIT(s, x, 1000000000000000ULL, dot);
      |              ^~~~~~~~~~~~~
./Modules/_decimal/libmpdec/io.c:348:40: warning: writing 1 byte into a region of size 0 [-Wstringop-overflow=]
  348 |         if (s == dot) *s++ = '.'; *s++ = '0' + (char)(x / d); x %= d
      |                                   ~~~~~^~~~~~~~~~~~~~~~~~~~~
./Modules/_decimal/libmpdec/io.c:360:14: note: in expansion of macro 'EXTRACT_DIGIT'
  360 |     case 14: EXTRACT_DIGIT(s, x, 10000000000000ULL, dot);
      |              ^~~~~~~~~~~~~
./Modules/_decimal/libmpdec/io.c:348:40: warning: writing 1 byte into a region of size 0 [-Wstringop-overflow=]
  348 |         if (s == dot) *s++ = '.'; *s++ = '0' + (char)(x / d); x %= d
      |                                   ~~~~~^~~~~~~~~~~~~~~~~~~~~
./Modules/_decimal/libmpdec/io.c:361:14: note: in expansion of macro 'EXTRACT_DIGIT'
  361 |     case 13: EXTRACT_DIGIT(s, x, 1000000000000ULL, dot);
      |              ^~~~~~~~~~~~~
./Modules/_decimal/libmpdec/io.c:348:40: warning: writing 1 byte into a region of size 0 [-Wstringop-overflow=]
  348 |         if (s == dot) *s++ = '.'; *s++ = '0' + (char)(x / d); x %= d
      |                                   ~~~~~^~~~~~~~~~~~~~~~~~~~~
./Modules/_decimal/libmpdec/io.c:362:14: note: in expansion of macro 'EXTRACT_DIGIT'
  362 |     case 12: EXTRACT_DIGIT(s, x, 100000000000ULL, dot);
      |              ^~~~~~~~~~~~~
./Modules/_decimal/libmpdec/io.c:348:40: warning: writing 1 byte into a region of size 0 [-Wstringop-overflow=]
  348 |         if (s == dot) *s++ = '.'; *s++ = '0' + (char)(x / d); x %= d
      |                                   ~~~~~^~~~~~~~~~~~~~~~~~~~~
./Modules/_decimal/libmpdec/io.c:361:14: note: in expansion of macro 'EXTRACT_DIGIT'
  361 |     case 13: EXTRACT_DIGIT(s, x, 1000000000000ULL, dot);
      |              ^~~~~~~~~~~~~
./Modules/_decimal/libmpdec/io.c:348:40: warning: writing 1 byte into a region of size 0 [-Wstringop-overflow=]
  348 |         if (s == dot) *s++ = '.'; *s++ = '0' + (char)(x / d); x %= d
      |                                   ~~~~~^~~~~~~~~~~~~~~~~~~~~
./Modules/_decimal/libmpdec/io.c:362:14: note: in expansion of macro 'EXTRACT_DIGIT'
  362 |     case 12: EXTRACT_DIGIT(s, x, 100000000000ULL, dot);
      |              ^~~~~~~~~~~~~
./Modules/_decimal/libmpdec/io.c:348:40: warning: writing 1 byte into a region of size 0 [-Wstringop-overflow=]
  348 |         if (s == dot) *s++ = '.'; *s++ = '0' + (char)(x / d); x %= d
      |                                   ~~~~~^~~~~~~~~~~~~~~~~~~~~
./Modules/_decimal/libmpdec/io.c:363:14: note: in expansion of macro 'EXTRACT_DIGIT'
  363 |     case 11: EXTRACT_DIGIT(s, x, 10000000000ULL, dot);
      |              ^~~~~~~~~~~~~
./Modules/_decimal/libmpdec/io.c:348:40: warning: writing 1 byte into a region of size 0 [-Wstringop-overflow=]
  348 |         if (s == dot) *s++ = '.'; *s++ = '0' + (char)(x / d); x %= d
      |                                   ~~~~~^~~~~~~~~~~~~~~~~~~~~
./Modules/_decimal/libmpdec/io.c:362:14: note: in expansion of macro 'EXTRACT_DIGIT'
  362 |     case 12: EXTRACT_DIGIT(s, x, 100000000000ULL, dot);
      |              ^~~~~~~~~~~~~
./Modules/_decimal/libmpdec/io.c:348:40: warning: writing 1 byte into a region of size 0 [-Wstringop-overflow=]
  348 |         if (s == dot) *s++ = '.'; *s++ = '0' + (char)(x / d); x %= d
      |                                   ~~~~~^~~~~~~~~~~~~~~~~~~~~
./Modules/_decimal/libmpdec/io.c:363:14: note: in expansion of macro 'EXTRACT_DIGIT'
  363 |     case 11: EXTRACT_DIGIT(s, x, 10000000000ULL, dot);
      |              ^~~~~~~~~~~~~
./Modules/_decimal/libmpdec/io.c:348:40: warning: writing 1 byte into a region of size 0 [-Wstringop-overflow=]
  348 |         if (s == dot) *s++ = '.'; *s++ = '0' + (char)(x / d); x %= d
      |                                   ~~~~~^~~~~~~~~~~~~~~~~~~~~
./Modules/_decimal/libmpdec/io.c:365:14: note: in expansion of macro 'EXTRACT_DIGIT'
  365 |     case 10: EXTRACT_DIGIT(s, x, 1000000000UL, dot);
      |              ^~~~~~~~~~~~~
./Modules/_decimal/libmpdec/io.c:348:40: warning: writing 1 byte into a region of size 0 [-Wstringop-overflow=]
  348 |         if (s == dot) *s++ = '.'; *s++ = '0' + (char)(x / d); x %= d
      |                                   ~~~~~^~~~~~~~~~~~~~~~~~~~~
./Modules/_decimal/libmpdec/io.c:363:14: note: in expansion of macro 'EXTRACT_DIGIT'
  363 |     case 11: EXTRACT_DIGIT(s, x, 10000000000ULL, dot);
      |              ^~~~~~~~~~~~~
./Modules/_decimal/libmpdec/io.c:348:40: warning: writing 1 byte into a region of size 0 [-Wstringop-overflow=]
  348 |         if (s == dot) *s++ = '.'; *s++ = '0' + (char)(x / d); x %= d
      |                                   ~~~~~^~~~~~~~~~~~~~~~~~~~~
./Modules/_decimal/libmpdec/io.c:365:14: note: in expansion of macro 'EXTRACT_DIGIT'
  365 |     case 10: EXTRACT_DIGIT(s, x, 1000000000UL, dot);
      |              ^~~~~~~~~~~~~
./Modules/_decimal/libmpdec/io.c:348:40: warning: writing 1 byte into a region of size 0 [-Wstringop-overflow=]
  348 |         if (s == dot) *s++ = '.'; *s++ = '0' + (char)(x / d); x %= d
      |                                   ~~~~~^~~~~~~~~~~~~~~~~~~~~
./Modules/_decimal/libmpdec/io.c:366:14: note: in expansion of macro 'EXTRACT_DIGIT'
  366 |     case 9:  EXTRACT_DIGIT(s, x, 100000000UL, dot);
      |              ^~~~~~~~~~~~~
./Modules/_decimal/libmpdec/io.c:348:40: warning: writing 1 byte into a region of size 0 [-Wstringop-overflow=]
  348 |         if (s == dot) *s++ = '.'; *s++ = '0' + (char)(x / d); x %= d
      |                                   ~~~~~^~~~~~~~~~~~~~~~~~~~~
./Modules/_decimal/libmpdec/io.c:365:14: note: in expansion of macro 'EXTRACT_DIGIT'
  365 |     case 10: EXTRACT_DIGIT(s, x, 1000000000UL, dot);
      |              ^~~~~~~~~~~~~
./Modules/_decimal/libmpdec/io.c:348:40: warning: writing 1 byte into a region of size 0 [-Wstringop-overflow=]
  348 |         if (s == dot) *s++ = '.'; *s++ = '0' + (char)(x / d); x %= d
      |                                   ~~~~~^~~~~~~~~~~~~~~~~~~~~
./Modules/_decimal/libmpdec/io.c:366:14: note: in expansion of macro 'EXTRACT_DIGIT'
  366 |     case 9:  EXTRACT_DIGIT(s, x, 100000000UL, dot);
      |              ^~~~~~~~~~~~~
./Modules/_decimal/libmpdec/io.c:348:40: warning: writing 1 byte into a region of size 0 [-Wstringop-overflow=]
  348 |         if (s == dot) *s++ = '.'; *s++ = '0' + (char)(x / d); x %= d
      |                                   ~~~~~^~~~~~~~~~~~~~~~~~~~~
./Modules/_decimal/libmpdec/io.c:367:14: note: in expansion of macro 'EXTRACT_DIGIT'
  367 |     case 8:  EXTRACT_DIGIT(s, x, 10000000UL, dot);
      |              ^~~~~~~~~~~~~
./Modules/_decimal/libmpdec/io.c:348:40: warning: writing 1 byte into a region of size 0 [-Wstringop-overflow=]
  348 |         if (s == dot) *s++ = '.'; *s++ = '0' + (char)(x / d); x %= d
      |                                   ~~~~~^~~~~~~~~~~~~~~~~~~~~
./Modules/_decimal/libmpdec/io.c:366:14: note: in expansion of macro 'EXTRACT_DIGIT'
  366 |     case 9:  EXTRACT_DIGIT(s, x, 100000000UL, dot);
      |              ^~~~~~~~~~~~~
./Modules/_decimal/libmpdec/io.c:348:40: warning: writing 1 byte into a region of size 0 [-Wstringop-overflow=]
  348 |         if (s == dot) *s++ = '.'; *s++ = '0' + (char)(x / d); x %= d
      |                                   ~~~~~^~~~~~~~~~~~~~~~~~~~~
./Modules/_decimal/libmpdec/io.c:367:14: note: in expansion of macro 'EXTRACT_DIGIT'
  367 |     case 8:  EXTRACT_DIGIT(s, x, 10000000UL, dot);
      |              ^~~~~~~~~~~~~
./Modules/_decimal/libmpdec/io.c:348:40: warning: writing 1 byte into a region of size 0 [-Wstringop-overflow=]
  348 |         if (s == dot) *s++ = '.'; *s++ = '0' + (char)(x / d); x %= d
      |                                   ~~~~~^~~~~~~~~~~~~~~~~~~~~
./Modules/_decimal/libmpdec/io.c:368:14: note: in expansion of macro 'EXTRACT_DIGIT'
  368 |     case 7:  EXTRACT_DIGIT(s, x, 1000000UL, dot);
      |              ^~~~~~~~~~~~~
./Modules/_decimal/libmpdec/io.c:348:40: warning: writing 1 byte into a region of size 0 [-Wstringop-overflow=]
  348 |         if (s == dot) *s++ = '.'; *s++ = '0' + (char)(x / d); x %= d
      |                                   ~~~~~^~~~~~~~~~~~~~~~~~~~~
./Modules/_decimal/libmpdec/io.c:367:14: note: in expansion of macro 'EXTRACT_DIGIT'
  367 |     case 8:  EXTRACT_DIGIT(s, x, 10000000UL, dot);
      |              ^~~~~~~~~~~~~
./Modules/_decimal/libmpdec/io.c:348:40: warning: writing 1 byte into a region of size 0 [-Wstringop-overflow=]
  348 |         if (s == dot) *s++ = '.'; *s++ = '0' + (char)(x / d); x %= d
      |                                   ~~~~~^~~~~~~~~~~~~~~~~~~~~
./Modules/_decimal/libmpdec/io.c:368:14: note: in expansion of macro 'EXTRACT_DIGIT'
  368 |     case 7:  EXTRACT_DIGIT(s, x, 1000000UL, dot);
      |              ^~~~~~~~~~~~~
./Modules/_decimal/libmpdec/io.c:348:40: warning: writing 1 byte into a region of size 0 [-Wstringop-overflow=]
  348 |         if (s == dot) *s++ = '.'; *s++ = '0' + (char)(x / d); x %= d
      |                                   ~~~~~^~~~~~~~~~~~~~~~~~~~~
./Modules/_decimal/libmpdec/io.c:369:14: note: in expansion of macro 'EXTRACT_DIGIT'
  369 |     case 6:  EXTRACT_DIGIT(s, x, 100000UL, dot);
      |              ^~~~~~~~~~~~~
./Modules/_decimal/libmpdec/io.c:348:40: warning: writing 1 byte into a region of size 0 [-Wstringop-overflow=]
  348 |         if (s == dot) *s++ = '.'; *s++ = '0' + (char)(x / d); x %= d
      |                                   ~~~~~^~~~~~~~~~~~~~~~~~~~~
./Modules/_decimal/libmpdec/io.c:368:14: note: in expansion of macro 'EXTRACT_DIGIT'
  368 |     case 7:  EXTRACT_DIGIT(s, x, 1000000UL, dot);
      |              ^~~~~~~~~~~~~
./Modules/_decimal/libmpdec/io.c:348:40: warning: writing 1 byte into a region of size 0 [-Wstringop-overflow=]
  348 |         if (s == dot) *s++ = '.'; *s++ = '0' + (char)(x / d); x %= d
      |                                   ~~~~~^~~~~~~~~~~~~~~~~~~~~
./Modules/_decimal/libmpdec/io.c:369:14: note: in expansion of macro 'EXTRACT_DIGIT'
  369 |     case 6:  EXTRACT_DIGIT(s, x, 100000UL, dot);
      |              ^~~~~~~~~~~~~
./Modules/_decimal/libmpdec/io.c:348:40: warning: writing 1 byte into a region of size 0 [-Wstringop-overflow=]
  348 |         if (s == dot) *s++ = '.'; *s++ = '0' + (char)(x / d); x %= d
      |                                   ~~~~~^~~~~~~~~~~~~~~~~~~~~
./Modules/_decimal/libmpdec/io.c:370:14: note: in expansion of macro 'EXTRACT_DIGIT'
  370 |     case 5:  EXTRACT_DIGIT(s, x, 10000UL, dot);
      |              ^~~~~~~~~~~~~
./Modules/_decimal/libmpdec/io.c:348:40: warning: writing 1 byte into a region of size 0 [-Wstringop-overflow=]
  348 |         if (s == dot) *s++ = '.'; *s++ = '0' + (char)(x / d); x %= d
      |                                   ~~~~~^~~~~~~~~~~~~~~~~~~~~
./Modules/_decimal/libmpdec/io.c:369:14: note: in expansion of macro 'EXTRACT_DIGIT'
  369 |     case 6:  EXTRACT_DIGIT(s, x, 100000UL, dot);
      |              ^~~~~~~~~~~~~
./Modules/_decimal/libmpdec/io.c:348:40: warning: writing 1 byte into a region of size 0 [-Wstringop-overflow=]
  348 |         if (s == dot) *s++ = '.'; *s++ = '0' + (char)(x / d); x %= d
      |                                   ~~~~~^~~~~~~~~~~~~~~~~~~~~
./Modules/_decimal/libmpdec/io.c:370:14: note: in expansion of macro 'EXTRACT_DIGIT'
  370 |     case 5:  EXTRACT_DIGIT(s, x, 10000UL, dot);
      |              ^~~~~~~~~~~~~
./Modules/_decimal/libmpdec/io.c:348:40: warning: writing 1 byte into a region of size 0 [-Wstringop-overflow=]
  348 |         if (s == dot) *s++ = '.'; *s++ = '0' + (char)(x / d); x %= d
      |                                   ~~~~~^~~~~~~~~~~~~~~~~~~~~
./Modules/_decimal/libmpdec/io.c:371:14: note: in expansion of macro 'EXTRACT_DIGIT'
  371 |     case 4:  EXTRACT_DIGIT(s, x, 1000UL, dot);
      |              ^~~~~~~~~~~~~
./Modules/_decimal/libmpdec/io.c:348:40: warning: writing 1 byte into a region of size 0 [-Wstringop-overflow=]
  348 |         if (s == dot) *s++ = '.'; *s++ = '0' + (char)(x / d); x %= d
      |                                   ~~~~~^~~~~~~~~~~~~~~~~~~~~
./Modules/_decimal/libmpdec/io.c:370:14: note: in expansion of macro 'EXTRACT_DIGIT'
  370 |     case 5:  EXTRACT_DIGIT(s, x, 10000UL, dot);
      |              ^~~~~~~~~~~~~
./Modules/_decimal/libmpdec/io.c:348:40: warning: writing 1 byte into a region of size 0 [-Wstringop-overflow=]
  348 |         if (s == dot) *s++ = '.'; *s++ = '0' + (char)(x / d); x %= d
      |                                   ~~~~~^~~~~~~~~~~~~~~~~~~~~
./Modules/_decimal/libmpdec/io.c:371:14: note: in expansion of macro 'EXTRACT_DIGIT'
  371 |     case 4:  EXTRACT_DIGIT(s, x, 1000UL, dot);
      |              ^~~~~~~~~~~~~
./Modules/_decimal/libmpdec/io.c:348:40: warning: writing 1 byte into a region of size 0 [-Wstringop-overflow=]
  348 |         if (s == dot) *s++ = '.'; *s++ = '0' + (char)(x / d); x %= d
      |                                   ~~~~~^~~~~~~~~~~~~~~~~~~~~
./Modules/_decimal/libmpdec/io.c:372:14: note: in expansion of macro 'EXTRACT_DIGIT'
  372 |     case 3:  EXTRACT_DIGIT(s, x, 100UL, dot);
      |              ^~~~~~~~~~~~~
./Modules/_decimal/libmpdec/io.c:348:40: warning: writing 1 byte into a region of size 0 [-Wstringop-overflow=]
  348 |         if (s == dot) *s++ = '.'; *s++ = '0' + (char)(x / d); x %= d
      |                                   ~~~~~^~~~~~~~~~~~~~~~~~~~~
./Modules/_decimal/libmpdec/io.c:371:14: note: in expansion of macro 'EXTRACT_DIGIT'
  371 |     case 4:  EXTRACT_DIGIT(s, x, 1000UL, dot);
      |              ^~~~~~~~~~~~~
./Modules/_decimal/libmpdec/io.c:348:40: warning: writing 1 byte into a region of size 0 [-Wstringop-overflow=]
  348 |         if (s == dot) *s++ = '.'; *s++ = '0' + (char)(x / d); x %= d
      |                                   ~~~~~^~~~~~~~~~~~~~~~~~~~~
./Modules/_decimal/libmpdec/io.c:372:14: note: in expansion of macro 'EXTRACT_DIGIT'
  372 |     case 3:  EXTRACT_DIGIT(s, x, 100UL, dot);
      |              ^~~~~~~~~~~~~
./Modules/_decimal/libmpdec/io.c:348:40: warning: writing 1 byte into a region of size 0 [-Wstringop-overflow=]
  348 |         if (s == dot) *s++ = '.'; *s++ = '0' + (char)(x / d); x %= d
      |                                   ~~~~~^~~~~~~~~~~~~~~~~~~~~
./Modules/_decimal/libmpdec/io.c:373:14: note: in expansion of macro 'EXTRACT_DIGIT'
  373 |     case 2:  EXTRACT_DIGIT(s, x, 10UL, dot);
      |              ^~~~~~~~~~~~~
./Modules/_decimal/libmpdec/io.c:348:40: warning: writing 1 byte into a region of size 0 [-Wstringop-overflow=]
  348 |         if (s == dot) *s++ = '.'; *s++ = '0' + (char)(x / d); x %= d
      |                                   ~~~~~^~~~~~~~~~~~~~~~~~~~~
./Modules/_decimal/libmpdec/io.c:372:14: note: in expansion of macro 'EXTRACT_DIGIT'
  372 |     case 3:  EXTRACT_DIGIT(s, x, 100UL, dot);
      |              ^~~~~~~~~~~~~
./Modules/_decimal/libmpdec/io.c:348:40: warning: writing 1 byte into a region of size 0 [-Wstringop-overflow=]
  348 |         if (s == dot) *s++ = '.'; *s++ = '0' + (char)(x / d); x %= d
      |                                   ~~~~~^~~~~~~~~~~~~~~~~~~~~
./Modules/_decimal/libmpdec/io.c:373:14: note: in expansion of macro 'EXTRACT_DIGIT'
  373 |     case 2:  EXTRACT_DIGIT(s, x, 10UL, dot);
      |              ^~~~~~~~~~~~~
./Modules/_decimal/libmpdec/io.c:348:40: warning: writing 1 byte into a region of size 0 [-Wstringop-overflow=]
  348 |         if (s == dot) *s++ = '.'; *s++ = '0' + (char)(x / d); x %= d
      |                                   ~~~~~^~~~~~~~~~~~~~~~~~~~~
./Modules/_decimal/libmpdec/io.c:373:14: note: in expansion of macro 'EXTRACT_DIGIT'
  373 |     case 2:  EXTRACT_DIGIT(s, x, 10UL, dot);
      |              ^~~~~~~~~~~~~
/root/.local/state/pgb/bin/cc -c -I./Modules/_decimal/libmpdec -DCONFIG_64=1 -DANSI=1 -DHAVE_UINT128_T=1 -fno-strict-overflow -Wsign-compare -DNDEBUG -g -O3 -Wall    -std=c11 -Wextra -Wno-unused-parameter -Wno-missing-field-initializers -Wstrict-prototypes -Werror=implicit-function-declaration -fvisibility=hidden  -I./Include/internal  -I. -I./Include    -fPIC -o Modules/_decimal/libmpdec/mpdecimal.o ./Modules/_decimal/libmpdec/mpdecimal.c
/root/.local/state/pgb/bin/cc -c -I./Modules/_decimal/libmpdec -DCONFIG_64=1 -DANSI=1 -DHAVE_UINT128_T=1 -fno-strict-overflow -Wsign-compare -DNDEBUG -g -O3 -Wall    -std=c11 -Wextra -Wno-unused-parameter -Wno-missing-field-initializers -Wstrict-prototypes -Werror=implicit-function-declaration -fvisibility=hidden  -I./Include/internal  -I. -I./Include    -fPIC -o Modules/_decimal/libmpdec/numbertheory.o ./Modules/_decimal/libmpdec/numbertheory.c
/root/.local/state/pgb/bin/cc -c -I./Modules/_decimal/libmpdec -DCONFIG_64=1 -DANSI=1 -DHAVE_UINT128_T=1 -fno-strict-overflow -Wsign-compare -DNDEBUG -g -O3 -Wall    -std=c11 -Wextra -Wno-unused-parameter -Wno-missing-field-initializers -Wstrict-prototypes -Werror=implicit-function-declaration -fvisibility=hidden  -I./Include/internal  -I. -I./Include    -fPIC -o Modules/_decimal/libmpdec/sixstep.o ./Modules/_decimal/libmpdec/sixstep.c
/root/.local/state/pgb/bin/cc -c -I./Modules/_decimal/libmpdec -DCONFIG_64=1 -DANSI=1 -DHAVE_UINT128_T=1 -fno-strict-overflow -Wsign-compare -DNDEBUG -g -O3 -Wall    -std=c11 -Wextra -Wno-unused-parameter -Wno-missing-field-initializers -Wstrict-prototypes -Werror=implicit-function-declaration -fvisibility=hidden  -I./Include/internal  -I. -I./Include    -fPIC -o Modules/_decimal/libmpdec/transpose.o ./Modules/_decimal/libmpdec/transpose.c
/root/.local/state/pgb/bin/cc -DUSE_ZLIB_CRC32  -fno-strict-overflow -Wsign-compare -DNDEBUG -g -O3 -Wall    -std=c11 -Wextra -Wno-unused-parameter -Wno-missing-field-initializers -Wstrict-prototypes -Werror=implicit-function-declaration -fvisibility=hidden  -I./Include/internal  -I. -I./Include    -DPy_BUILD_CORE_BUILTIN -c ./Modules/binascii.c -o Modules/binascii.o
/root/.local/state/pgb/bin/cc  -fno-strict-overflow -Wsign-compare -DNDEBUG -g -O3 -Wall    -std=c11 -Wextra -Wno-unused-parameter -Wno-missing-field-initializers -Wstrict-prototypes -Werror=implicit-function-declaration -fvisibility=hidden  -I./Include/internal  -I. -I./Include    -DPy_BUILD_CORE_BUILTIN -c ./Modules/zlibmodule.c -o Modules/zlibmodule.o
/root/.local/state/pgb/bin/cc  -I./Modules/_hacl/include -D_BSD_SOURCE -D_DEFAULT_SOURCE -fno-strict-overflow -Wsign-compare -DNDEBUG -g -O3 -Wall    -std=c11 -Wextra -Wno-unused-parameter -Wno-missing-field-initializers -Wstrict-prototypes -Werror=implicit-function-declaration -fvisibility=hidden  -I./Include/internal  -I. -I./Include    -DPy_BUILD_CORE_BUILTIN -c ./Modules/md5module.c -o Modules/md5module.o
/root/.local/state/pgb/bin/cc  -I./Modules/_hacl/include -D_BSD_SOURCE -D_DEFAULT_SOURCE -fno-strict-overflow -Wsign-compare -DNDEBUG -g -O3 -Wall    -std=c11 -Wextra -Wno-unused-parameter -Wno-missing-field-initializers -Wstrict-prototypes -Werror=implicit-function-declaration -fvisibility=hidden  -I./Include/internal  -I. -I./Include    -DPy_BUILD_CORE_BUILTIN -c ./Modules/_hacl/Hacl_Hash_MD5.c -o Modules/_hacl/Hacl_Hash_MD5.o
/root/.local/state/pgb/bin/cc  -I./Modules/_hacl/include -D_BSD_SOURCE -D_DEFAULT_SOURCE -fno-strict-overflow -Wsign-compare -DNDEBUG -g -O3 -Wall    -std=c11 -Wextra -Wno-unused-parameter -Wno-missing-field-initializers -Wstrict-prototypes -Werror=implicit-function-declaration -fvisibility=hidden  -I./Include/internal  -I. -I./Include    -DPy_BUILD_CORE_BUILTIN -c ./Modules/sha1module.c -o Modules/sha1module.o
/root/.local/state/pgb/bin/cc  -I./Modules/_hacl/include -D_BSD_SOURCE -D_DEFAULT_SOURCE -fno-strict-overflow -Wsign-compare -DNDEBUG -g -O3 -Wall    -std=c11 -Wextra -Wno-unused-parameter -Wno-missing-field-initializers -Wstrict-prototypes -Werror=implicit-function-declaration -fvisibility=hidden  -I./Include/internal  -I. -I./Include    -DPy_BUILD_CORE_BUILTIN -c ./Modules/_hacl/Hacl_Hash_SHA1.c -o Modules/_hacl/Hacl_Hash_SHA1.o
/root/.local/state/pgb/bin/cc -c -I./Modules/_hacl/include -D_BSD_SOURCE -D_DEFAULT_SOURCE -fno-strict-overflow -Wsign-compare -DNDEBUG -g -O3 -Wall    -std=c11 -Wextra -Wno-unused-parameter -Wno-missing-field-initializers -Wstrict-prototypes -Werror=implicit-function-declaration -fvisibility=hidden  -I./Include/internal  -I. -I./Include    -fPIC -o Modules/_hacl/Hacl_Hash_SHA2.o ./Modules/_hacl/Hacl_Hash_SHA2.c
/root/.local/state/pgb/bin/cc  -I./Modules/_hacl/include -D_BSD_SOURCE -D_DEFAULT_SOURCE -fno-strict-overflow -Wsign-compare -DNDEBUG -g -O3 -Wall    -std=c11 -Wextra -Wno-unused-parameter -Wno-missing-field-initializers -Wstrict-prototypes -Werror=implicit-function-declaration -fvisibility=hidden  -I./Include/internal  -I. -I./Include    -DPy_BUILD_CORE_BUILTIN -c ./Modules/sha3module.c -o Modules/sha3module.o
/root/.local/state/pgb/bin/cc  -I./Modules/_hacl/include -D_BSD_SOURCE -D_DEFAULT_SOURCE -fno-strict-overflow -Wsign-compare -DNDEBUG -g -O3 -Wall    -std=c11 -Wextra -Wno-unused-parameter -Wno-missing-field-initializers -Wstrict-prototypes -Werror=implicit-function-declaration -fvisibility=hidden  -I./Include/internal  -I. -I./Include    -DPy_BUILD_CORE_BUILTIN -c ./Modules/_hacl/Hacl_Hash_SHA3.c -o Modules/_hacl/Hacl_Hash_SHA3.o
/root/.local/state/pgb/bin/cc  -fno-strict-overflow -Wsign-compare -DNDEBUG -g -O3 -Wall    -std=c11 -Wextra -Wno-unused-parameter -Wno-missing-field-initializers -Wstrict-prototypes -Werror=implicit-function-declaration -fvisibility=hidden  -I./Include/internal  -I. -I./Include    -DPy_BUILD_CORE_BUILTIN -c ./Modules/_blake2/blake2module.c -o Modules/_blake2/blake2module.o
/root/.local/state/pgb/bin/cc  -fno-strict-overflow -Wsign-compare -DNDEBUG -g -O3 -Wall    -std=c11 -Wextra -Wno-unused-parameter -Wno-missing-field-initializers -Wstrict-prototypes -Werror=implicit-function-declaration -fvisibility=hidden  -I./Include/internal  -I. -I./Include    -DPy_BUILD_CORE_BUILTIN -c ./Modules/_blake2/blake2b_impl.c -o Modules/_blake2/blake2b_impl.o
/root/.local/state/pgb/bin/cc  -fno-strict-overflow -Wsign-compare -DNDEBUG -g -O3 -Wall    -std=c11 -Wextra -Wno-unused-parameter -Wno-missing-field-initializers -Wstrict-prototypes -Werror=implicit-function-declaration -fvisibility=hidden  -I./Include/internal  -I. -I./Include    -DPy_BUILD_CORE_BUILTIN -c ./Modules/_blake2/blake2s_impl.c -o Modules/_blake2/blake2s_impl.o
/root/.local/state/pgb/bin/cc -c -I./Modules/expat -fno-strict-overflow -Wsign-compare -DNDEBUG -g -O3 -Wall    -std=c11 -Wextra -Wno-unused-parameter -Wno-missing-field-initializers -Wstrict-prototypes -Werror=implicit-function-declaration -fvisibility=hidden  -I./Include/internal  -I. -I./Include    -fPIC -o Modules/expat/xmlparse.o ./Modules/expat/xmlparse.c
/root/.local/state/pgb/bin/cc -c -I./Modules/expat -fno-strict-overflow -Wsign-compare -DNDEBUG -g -O3 -Wall    -std=c11 -Wextra -Wno-unused-parameter -Wno-missing-field-initializers -Wstrict-prototypes -Werror=implicit-function-declaration -fvisibility=hidden  -I./Include/internal  -I. -I./Include    -fPIC -o Modules/expat/xmlrole.o ./Modules/expat/xmlrole.c
/root/.local/state/pgb/bin/cc -c -I./Modules/expat -fno-strict-overflow -Wsign-compare -DNDEBUG -g -O3 -Wall    -std=c11 -Wextra -Wno-unused-parameter -Wno-missing-field-initializers -Wstrict-prototypes -Werror=implicit-function-declaration -fvisibility=hidden  -I./Include/internal  -I. -I./Include    -fPIC -o Modules/expat/xmltok.o ./Modules/expat/xmltok.c
/root/.local/state/pgb/bin/cc  -fno-strict-overflow -Wsign-compare -DNDEBUG -g -O3 -Wall    -std=c11 -Wextra -Wno-unused-parameter -Wno-missing-field-initializers -Wstrict-prototypes -Werror=implicit-function-declaration -fvisibility=hidden  -I./Include/internal  -I. -I./Include    -DPy_BUILD_CORE_BUILTIN -c ./Modules/cjkcodecs/_codecs_cn.c -o Modules/cjkcodecs/_codecs_cn.o
/root/.local/state/pgb/bin/cc  -fno-strict-overflow -Wsign-compare -DNDEBUG -g -O3 -Wall    -std=c11 -Wextra -Wno-unused-parameter -Wno-missing-field-initializers -Wstrict-prototypes -Werror=implicit-function-declaration -fvisibility=hidden  -I./Include/internal  -I. -I./Include    -DPy_BUILD_CORE_BUILTIN -c ./Modules/cjkcodecs/_codecs_hk.c -o Modules/cjkcodecs/_codecs_hk.o
/root/.local/state/pgb/bin/cc  -fno-strict-overflow -Wsign-compare -DNDEBUG -g -O3 -Wall    -std=c11 -Wextra -Wno-unused-parameter -Wno-missing-field-initializers -Wstrict-prototypes -Werror=implicit-function-declaration -fvisibility=hidden  -I./Include/internal  -I. -I./Include    -DPy_BUILD_CORE_BUILTIN -c ./Modules/cjkcodecs/_codecs_iso2022.c -o Modules/cjkcodecs/_codecs_iso2022.o
/root/.local/state/pgb/bin/cc  -fno-strict-overflow -Wsign-compare -DNDEBUG -g -O3 -Wall    -std=c11 -Wextra -Wno-unused-parameter -Wno-missing-field-initializers -Wstrict-prototypes -Werror=implicit-function-declaration -fvisibility=hidden  -I./Include/internal  -I. -I./Include    -DPy_BUILD_CORE_BUILTIN -c ./Modules/cjkcodecs/_codecs_jp.c -o Modules/cjkcodecs/_codecs_jp.o
/root/.local/state/pgb/bin/cc  -fno-strict-overflow -Wsign-compare -DNDEBUG -g -O3 -Wall    -std=c11 -Wextra -Wno-unused-parameter -Wno-missing-field-initializers -Wstrict-prototypes -Werror=implicit-function-declaration -fvisibility=hidden  -I./Include/internal  -I. -I./Include    -DPy_BUILD_CORE_BUILTIN -c ./Modules/cjkcodecs/_codecs_kr.c -o Modules/cjkcodecs/_codecs_kr.o
/root/.local/state/pgb/bin/cc  -fno-strict-overflow -Wsign-compare -DNDEBUG -g -O3 -Wall    -std=c11 -Wextra -Wno-unused-parameter -Wno-missing-field-initializers -Wstrict-prototypes -Werror=implicit-function-declaration -fvisibility=hidden  -I./Include/internal  -I. -I./Include    -DPy_BUILD_CORE_BUILTIN -c ./Modules/cjkcodecs/_codecs_tw.c -o Modules/cjkcodecs/_codecs_tw.o
/root/.local/state/pgb/bin/cc  -fno-strict-overflow -Wsign-compare -DNDEBUG -g -O3 -Wall    -std=c11 -Wextra -Wno-unused-parameter -Wno-missing-field-initializers -Wstrict-prototypes -Werror=implicit-function-declaration -fvisibility=hidden  -I./Include/internal  -I. -I./Include    -DPy_BUILD_CORE_BUILTIN -c ./Modules/cjkcodecs/multibytecodec.c -o Modules/cjkcodecs/multibytecodec.o
/root/.local/state/pgb/bin/cc  -fno-strict-overflow -Wsign-compare -DNDEBUG -g -O3 -Wall    -std=c11 -Wextra -Wno-unused-parameter -Wno-missing-field-initializers -Wstrict-prototypes -Werror=implicit-function-declaration -fvisibility=hidden  -I./Include/internal  -I. -I./Include    -DPy_BUILD_CORE_BUILTIN -c ./Modules/unicodedata.c -o Modules/unicodedata.o
/root/.local/state/pgb/bin/cc  -fno-strict-overflow -Wsign-compare -DNDEBUG -g -O3 -Wall    -std=c11 -Wextra -Wno-unused-parameter -Wno-missing-field-initializers -Wstrict-prototypes -Werror=implicit-function-declaration -fvisibility=hidden  -I./Include/internal  -I. -I./Include    -DPy_BUILD_CORE_BUILTIN -c ./Modules/_cryptmodule.c -o Modules/_cryptmodule.o
/root/.local/state/pgb/bin/cc  -fno-strict-overflow -Wsign-compare -DNDEBUG -g -O3 -Wall    -std=c11 -Wextra -Wno-unused-parameter -Wno-missing-field-initializers -Wstrict-prototypes -Werror=implicit-function-declaration -fvisibility=hidden  -I./Include/internal  -I. -I./Include    -DPy_BUILD_CORE_BUILTIN -c ./Modules/fcntlmodule.c -o Modules/fcntlmodule.o
/root/.local/state/pgb/bin/cc  -fno-strict-overflow -Wsign-compare -DNDEBUG -g -O3 -Wall    -std=c11 -Wextra -Wno-unused-parameter -Wno-missing-field-initializers -Wstrict-prototypes -Werror=implicit-function-declaration -fvisibility=hidden  -I./Include/internal  -I. -I./Include    -DPy_BUILD_CORE_BUILTIN -c ./Modules/grpmodule.c -o Modules/grpmodule.o
/root/.local/state/pgb/bin/cc  -fno-strict-overflow -Wsign-compare -DNDEBUG -g -O3 -Wall    -std=c11 -Wextra -Wno-unused-parameter -Wno-missing-field-initializers -Wstrict-prototypes -Werror=implicit-function-declaration -fvisibility=hidden  -I./Include/internal  -I. -I./Include    -DPy_BUILD_CORE_BUILTIN -c ./Modules/mmapmodule.c -o Modules/mmapmodule.o
/root/.local/state/pgb/bin/cc  -fno-strict-overflow -Wsign-compare -DNDEBUG -g -O3 -Wall    -std=c11 -Wextra -Wno-unused-parameter -Wno-missing-field-initializers -Wstrict-prototypes -Werror=implicit-function-declaration -fvisibility=hidden  -I./Include/internal  -I. -I./Include    -DPy_BUILD_CORE_BUILTIN -c ./Modules/ossaudiodev.c -o Modules/ossaudiodev.o
/root/.local/state/pgb/bin/cc  -fno-strict-overflow -Wsign-compare -DNDEBUG -g -O3 -Wall    -std=c11 -Wextra -Wno-unused-parameter -Wno-missing-field-initializers -Wstrict-prototypes -Werror=implicit-function-declaration -fvisibility=hidden  -I./Include/internal  -I. -I./Include    -DPy_BUILD_CORE_BUILTIN -c ./Modules/_posixsubprocess.c -o Modules/_posixsubprocess.o
/root/.local/state/pgb/bin/cc  -fno-strict-overflow -Wsign-compare -DNDEBUG -g -O3 -Wall    -std=c11 -Wextra -Wno-unused-parameter -Wno-missing-field-initializers -Wstrict-prototypes -Werror=implicit-function-declaration -fvisibility=hidden  -I./Include/internal  -I. -I./Include    -DPy_BUILD_CORE_BUILTIN -c ./Modules/resource.c -o Modules/resource.o
/root/.local/state/pgb/bin/cc  -fno-strict-overflow -Wsign-compare -DNDEBUG -g -O3 -Wall    -std=c11 -Wextra -Wno-unused-parameter -Wno-missing-field-initializers -Wstrict-prototypes -Werror=implicit-function-declaration -fvisibility=hidden  -I./Include/internal  -I. -I./Include    -DPy_BUILD_CORE_BUILTIN -c ./Modules/selectmodule.c -o Modules/selectmodule.o
/root/.local/state/pgb/bin/cc  -fno-strict-overflow -Wsign-compare -DNDEBUG -g -O3 -Wall    -std=c11 -Wextra -Wno-unused-parameter -Wno-missing-field-initializers -Wstrict-prototypes -Werror=implicit-function-declaration -fvisibility=hidden  -I./Include/internal  -I. -I./Include    -DPy_BUILD_CORE_BUILTIN -c ./Modules/socketmodule.c -o Modules/socketmodule.o
/root/.local/state/pgb/bin/cc  -fno-strict-overflow -Wsign-compare -DNDEBUG -g -O3 -Wall    -std=c11 -Wextra -Wno-unused-parameter -Wno-missing-field-initializers -Wstrict-prototypes -Werror=implicit-function-declaration -fvisibility=hidden  -I./Include/internal  -I. -I./Include    -DPy_BUILD_CORE_BUILTIN -c ./Modules/spwdmodule.c -o Modules/spwdmodule.o
/root/.local/state/pgb/bin/cc  -fno-strict-overflow -Wsign-compare -DNDEBUG -g -O3 -Wall    -std=c11 -Wextra -Wno-unused-parameter -Wno-missing-field-initializers -Wstrict-prototypes -Werror=implicit-function-declaration -fvisibility=hidden  -I./Include/internal  -I. -I./Include    -DPy_BUILD_CORE_BUILTIN -c ./Modules/syslogmodule.c -o Modules/syslogmodule.o
/root/.local/state/pgb/bin/cc  -fno-strict-overflow -Wsign-compare -DNDEBUG -g -O3 -Wall    -std=c11 -Wextra -Wno-unused-parameter -Wno-missing-field-initializers -Wstrict-prototypes -Werror=implicit-function-declaration -fvisibility=hidden  -I./Include/internal  -I. -I./Include    -DPy_BUILD_CORE_BUILTIN -c ./Modules/termios.c -o Modules/termios.o
/root/.local/state/pgb/bin/cc -I./Modules/_multiprocessing -fno-strict-overflow -Wsign-compare -DNDEBUG -g -O3 -Wall    -std=c11 -Wextra -Wno-unused-parameter -Wno-missing-field-initializers -Wstrict-prototypes -Werror=implicit-function-declaration -fvisibility=hidden  -I./Include/internal  -I. -I./Include    -DPy_BUILD_CORE_BUILTIN -c ./Modules/_multiprocessing/posixshmem.c -o Modules/_multiprocessing/posixshmem.o
/root/.local/state/pgb/bin/cc -I./Modules/_multiprocessing -fno-strict-overflow -Wsign-compare -DNDEBUG -g -O3 -Wall    -std=c11 -Wextra -Wno-unused-parameter -Wno-missing-field-initializers -Wstrict-prototypes -Werror=implicit-function-declaration -fvisibility=hidden  -I./Include/internal  -I. -I./Include    -DPy_BUILD_CORE_BUILTIN -c ./Modules/_multiprocessing/multiprocessing.c -o Modules/_multiprocessing/multiprocessing.o
/root/.local/state/pgb/bin/cc -I./Modules/_multiprocessing -fno-strict-overflow -Wsign-compare -DNDEBUG -g -O3 -Wall    -std=c11 -Wextra -Wno-unused-parameter -Wno-missing-field-initializers -Wstrict-prototypes -Werror=implicit-function-declaration -fvisibility=hidden  -I./Include/internal  -I. -I./Include    -DPy_BUILD_CORE_BUILTIN -c ./Modules/_multiprocessing/semaphore.c -o Modules/_multiprocessing/semaphore.o
/root/.local/state/pgb/bin/cc -fno-strict-overflow  -fno-strict-overflow -Wsign-compare -DNDEBUG -g -O3 -Wall    -std=c11 -Wextra -Wno-unused-parameter -Wno-missing-field-initializers -Wstrict-prototypes -Werror=implicit-function-declaration -fvisibility=hidden  -I./Include/internal  -I. -I./Include    -DPy_BUILD_CORE_BUILTIN -c ./Modules/_ctypes/_ctypes.c -o Modules/_ctypes/_ctypes.o
/root/.local/state/pgb/bin/cc -fno-strict-overflow  -fno-strict-overflow -Wsign-compare -DNDEBUG -g -O3 -Wall    -std=c11 -Wextra -Wno-unused-parameter -Wno-missing-field-initializers -Wstrict-prototypes -Werror=implicit-function-declaration -fvisibility=hidden  -I./Include/internal  -I. -I./Include    -DPy_BUILD_CORE_BUILTIN -c ./Modules/_ctypes/callbacks.c -o Modules/_ctypes/callbacks.o
/root/.local/state/pgb/bin/cc -fno-strict-overflow  -fno-strict-overflow -Wsign-compare -DNDEBUG -g -O3 -Wall    -std=c11 -Wextra -Wno-unused-parameter -Wno-missing-field-initializers -Wstrict-prototypes -Werror=implicit-function-declaration -fvisibility=hidden  -I./Include/internal  -I. -I./Include    -DPy_BUILD_CORE_BUILTIN -c ./Modules/_ctypes/callproc.c -o Modules/_ctypes/callproc.o
/root/.local/state/pgb/bin/cc -fno-strict-overflow  -fno-strict-overflow -Wsign-compare -DNDEBUG -g -O3 -Wall    -std=c11 -Wextra -Wno-unused-parameter -Wno-missing-field-initializers -Wstrict-prototypes -Werror=implicit-function-declaration -fvisibility=hidden  -I./Include/internal  -I. -I./Include    -DPy_BUILD_CORE_BUILTIN -c ./Modules/_ctypes/stgdict.c -o Modules/_ctypes/stgdict.o
/root/.local/state/pgb/bin/cc -fno-strict-overflow  -fno-strict-overflow -Wsign-compare -DNDEBUG -g -O3 -Wall    -std=c11 -Wextra -Wno-unused-parameter -Wno-missing-field-initializers -Wstrict-prototypes -Werror=implicit-function-declaration -fvisibility=hidden  -I./Include/internal  -I. -I./Include    -DPy_BUILD_CORE_BUILTIN -c ./Modules/_ctypes/cfield.c -o Modules/_ctypes/cfield.o
/root/.local/state/pgb/bin/cc  -fno-strict-overflow -Wsign-compare -DNDEBUG -g -O3 -Wall    -std=c11 -Wextra -Wno-unused-parameter -Wno-missing-field-initializers -Wstrict-prototypes -Werror=implicit-function-declaration -fvisibility=hidden  -I./Include/internal  -I. -I./Include    -DPy_BUILD_CORE_BUILTIN -c ./Modules/xxlimited.c -o Modules/xxlimited.o
/root/.local/state/pgb/bin/cc  -fno-strict-overflow -Wsign-compare -DNDEBUG -g -O3 -Wall    -std=c11 -Wextra -Wno-unused-parameter -Wno-missing-field-initializers -Wstrict-prototypes -Werror=implicit-function-declaration -fvisibility=hidden  -I./Include/internal  -I. -I./Include    -DPy_BUILD_CORE_BUILTIN -c ./Modules/xxlimited_35.c -o Modules/xxlimited_35.o
/root/.local/state/pgb/bin/cc  -fno-strict-overflow -Wsign-compare -DNDEBUG -g -O3 -Wall    -std=c11 -Wextra -Wno-unused-parameter -Wno-missing-field-initializers -Wstrict-prototypes -Werror=implicit-function-declaration -fvisibility=hidden  -I./Include/internal  -I. -I./Include    -DPy_BUILD_CORE_BUILTIN -c ./Modules/atexitmodule.c -o Modules/atexitmodule.o
/root/.local/state/pgb/bin/cc  -fno-strict-overflow -Wsign-compare -DNDEBUG -g -O3 -Wall    -std=c11 -Wextra -Wno-unused-parameter -Wno-missing-field-initializers -Wstrict-prototypes -Werror=implicit-function-declaration -fvisibility=hidden  -I./Include/internal  -I. -I./Include    -DPy_BUILD_CORE_BUILTIN -c ./Modules/faulthandler.c -o Modules/faulthandler.o
/root/.local/state/pgb/bin/cc  -fno-strict-overflow -Wsign-compare -DNDEBUG -g -O3 -Wall    -std=c11 -Wextra -Wno-unused-parameter -Wno-missing-field-initializers -Wstrict-prototypes -Werror=implicit-function-declaration -fvisibility=hidden  -I./Include/internal  -I. -I./Include    -DPy_BUILD_CORE_BUILTIN -c ./Modules/posixmodule.c -o Modules/posixmodule.o
/root/.local/state/pgb/bin/cc  -fno-strict-overflow -Wsign-compare -DNDEBUG -g -O3 -Wall    -std=c11 -Wextra -Wno-unused-parameter -Wno-missing-field-initializers -Wstrict-prototypes -Werror=implicit-function-declaration -fvisibility=hidden  -I./Include/internal  -I. -I./Include    -DPy_BUILD_CORE_BUILTIN -c ./Modules/signalmodule.c -o Modules/signalmodule.o
/root/.local/state/pgb/bin/cc  -fno-strict-overflow -Wsign-compare -DNDEBUG -g -O3 -Wall    -std=c11 -Wextra -Wno-unused-parameter -Wno-missing-field-initializers -Wstrict-prototypes -Werror=implicit-function-declaration -fvisibility=hidden  -I./Include/internal  -I. -I./Include    -DPy_BUILD_CORE_BUILTIN -c ./Modules/_tracemalloc.c -o Modules/_tracemalloc.o
/root/.local/state/pgb/bin/cc  -fno-strict-overflow -Wsign-compare -DNDEBUG -g -O3 -Wall    -std=c11 -Wextra -Wno-unused-parameter -Wno-missing-field-initializers -Wstrict-prototypes -Werror=implicit-function-declaration -fvisibility=hidden  -I./Include/internal  -I. -I./Include    -DPy_BUILD_CORE_BUILTIN -c ./Modules/_codecsmodule.c -o Modules/_codecsmodule.o
/root/.local/state/pgb/bin/cc  -fno-strict-overflow -Wsign-compare -DNDEBUG -g -O3 -Wall    -std=c11 -Wextra -Wno-unused-parameter -Wno-missing-field-initializers -Wstrict-prototypes -Werror=implicit-function-declaration -fvisibility=hidden  -I./Include/internal  -I. -I./Include    -DPy_BUILD_CORE_BUILTIN -c ./Modules/_collectionsmodule.c -o Modules/_collectionsmodule.o
/root/.local/state/pgb/bin/cc  -fno-strict-overflow -Wsign-compare -DNDEBUG -g -O3 -Wall    -std=c11 -Wextra -Wno-unused-parameter -Wno-missing-field-initializers -Wstrict-prototypes -Werror=implicit-function-declaration -fvisibility=hidden  -I./Include/internal  -I. -I./Include    -DPy_BUILD_CORE_BUILTIN -c ./Modules/errnomodule.c -o Modules/errnomodule.o
/root/.local/state/pgb/bin/cc -I./Modules/_io -fno-strict-overflow -Wsign-compare -DNDEBUG -g -O3 -Wall    -std=c11 -Wextra -Wno-unused-parameter -Wno-missing-field-initializers -Wstrict-prototypes -Werror=implicit-function-declaration -fvisibility=hidden  -I./Include/internal  -I. -I./Include    -DPy_BUILD_CORE_BUILTIN -c ./Modules/_io/_iomodule.c -o Modules/_io/_iomodule.o
/root/.local/state/pgb/bin/cc -I./Modules/_io -fno-strict-overflow -Wsign-compare -DNDEBUG -g -O3 -Wall    -std=c11 -Wextra -Wno-unused-parameter -Wno-missing-field-initializers -Wstrict-prototypes -Werror=implicit-function-declaration -fvisibility=hidden  -I./Include/internal  -I. -I./Include    -DPy_BUILD_CORE_BUILTIN -c ./Modules/_io/iobase.c -o Modules/_io/iobase.o
/root/.local/state/pgb/bin/cc -I./Modules/_io -fno-strict-overflow -Wsign-compare -DNDEBUG -g -O3 -Wall    -std=c11 -Wextra -Wno-unused-parameter -Wno-missing-field-initializers -Wstrict-prototypes -Werror=implicit-function-declaration -fvisibility=hidden  -I./Include/internal  -I. -I./Include    -DPy_BUILD_CORE_BUILTIN -c ./Modules/_io/fileio.c -o Modules/_io/fileio.o
/root/.local/state/pgb/bin/cc -I./Modules/_io -fno-strict-overflow -Wsign-compare -DNDEBUG -g -O3 -Wall    -std=c11 -Wextra -Wno-unused-parameter -Wno-missing-field-initializers -Wstrict-prototypes -Werror=implicit-function-declaration -fvisibility=hidden  -I./Include/internal  -I. -I./Include    -DPy_BUILD_CORE_BUILTIN -c ./Modules/_io/bytesio.c -o Modules/_io/bytesio.o
/root/.local/state/pgb/bin/cc -I./Modules/_io -fno-strict-overflow -Wsign-compare -DNDEBUG -g -O3 -Wall    -std=c11 -Wextra -Wno-unused-parameter -Wno-missing-field-initializers -Wstrict-prototypes -Werror=implicit-function-declaration -fvisibility=hidden  -I./Include/internal  -I. -I./Include    -DPy_BUILD_CORE_BUILTIN -c ./Modules/_io/bufferedio.c -o Modules/_io/bufferedio.o
/root/.local/state/pgb/bin/cc -I./Modules/_io -fno-strict-overflow -Wsign-compare -DNDEBUG -g -O3 -Wall    -std=c11 -Wextra -Wno-unused-parameter -Wno-missing-field-initializers -Wstrict-prototypes -Werror=implicit-function-declaration -fvisibility=hidden  -I./Include/internal  -I. -I./Include    -DPy_BUILD_CORE_BUILTIN -c ./Modules/_io/textio.c -o Modules/_io/textio.o
/root/.local/state/pgb/bin/cc -I./Modules/_io -fno-strict-overflow -Wsign-compare -DNDEBUG -g -O3 -Wall    -std=c11 -Wextra -Wno-unused-parameter -Wno-missing-field-initializers -Wstrict-prototypes -Werror=implicit-function-declaration -fvisibility=hidden  -I./Include/internal  -I. -I./Include    -DPy_BUILD_CORE_BUILTIN -c ./Modules/_io/stringio.c -o Modules/_io/stringio.o
/root/.local/state/pgb/bin/cc  -fno-strict-overflow -Wsign-compare -DNDEBUG -g -O3 -Wall    -std=c11 -Wextra -Wno-unused-parameter -Wno-missing-field-initializers -Wstrict-prototypes -Werror=implicit-function-declaration -fvisibility=hidden  -I./Include/internal  -I. -I./Include    -DPy_BUILD_CORE_BUILTIN -c ./Modules/itertoolsmodule.c -o Modules/itertoolsmodule.o
/root/.local/state/pgb/bin/cc  -fno-strict-overflow -Wsign-compare -DNDEBUG -g -O3 -Wall    -std=c11 -Wextra -Wno-unused-parameter -Wno-missing-field-initializers -Wstrict-prototypes -Werror=implicit-function-declaration -fvisibility=hidden  -I./Include/internal  -I. -I./Include    -DPy_BUILD_CORE_BUILTIN -c ./Modules/_sre/sre.c -o Modules/_sre/sre.o
/root/.local/state/pgb/bin/cc  -fno-strict-overflow -Wsign-compare -DNDEBUG -g -O3 -Wall    -std=c11 -Wextra -Wno-unused-parameter -Wno-missing-field-initializers -Wstrict-prototypes -Werror=implicit-function-declaration -fvisibility=hidden  -I./Include/internal  -I. -I./Include    -DPy_BUILD_CORE_BUILTIN -c ./Modules/_threadmodule.c -o Modules/_threadmodule.o
/root/.local/state/pgb/bin/cc  -fno-strict-overflow -Wsign-compare -DNDEBUG -g -O3 -Wall    -std=c11 -Wextra -Wno-unused-parameter -Wno-missing-field-initializers -Wstrict-prototypes -Werror=implicit-function-declaration -fvisibility=hidden  -I./Include/internal  -I. -I./Include    -DPy_BUILD_CORE_BUILTIN -c ./Modules/timemodule.c -o Modules/timemodule.o
/root/.local/state/pgb/bin/cc  -fno-strict-overflow -Wsign-compare -DNDEBUG -g -O3 -Wall    -std=c11 -Wextra -Wno-unused-parameter -Wno-missing-field-initializers -Wstrict-prototypes -Werror=implicit-function-declaration -fvisibility=hidden  -I./Include/internal  -I. -I./Include    -DPy_BUILD_CORE_BUILTIN -c ./Modules/_typingmodule.c -o Modules/_typingmodule.o
/root/.local/state/pgb/bin/cc  -fno-strict-overflow -Wsign-compare -DNDEBUG -g -O3 -Wall    -std=c11 -Wextra -Wno-unused-parameter -Wno-missing-field-initializers -Wstrict-prototypes -Werror=implicit-function-declaration -fvisibility=hidden  -I./Include/internal  -I. -I./Include    -DPy_BUILD_CORE_BUILTIN -c ./Modules/_weakref.c -o Modules/_weakref.o
/root/.local/state/pgb/bin/cc  -fno-strict-overflow -Wsign-compare -DNDEBUG -g -O3 -Wall    -std=c11 -Wextra -Wno-unused-parameter -Wno-missing-field-initializers -Wstrict-prototypes -Werror=implicit-function-declaration -fvisibility=hidden  -I./Include/internal  -I. -I./Include    -DPy_BUILD_CORE_BUILTIN -c ./Modules/_abc.c -o Modules/_abc.o
/root/.local/state/pgb/bin/cc  -fno-strict-overflow -Wsign-compare -DNDEBUG -g -O3 -Wall    -std=c11 -Wextra -Wno-unused-parameter -Wno-missing-field-initializers -Wstrict-prototypes -Werror=implicit-function-declaration -fvisibility=hidden  -I./Include/internal  -I. -I./Include    -DPy_BUILD_CORE_BUILTIN -c ./Modules/_functoolsmodule.c -o Modules/_functoolsmodule.o
/root/.local/state/pgb/bin/cc  -fno-strict-overflow -Wsign-compare -DNDEBUG -g -O3 -Wall    -std=c11 -Wextra -Wno-unused-parameter -Wno-missing-field-initializers -Wstrict-prototypes -Werror=implicit-function-declaration -fvisibility=hidden  -I./Include/internal  -I. -I./Include    -DPy_BUILD_CORE_BUILTIN -c ./Modules/_localemodule.c -o Modules/_localemodule.o
/root/.local/state/pgb/bin/cc  -fno-strict-overflow -Wsign-compare -DNDEBUG -g -O3 -Wall    -std=c11 -Wextra -Wno-unused-parameter -Wno-missing-field-initializers -Wstrict-prototypes -Werror=implicit-function-declaration -fvisibility=hidden  -I./Include/internal  -I. -I./Include    -DPy_BUILD_CORE_BUILTIN -c ./Modules/_operator.c -o Modules/_operator.o
/root/.local/state/pgb/bin/cc  -fno-strict-overflow -Wsign-compare -DNDEBUG -g -O3 -Wall    -std=c11 -Wextra -Wno-unused-parameter -Wno-missing-field-initializers -Wstrict-prototypes -Werror=implicit-function-declaration -fvisibility=hidden  -I./Include/internal  -I. -I./Include    -DPy_BUILD_CORE_BUILTIN -c ./Modules/_stat.c -o Modules/_stat.o
/root/.local/state/pgb/bin/cc  -fno-strict-overflow -Wsign-compare -DNDEBUG -g -O3 -Wall    -std=c11 -Wextra -Wno-unused-parameter -Wno-missing-field-initializers -Wstrict-prototypes -Werror=implicit-function-declaration -fvisibility=hidden  -I./Include/internal  -I. -I./Include    -DPy_BUILD_CORE_BUILTIN -c ./Modules/symtablemodule.c -o Modules/symtablemodule.o
/root/.local/state/pgb/bin/cc  -fno-strict-overflow -Wsign-compare -DNDEBUG -g -O3 -Wall    -std=c11 -Wextra -Wno-unused-parameter -Wno-missing-field-initializers -Wstrict-prototypes -Werror=implicit-function-declaration -fvisibility=hidden  -I./Include/internal  -I. -I./Include    -DPy_BUILD_CORE_BUILTIN -c ./Modules/pwdmodule.c -o Modules/pwdmodule.o
/root/.local/state/pgb/bin/cc -c -fno-strict-overflow -Wsign-compare -DNDEBUG -g -O3 -Wall    -std=c11 -Wextra -Wno-unused-parameter -Wno-missing-field-initializers -Wstrict-prototypes -Werror=implicit-function-declaration -fvisibility=hidden  -I./Include/internal  -I. -I./Include    -DPy_BUILD_CORE -o Programs/_freeze_module.o Programs/_freeze_module.c
/root/.local/state/pgb/bin/cc -c -fno-strict-overflow -Wsign-compare -DNDEBUG -g -O3 -Wall    -std=c11 -Wextra -Wno-unused-parameter -Wno-missing-field-initializers -Wstrict-prototypes -Werror=implicit-function-declaration -fvisibility=hidden  -I./Include/internal  -I. -I./Include    -DPy_BUILD_CORE -o Modules/getpath_noop.o Modules/getpath_noop.c
/usr/bin/install -c -m 644 ./Tools/gdb/libpython.py python-gdb.py
/root/.local/state/pgb/bin/cc -c -fno-strict-overflow -Wsign-compare -DNDEBUG -g -O3 -Wall    -std=c11 -Wextra -Wno-unused-parameter -Wno-missing-field-initializers -Wstrict-prototypes -Werror=implicit-function-declaration -fvisibility=hidden  -I./Include/internal  -I. -I./Include    -DPy_BUILD_CORE -o Programs/_testembed.o ./Programs/_testembed.c
sed -e "s,/usr/bin/env python3,/var/tmp/pgb-poc/prefix-python/bin/python3.12," < ./Tools/scripts/2to3 > build/scripts-3.12/2to3-3.12
sed -e "s,/usr/bin/env python3,/var/tmp/pgb-poc/prefix-python/bin/python3.12," < ./Tools/scripts/idle3 > build/scripts-3.12/idle3.12
sed -e "s,/usr/bin/env python3,/var/tmp/pgb-poc/prefix-python/bin/python3.12," < ./Tools/scripts/pydoc3 > build/scripts-3.12/pydoc3.12
sed -e "s,@EXENAME@,/var/tmp/pgb-poc/prefix-python/bin/python3.12," < ./Misc/python-config.in >python-config.py
LC_ALL=C sed -e 's,\$(\([A-Za-z0-9_]*\)),\$\{\1\},g' < Misc/python-config.sh >python-config
rm -f Modules/_decimal/libmpdec/libmpdec.a
ar rcs Modules/_decimal/libmpdec/libmpdec.a Modules/_decimal/libmpdec/basearith.o Modules/_decimal/libmpdec/constants.o Modules/_decimal/libmpdec/context.o Modules/_decimal/libmpdec/convolute.o Modules/_decimal/libmpdec/crt.o Modules/_decimal/libmpdec/difradix2.o Modules/_decimal/libmpdec/fnt.o Modules/_decimal/libmpdec/fourstep.o Modules/_decimal/libmpdec/io.o Modules/_decimal/libmpdec/mpalloc.o Modules/_decimal/libmpdec/mpdecimal.o Modules/_decimal/libmpdec/numbertheory.o Modules/_decimal/libmpdec/sixstep.o Modules/_decimal/libmpdec/transpose.o
rm -f Modules/_hacl/libHacl_Hash_SHA2.a
ar rcs Modules/_hacl/libHacl_Hash_SHA2.a Modules/_hacl/Hacl_Hash_SHA2.o
rm -f Modules/expat/libexpat.a
ar rcs Modules/expat/libexpat.a Modules/expat/xmlparse.o Modules/expat/xmlrole.o Modules/expat/xmltok.o
/root/.local/state/pgb/bin/cc -I./Modules/_decimal/libmpdec -DCONFIG_64=1 -DANSI=1 -DHAVE_UINT128_T=1 -fno-strict-overflow -Wsign-compare -DNDEBUG -g -O3 -Wall    -std=c11 -Wextra -Wno-unused-parameter -Wno-missing-field-initializers -Wstrict-prototypes -Werror=implicit-function-declaration -fvisibility=hidden  -I./Include/internal  -I. -I./Include    -DPy_BUILD_CORE_BUILTIN -c ./Modules/_decimal/_decimal.c -o Modules/_decimal/_decimal.o
/root/.local/state/pgb/bin/cc  -I./Modules/_hacl/include -fno-strict-overflow -Wsign-compare -DNDEBUG -g -O3 -Wall    -std=c11 -Wextra -Wno-unused-parameter -Wno-missing-field-initializers -Wstrict-prototypes -Werror=implicit-function-declaration -fvisibility=hidden  -I./Include/internal  -I. -I./Include    -DPy_BUILD_CORE_BUILTIN -c ./Modules/sha2module.c -o Modules/sha2module.o
/root/.local/state/pgb/bin/cc -I./Modules/expat -fno-strict-overflow -Wsign-compare -DNDEBUG -g -O3 -Wall    -std=c11 -Wextra -Wno-unused-parameter -Wno-missing-field-initializers -Wstrict-prototypes -Werror=implicit-function-declaration -fvisibility=hidden  -I./Include/internal  -I. -I./Include    -DPy_BUILD_CORE_BUILTIN -c ./Modules/pyexpat.c -o Modules/pyexpat.o
/root/.local/state/pgb/bin/cc -I./Modules/expat -fno-strict-overflow -Wsign-compare -DNDEBUG -g -O3 -Wall    -std=c11 -Wextra -Wno-unused-parameter -Wno-missing-field-initializers -Wstrict-prototypes -Werror=implicit-function-declaration -fvisibility=hidden  -I./Include/internal  -I. -I./Include    -DPy_BUILD_CORE_BUILTIN -c ./Modules/_elementtree.c -o Modules/_elementtree.o
/root/.local/state/pgb/bin/cc -c -fno-strict-overflow -Wsign-compare -DNDEBUG -g -O3 -Wall    -std=c11 -Wextra -Wno-unused-parameter -Wno-missing-field-initializers -Wstrict-prototypes -Werror=implicit-function-declaration -fvisibility=hidden  -I./Include/internal  -I. -I./Include    -DPy_BUILD_CORE \
      -DGITVERSION="\"`LC_ALL=C `\"" \
      -DGITTAG="\"`LC_ALL=C `\"" \
      -DGITBRANCH="\"`LC_ALL=C `\"" \
      -o Modules/getbuildinfo.o ./Modules/getbuildinfo.c
/root/.local/state/pgb/bin/cc     -o Programs/_freeze_module Programs/_freeze_module.o Modules/getpath_noop.o Modules/getbuildinfo.o Parser/token.o  Parser/pegen.o Parser/pegen_errors.o Parser/action_helpers.o Parser/parser.o Parser/string_parser.o Parser/peg_api.o Parser/myreadline.o Parser/tokenizer.o Objects/abstract.o Objects/boolobject.o Objects/bytes_methods.o Objects/bytearrayobject.o Objects/bytesobject.o Objects/call.o Objects/capsule.o Objects/cellobject.o Objects/classobject.o Objects/codeobject.o Objects/complexobject.o Objects/descrobject.o Objects/enumobject.o Objects/exceptions.o Objects/genericaliasobject.o Objects/genobject.o Objects/fileobject.o Objects/floatobject.o Objects/frameobject.o Objects/funcobject.o Objects/interpreteridobject.o Objects/iterobject.o Objects/listobject.o Objects/longobject.o Objects/dictobject.o Objects/odictobject.o Objects/memoryobject.o Objects/methodobject.o Objects/moduleobject.o Objects/namespaceobject.o Objects/object.o Objects/obmalloc.o Objects/picklebufobject.o Objects/rangeobject.o Objects/setobject.o Objects/sliceobject.o Objects/structseq.o Objects/tupleobject.o Objects/typeobject.o Objects/typevarobject.o Objects/unicodeobject.o Objects/unicodectype.o Objects/unionobject.o Objects/weakrefobject.o Python/asm_trampoline.o Python/_warnings.o Python/Python-ast.o Python/Python-tokenize.o Python/asdl.o Python/assemble.o Python/ast.o Python/ast_opt.o Python/ast_unparse.o Python/bltinmodule.o Python/ceval.o Python/codecs.o Python/compile.o Python/context.o Python/dynamic_annotations.o Python/errors.o Python/flowgraph.o Python/frame.o Python/frozenmain.o Python/future.o Python/getargs.o Python/getcompiler.o Python/getcopyright.o Python/getplatform.o Python/getversion.o Python/ceval_gil.o Python/hamt.o Python/hashtable.o Python/import.o Python/importdl.o Python/initconfig.o Python/instrumentation.o Python/intrinsics.o Python/legacy_tracing.o Python/marshal.o Python/modsupport.o Python/mysnprintf.o Python/mystrtoul.o Python/pathconfig.o Python/preconfig.o Python/pyarena.o Python/pyctype.o Python/pyfpe.o Python/pyhash.o Python/pylifecycle.o Python/pymath.o Python/pystate.o Python/pythonrun.o Python/pytime.o Python/bootstrap_hash.o Python/specialize.o Python/structmember.o Python/symtable.o Python/sysmodule.o Python/thread.o Python/traceback.o Python/tracemalloc.o Python/getopt.o Python/pystrcmp.o Python/pystrtod.o Python/pystrhex.o Python/dtoa.o Python/formatter_unicode.o Python/fileutils.o Python/suggestions.o Python/perf_trampoline.o Python/dynload_shlib.o     Modules/config.o Modules/main.o Modules/gcmodule.o Modules/arraymodule.o  Modules/_asynciomodule.o  Modules/_bisectmodule.o  Modules/_contextvarsmodule.o  Modules/_csv.o  Modules/_heapqmodule.o  Modules/_json.o  Modules/_lsprof.o Modules/rotatingtree.o  Modules/_opcode.o  Modules/_pickle.o  Modules/_queuemodule.o  Modules/_randommodule.o  Modules/_struct.o  Modules/_xxsubinterpretersmodule.o  Modules/_xxinterpchannelsmodule.o  Modules/_zoneinfo.o  Modules/audioop.o  Modules/mathmodule.o  Modules/cmathmodule.o  Modules/_statisticsmodule.o  Modules/_datetimemodule.o  Modules/_decimal/_decimal.o  Modules/binascii.o  Modules/zlibmodule.o  Modules/md5module.o Modules/_hacl/Hacl_Hash_MD5.o  Modules/sha1module.o Modules/_hacl/Hacl_Hash_SHA1.o  Modules/sha2module.o  Modules/sha3module.o Modules/_hacl/Hacl_Hash_SHA3.o  Modules/_blake2/blake2module.o Modules/_blake2/blake2b_impl.o Modules/_blake2/blake2s_impl.o  Modules/pyexpat.o  Modules/_elementtree.o  Modules/cjkcodecs/_codecs_cn.o  Modules/cjkcodecs/_codecs_hk.o  Modules/cjkcodecs/_codecs_iso2022.o  Modules/cjkcodecs/_codecs_jp.o  Modules/cjkcodecs/_codecs_kr.o  Modules/cjkcodecs/_codecs_tw.o  Modules/cjkcodecs/multibytecodec.o  Modules/unicodedata.o  Modules/_cryptmodule.o  Modules/fcntlmodule.o  Modules/grpmodule.o  Modules/mmapmodule.o  Modules/ossaudiodev.o  Modules/_posixsubprocess.o  Modules/resource.o  Modules/selectmodule.o  Modules/socketmodule.o  Modules/spwdmodule.o  Modules/syslogmodule.o  Modules/termios.o  Modules/_multiprocessing/posixshmem.o  Modules/_multiprocessing/multiprocessing.o Modules/_multiprocessing/semaphore.o  Modules/_ctypes/_ctypes.o Modules/_ctypes/callbacks.o Modules/_ctypes/callproc.o Modules/_ctypes/stgdict.o Modules/_ctypes/cfield.o  Modules/xxlimited.o  Modules/xxlimited_35.o  Modules/atexitmodule.o  Modules/faulthandler.o  Modules/posixmodule.o  Modules/signalmodule.o  Modules/_tracemalloc.o  Modules/_codecsmodule.o  Modules/_collectionsmodule.o  Modules/errnomodule.o  Modules/_io/_iomodule.o Modules/_io/iobase.o Modules/_io/fileio.o Modules/_io/bytesio.o Modules/_io/bufferedio.o Modules/_io/textio.o Modules/_io/stringio.o  Modules/itertoolsmodule.o  Modules/_sre/sre.o  Modules/_threadmodule.o  Modules/timemodule.o  Modules/_typingmodule.o  Modules/_weakref.o  Modules/_abc.o  Modules/_functoolsmodule.o  Modules/_localemodule.o  Modules/_operator.o  Modules/_stat.o  Modules/symtablemodule.o  Modules/pwdmodule.o -ldl                  -lm -lm -lm -lm -lm -lm Modules/_decimal/libmpdec/libmpdec.a -lz  -lz     Modules/_hacl/libHacl_Hash_SHA2.a   -lm Modules/expat/libexpat.a          -lcrypt               -lffi  -ldl                          -lm 
/usr/bin/ld: Python/dynload_shlib.o: in function `_PyImport_FindSharedFuncptr':
/var/tmp/pgb-poc/Python-3.12.7/./Python/dynload_shlib.c:80: warning: Using 'dlopen' in statically linked applications requires at runtime the shared libraries from the glibc version used for linking
/usr/bin/ld: Modules/posixmodule.o: in function `os_getgrouplist_impl':
/var/tmp/pgb-poc/Python-3.12.7/./Modules/posixmodule.c:8596: warning: Using 'getgrouplist' in statically linked applications requires at runtime the shared libraries from the glibc version used for linking
/usr/bin/ld: Modules/posixmodule.o: in function `os_initgroups_impl':
/var/tmp/pgb-poc/Python-3.12.7/./Modules/posixmodule.c:8750: warning: Using 'initgroups' in statically linked applications requires at runtime the shared libraries from the glibc version used for linking
/usr/bin/ld: Modules/grpmodule.o: in function `grp_getgrall_impl':
/var/tmp/pgb-poc/Python-3.12.7/./Modules/grpmodule.c:282: warning: Using 'getgrent' in statically linked applications requires at runtime the shared libraries from the glibc version used for linking
/usr/bin/ld: /var/tmp/pgb-poc/Python-3.12.7/./Modules/grpmodule.c:281: warning: Using 'setgrent' in statically linked applications requires at runtime the shared libraries from the glibc version used for linking
/usr/bin/ld: /var/tmp/pgb-poc/Python-3.12.7/./Modules/grpmodule.c:292: warning: Using 'endgrent' in statically linked applications requires at runtime the shared libraries from the glibc version used for linking
/usr/bin/ld: Modules/grpmodule.o: in function `grp_getgrgid_impl':
/var/tmp/pgb-poc/Python-3.12.7/./Modules/grpmodule.c:148: warning: Using 'getgrgid_r' in statically linked applications requires at runtime the shared libraries from the glibc version used for linking
/usr/bin/ld: Modules/grpmodule.o: in function `grp_getgrnam_impl':
/var/tmp/pgb-poc/Python-3.12.7/./Modules/grpmodule.c:229: warning: Using 'getgrnam_r' in statically linked applications requires at runtime the shared libraries from the glibc version used for linking
/usr/bin/ld: Modules/pwdmodule.o: in function `pwd_getpwall_impl':
/var/tmp/pgb-poc/Python-3.12.7/./Modules/pwdmodule.c:297: warning: Using 'getpwent' in statically linked applications requires at runtime the shared libraries from the glibc version used for linking
/usr/bin/ld: /var/tmp/pgb-poc/Python-3.12.7/./Modules/pwdmodule.c:296: warning: Using 'setpwent' in statically linked applications requires at runtime the shared libraries from the glibc version used for linking
/usr/bin/ld: /var/tmp/pgb-poc/Python-3.12.7/./Modules/pwdmodule.c:307: warning: Using 'endpwent' in statically linked applications requires at runtime the shared libraries from the glibc version used for linking
/usr/bin/ld: Modules/pwdmodule.o: in function `pwd_getpwnam_impl':
/var/tmp/pgb-poc/Python-3.12.7/./Modules/pwdmodule.c:244: warning: Using 'getpwnam_r' in statically linked applications requires at runtime the shared libraries from the glibc version used for linking
/usr/bin/ld: Modules/pwdmodule.o: in function `pwd_getpwuid':
/var/tmp/pgb-poc/Python-3.12.7/./Modules/pwdmodule.c:161: warning: Using 'getpwuid_r' in statically linked applications requires at runtime the shared libraries from the glibc version used for linking
/usr/bin/ld: Modules/socketmodule.o: in function `socket_getaddrinfo':
/var/tmp/pgb-poc/Python-3.12.7/./Modules/socketmodule.c:6763: warning: Using 'getaddrinfo' in statically linked applications requires at runtime the shared libraries from the glibc version used for linking
/usr/bin/ld: Modules/spwdmodule.o: in function `spwd_getspall_impl':
/var/tmp/pgb-poc/Python-3.12.7/./Modules/spwdmodule.c:184: warning: Using 'getspent' in statically linked applications requires at runtime the shared libraries from the glibc version used for linking
/usr/bin/ld: Modules/spwdmodule.o: in function `spwd_getspnam_impl':
/var/tmp/pgb-poc/Python-3.12.7/./Modules/spwdmodule.c:150: warning: Using 'getspnam' in statically linked applications requires at runtime the shared libraries from the glibc version used for linking
/usr/bin/ld: Modules/spwdmodule.o: in function `spwd_getspall_impl':
/var/tmp/pgb-poc/Python-3.12.7/./Modules/spwdmodule.c:183: warning: Using 'setspent' in statically linked applications requires at runtime the shared libraries from the glibc version used for linking
/usr/bin/ld: /var/tmp/pgb-poc/Python-3.12.7/./Modules/spwdmodule.c:194: warning: Using 'endspent' in statically linked applications requires at runtime the shared libraries from the glibc version used for linking
/usr/bin/ld: Modules/socketmodule.o: in function `socket_gethostbyaddr':
/var/tmp/pgb-poc/Python-3.12.7/./Modules/socketmodule.c:6022: warning: Using 'gethostbyaddr_r' in statically linked applications requires at runtime the shared libraries from the glibc version used for linking
/usr/bin/ld: Modules/socketmodule.o: in function `socket_gethostbyname_ex':
/var/tmp/pgb-poc/Python-3.12.7/./Modules/socketmodule.c:5919: warning: Using 'gethostbyname_r' in statically linked applications requires at runtime the shared libraries from the glibc version used for linking
/usr/bin/ld: Modules/socketmodule.o: in function `socket_getprotobyname':
/var/tmp/pgb-poc/Python-3.12.7/./Modules/socketmodule.c:6150: warning: Using 'getprotobyname' in statically linked applications requires at runtime the shared libraries from the glibc version used for linking
/usr/bin/ld: Modules/socketmodule.o: in function `socket_getservbyname':
/var/tmp/pgb-poc/Python-3.12.7/./Modules/socketmodule.c:6076: warning: Using 'getservbyname' in statically linked applications requires at runtime the shared libraries from the glibc version used for linking
/usr/bin/ld: Modules/socketmodule.o: in function `socket_getservbyport':
/var/tmp/pgb-poc/Python-3.12.7/./Modules/socketmodule.c:6119: warning: Using 'getservbyport' in statically linked applications requires at runtime the shared libraries from the glibc version used for linking
./Programs/_freeze_module importlib._bootstrap ./Lib/importlib/_bootstrap.py Python/frozen_modules/importlib._bootstrap.h
./Programs/_freeze_module importlib._bootstrap_external ./Lib/importlib/_bootstrap_external.py Python/frozen_modules/importlib._bootstrap_external.h
./Programs/_freeze_module zipimport ./Lib/zipimport.py Python/frozen_modules/zipimport.h
./Programs/_freeze_module getpath ./Modules/getpath.py Python/frozen_modules/getpath.h
/root/.local/state/pgb/bin/cc -c -fno-strict-overflow -Wsign-compare -DNDEBUG -g -O3 -Wall    -std=c11 -Wextra -Wno-unused-parameter -Wno-missing-field-initializers -Wstrict-prototypes -Werror=implicit-function-declaration -fvisibility=hidden  -I./Include/internal  -I. -I./Include    -DPy_BUILD_CORE -DPYTHONPATH='""' \
	-DPREFIX='"/var/tmp/pgb-poc/prefix-python"' \
	-DEXEC_PREFIX='"/var/tmp/pgb-poc/prefix-python"' \
	-DVERSION='"3.12"' \
	-DVPATH='""' \
	-DPLATLIBDIR='"lib"' \
	-DPYTHONFRAMEWORK='""' \
	-o Modules/getpath.o ./Modules/getpath.c
/root/.local/state/pgb/bin/cc -c -fno-strict-overflow -Wsign-compare -DNDEBUG -g -O3 -Wall    -std=c11 -Wextra -Wno-unused-parameter -Wno-missing-field-initializers -Wstrict-prototypes -Werror=implicit-function-declaration -fvisibility=hidden  -I./Include/internal  -I. -I./Include    -DPy_BUILD_CORE -o Programs/_bootstrap_python.o Programs/_bootstrap_python.c
/root/.local/state/pgb/bin/cc     -o _bootstrap_python Modules/getbuildinfo.o Parser/token.o  Parser/pegen.o Parser/pegen_errors.o Parser/action_helpers.o Parser/parser.o Parser/string_parser.o Parser/peg_api.o Parser/myreadline.o Parser/tokenizer.o Objects/abstract.o Objects/boolobject.o Objects/bytes_methods.o Objects/bytearrayobject.o Objects/bytesobject.o Objects/call.o Objects/capsule.o Objects/cellobject.o Objects/classobject.o Objects/codeobject.o Objects/complexobject.o Objects/descrobject.o Objects/enumobject.o Objects/exceptions.o Objects/genericaliasobject.o Objects/genobject.o Objects/fileobject.o Objects/floatobject.o Objects/frameobject.o Objects/funcobject.o Objects/interpreteridobject.o Objects/iterobject.o Objects/listobject.o Objects/longobject.o Objects/dictobject.o Objects/odictobject.o Objects/memoryobject.o Objects/methodobject.o Objects/moduleobject.o Objects/namespaceobject.o Objects/object.o Objects/obmalloc.o Objects/picklebufobject.o Objects/rangeobject.o Objects/setobject.o Objects/sliceobject.o Objects/structseq.o Objects/tupleobject.o Objects/typeobject.o Objects/typevarobject.o Objects/unicodeobject.o Objects/unicodectype.o Objects/unionobject.o Objects/weakrefobject.o Python/asm_trampoline.o Python/_warnings.o Python/Python-ast.o Python/Python-tokenize.o Python/asdl.o Python/assemble.o Python/ast.o Python/ast_opt.o Python/ast_unparse.o Python/bltinmodule.o Python/ceval.o Python/codecs.o Python/compile.o Python/context.o Python/dynamic_annotations.o Python/errors.o Python/flowgraph.o Python/frame.o Python/frozenmain.o Python/future.o Python/getargs.o Python/getcompiler.o Python/getcopyright.o Python/getplatform.o Python/getversion.o Python/ceval_gil.o Python/hamt.o Python/hashtable.o Python/import.o Python/importdl.o Python/initconfig.o Python/instrumentation.o Python/intrinsics.o Python/legacy_tracing.o Python/marshal.o Python/modsupport.o Python/mysnprintf.o Python/mystrtoul.o Python/pathconfig.o Python/preconfig.o Python/pyarena.o Python/pyctype.o Python/pyfpe.o Python/pyhash.o Python/pylifecycle.o Python/pymath.o Python/pystate.o Python/pythonrun.o Python/pytime.o Python/bootstrap_hash.o Python/specialize.o Python/structmember.o Python/symtable.o Python/sysmodule.o Python/thread.o Python/traceback.o Python/tracemalloc.o Python/getopt.o Python/pystrcmp.o Python/pystrtod.o Python/pystrhex.o Python/dtoa.o Python/formatter_unicode.o Python/fileutils.o Python/suggestions.o Python/perf_trampoline.o Python/dynload_shlib.o     Modules/config.o Modules/main.o Modules/gcmodule.o Modules/arraymodule.o  Modules/_asynciomodule.o  Modules/_bisectmodule.o  Modules/_contextvarsmodule.o  Modules/_csv.o  Modules/_heapqmodule.o  Modules/_json.o  Modules/_lsprof.o Modules/rotatingtree.o  Modules/_opcode.o  Modules/_pickle.o  Modules/_queuemodule.o  Modules/_randommodule.o  Modules/_struct.o  Modules/_xxsubinterpretersmodule.o  Modules/_xxinterpchannelsmodule.o  Modules/_zoneinfo.o  Modules/audioop.o  Modules/mathmodule.o  Modules/cmathmodule.o  Modules/_statisticsmodule.o  Modules/_datetimemodule.o  Modules/_decimal/_decimal.o  Modules/binascii.o  Modules/zlibmodule.o  Modules/md5module.o Modules/_hacl/Hacl_Hash_MD5.o  Modules/sha1module.o Modules/_hacl/Hacl_Hash_SHA1.o  Modules/sha2module.o  Modules/sha3module.o Modules/_hacl/Hacl_Hash_SHA3.o  Modules/_blake2/blake2module.o Modules/_blake2/blake2b_impl.o Modules/_blake2/blake2s_impl.o  Modules/pyexpat.o  Modules/_elementtree.o  Modules/cjkcodecs/_codecs_cn.o  Modules/cjkcodecs/_codecs_hk.o  Modules/cjkcodecs/_codecs_iso2022.o  Modules/cjkcodecs/_codecs_jp.o  Modules/cjkcodecs/_codecs_kr.o  Modules/cjkcodecs/_codecs_tw.o  Modules/cjkcodecs/multibytecodec.o  Modules/unicodedata.o  Modules/_cryptmodule.o  Modules/fcntlmodule.o  Modules/grpmodule.o  Modules/mmapmodule.o  Modules/ossaudiodev.o  Modules/_posixsubprocess.o  Modules/resource.o  Modules/selectmodule.o  Modules/socketmodule.o  Modules/spwdmodule.o  Modules/syslogmodule.o  Modules/termios.o  Modules/_multiprocessing/posixshmem.o  Modules/_multiprocessing/multiprocessing.o Modules/_multiprocessing/semaphore.o  Modules/_ctypes/_ctypes.o Modules/_ctypes/callbacks.o Modules/_ctypes/callproc.o Modules/_ctypes/stgdict.o Modules/_ctypes/cfield.o  Modules/xxlimited.o  Modules/xxlimited_35.o  Modules/atexitmodule.o  Modules/faulthandler.o  Modules/posixmodule.o  Modules/signalmodule.o  Modules/_tracemalloc.o  Modules/_codecsmodule.o  Modules/_collectionsmodule.o  Modules/errnomodule.o  Modules/_io/_iomodule.o Modules/_io/iobase.o Modules/_io/fileio.o Modules/_io/bytesio.o Modules/_io/bufferedio.o Modules/_io/textio.o Modules/_io/stringio.o  Modules/itertoolsmodule.o  Modules/_sre/sre.o  Modules/_threadmodule.o  Modules/timemodule.o  Modules/_typingmodule.o  Modules/_weakref.o  Modules/_abc.o  Modules/_functoolsmodule.o  Modules/_localemodule.o  Modules/_operator.o  Modules/_stat.o  Modules/symtablemodule.o  Modules/pwdmodule.o \
	Programs/_bootstrap_python.o Modules/getpath.o -ldl                  -lm -lm -lm -lm -lm -lm Modules/_decimal/libmpdec/libmpdec.a -lz  -lz     Modules/_hacl/libHacl_Hash_SHA2.a   -lm Modules/expat/libexpat.a          -lcrypt               -lffi  -ldl                          -lm 
/usr/bin/ld: Python/dynload_shlib.o: in function `_PyImport_FindSharedFuncptr':
/var/tmp/pgb-poc/Python-3.12.7/./Python/dynload_shlib.c:80: warning: Using 'dlopen' in statically linked applications requires at runtime the shared libraries from the glibc version used for linking
/usr/bin/ld: Modules/posixmodule.o: in function `os_getgrouplist_impl':
/var/tmp/pgb-poc/Python-3.12.7/./Modules/posixmodule.c:8596: warning: Using 'getgrouplist' in statically linked applications requires at runtime the shared libraries from the glibc version used for linking
/usr/bin/ld: Modules/posixmodule.o: in function `os_initgroups_impl':
/var/tmp/pgb-poc/Python-3.12.7/./Modules/posixmodule.c:8750: warning: Using 'initgroups' in statically linked applications requires at runtime the shared libraries from the glibc version used for linking
/usr/bin/ld: Modules/grpmodule.o: in function `grp_getgrall_impl':
/var/tmp/pgb-poc/Python-3.12.7/./Modules/grpmodule.c:282: warning: Using 'getgrent' in statically linked applications requires at runtime the shared libraries from the glibc version used for linking
/usr/bin/ld: /var/tmp/pgb-poc/Python-3.12.7/./Modules/grpmodule.c:281: warning: Using 'setgrent' in statically linked applications requires at runtime the shared libraries from the glibc version used for linking
/usr/bin/ld: /var/tmp/pgb-poc/Python-3.12.7/./Modules/grpmodule.c:292: warning: Using 'endgrent' in statically linked applications requires at runtime the shared libraries from the glibc version used for linking
/usr/bin/ld: Modules/grpmodule.o: in function `grp_getgrgid_impl':
/var/tmp/pgb-poc/Python-3.12.7/./Modules/grpmodule.c:148: warning: Using 'getgrgid_r' in statically linked applications requires at runtime the shared libraries from the glibc version used for linking
/usr/bin/ld: Modules/grpmodule.o: in function `grp_getgrnam_impl':
/var/tmp/pgb-poc/Python-3.12.7/./Modules/grpmodule.c:229: warning: Using 'getgrnam_r' in statically linked applications requires at runtime the shared libraries from the glibc version used for linking
/usr/bin/ld: Modules/pwdmodule.o: in function `pwd_getpwall_impl':
/var/tmp/pgb-poc/Python-3.12.7/./Modules/pwdmodule.c:297: warning: Using 'getpwent' in statically linked applications requires at runtime the shared libraries from the glibc version used for linking
/usr/bin/ld: /var/tmp/pgb-poc/Python-3.12.7/./Modules/pwdmodule.c:296: warning: Using 'setpwent' in statically linked applications requires at runtime the shared libraries from the glibc version used for linking
/usr/bin/ld: /var/tmp/pgb-poc/Python-3.12.7/./Modules/pwdmodule.c:307: warning: Using 'endpwent' in statically linked applications requires at runtime the shared libraries from the glibc version used for linking
/usr/bin/ld: Modules/pwdmodule.o: in function `pwd_getpwnam_impl':
/var/tmp/pgb-poc/Python-3.12.7/./Modules/pwdmodule.c:244: warning: Using 'getpwnam_r' in statically linked applications requires at runtime the shared libraries from the glibc version used for linking
/usr/bin/ld: Modules/pwdmodule.o: in function `pwd_getpwuid':
/var/tmp/pgb-poc/Python-3.12.7/./Modules/pwdmodule.c:161: warning: Using 'getpwuid_r' in statically linked applications requires at runtime the shared libraries from the glibc version used for linking
/usr/bin/ld: Modules/socketmodule.o: in function `socket_getaddrinfo':
/var/tmp/pgb-poc/Python-3.12.7/./Modules/socketmodule.c:6763: warning: Using 'getaddrinfo' in statically linked applications requires at runtime the shared libraries from the glibc version used for linking
/usr/bin/ld: Modules/spwdmodule.o: in function `spwd_getspall_impl':
/var/tmp/pgb-poc/Python-3.12.7/./Modules/spwdmodule.c:184: warning: Using 'getspent' in statically linked applications requires at runtime the shared libraries from the glibc version used for linking
/usr/bin/ld: Modules/spwdmodule.o: in function `spwd_getspnam_impl':
/var/tmp/pgb-poc/Python-3.12.7/./Modules/spwdmodule.c:150: warning: Using 'getspnam' in statically linked applications requires at runtime the shared libraries from the glibc version used for linking
/usr/bin/ld: Modules/spwdmodule.o: in function `spwd_getspall_impl':
/var/tmp/pgb-poc/Python-3.12.7/./Modules/spwdmodule.c:183: warning: Using 'setspent' in statically linked applications requires at runtime the shared libraries from the glibc version used for linking
/usr/bin/ld: /var/tmp/pgb-poc/Python-3.12.7/./Modules/spwdmodule.c:194: warning: Using 'endspent' in statically linked applications requires at runtime the shared libraries from the glibc version used for linking
/usr/bin/ld: Modules/socketmodule.o: in function `socket_gethostbyaddr':
/var/tmp/pgb-poc/Python-3.12.7/./Modules/socketmodule.c:6022: warning: Using 'gethostbyaddr_r' in statically linked applications requires at runtime the shared libraries from the glibc version used for linking
/usr/bin/ld: Modules/socketmodule.o: in function `socket_gethostbyname_ex':
/var/tmp/pgb-poc/Python-3.12.7/./Modules/socketmodule.c:5919: warning: Using 'gethostbyname_r' in statically linked applications requires at runtime the shared libraries from the glibc version used for linking
/usr/bin/ld: Modules/socketmodule.o: in function `socket_getprotobyname':
/var/tmp/pgb-poc/Python-3.12.7/./Modules/socketmodule.c:6150: warning: Using 'getprotobyname' in statically linked applications requires at runtime the shared libraries from the glibc version used for linking
/usr/bin/ld: Modules/socketmodule.o: in function `socket_getservbyname':
/var/tmp/pgb-poc/Python-3.12.7/./Modules/socketmodule.c:6076: warning: Using 'getservbyname' in statically linked applications requires at runtime the shared libraries from the glibc version used for linking
/usr/bin/ld: Modules/socketmodule.o: in function `socket_getservbyport':
/var/tmp/pgb-poc/Python-3.12.7/./Modules/socketmodule.c:6119: warning: Using 'getservbyport' in statically linked applications requires at runtime the shared libraries from the glibc version used for linking
./_bootstrap_python ./Programs/_freeze_module.py abc ./Lib/abc.py Python/frozen_modules/abc.h
./_bootstrap_python ./Programs/_freeze_module.py codecs ./Lib/codecs.py Python/frozen_modules/codecs.h
./_bootstrap_python ./Programs/_freeze_module.py io ./Lib/io.py Python/frozen_modules/io.h
./_bootstrap_python ./Programs/_freeze_module.py _collections_abc ./Lib/_collections_abc.py Python/frozen_modules/_collections_abc.h
./_bootstrap_python ./Programs/_freeze_module.py _sitebuiltins ./Lib/_sitebuiltins.py Python/frozen_modules/_sitebuiltins.h
./_bootstrap_python ./Programs/_freeze_module.py genericpath ./Lib/genericpath.py Python/frozen_modules/genericpath.h
./_bootstrap_python ./Programs/_freeze_module.py ntpath ./Lib/ntpath.py Python/frozen_modules/ntpath.h
./_bootstrap_python ./Programs/_freeze_module.py posixpath ./Lib/posixpath.py Python/frozen_modules/posixpath.h
./_bootstrap_python ./Programs/_freeze_module.py os ./Lib/os.py Python/frozen_modules/os.h
./_bootstrap_python ./Programs/_freeze_module.py site ./Lib/site.py Python/frozen_modules/site.h
./_bootstrap_python ./Programs/_freeze_module.py stat ./Lib/stat.py Python/frozen_modules/stat.h
./_bootstrap_python ./Programs/_freeze_module.py importlib.util ./Lib/importlib/util.py Python/frozen_modules/importlib.util.h
./_bootstrap_python ./Programs/_freeze_module.py importlib.machinery ./Lib/importlib/machinery.py Python/frozen_modules/importlib.machinery.h
./_bootstrap_python ./Programs/_freeze_module.py runpy ./Lib/runpy.py Python/frozen_modules/runpy.h
./_bootstrap_python ./Programs/_freeze_module.py __hello__ ./Lib/__hello__.py Python/frozen_modules/__hello__.h
./_bootstrap_python ./Programs/_freeze_module.py __phello__ ./Lib/__phello__/__init__.py Python/frozen_modules/__phello__.h
./_bootstrap_python ./Programs/_freeze_module.py __phello__.ham ./Lib/__phello__/ham/__init__.py Python/frozen_modules/__phello__.ham.h
./_bootstrap_python ./Programs/_freeze_module.py __phello__.ham.eggs ./Lib/__phello__/ham/eggs.py Python/frozen_modules/__phello__.ham.eggs.h
./_bootstrap_python ./Programs/_freeze_module.py __phello__.spam ./Lib/__phello__/spam.py Python/frozen_modules/__phello__.spam.h
./_bootstrap_python ./Programs/_freeze_module.py frozen_only ./Tools/freeze/flag.py Python/frozen_modules/frozen_only.h
./_bootstrap_python ./Tools/build/deepfreeze.py \
Python/frozen_modules/importlib._bootstrap.h:importlib._bootstrap \
Python/frozen_modules/importlib._bootstrap_external.h:importlib._bootstrap_external \
Python/frozen_modules/zipimport.h:zipimport \
Python/frozen_modules/abc.h:abc \
Python/frozen_modules/codecs.h:codecs \
Python/frozen_modules/io.h:io \
Python/frozen_modules/_collections_abc.h:_collections_abc \
Python/frozen_modules/_sitebuiltins.h:_sitebuiltins \
Python/frozen_modules/genericpath.h:genericpath \
Python/frozen_modules/ntpath.h:ntpath \
Python/frozen_modules/posixpath.h:posixpath \
Python/frozen_modules/os.h:os \
Python/frozen_modules/site.h:site \
Python/frozen_modules/stat.h:stat \
Python/frozen_modules/importlib.util.h:importlib.util \
Python/frozen_modules/importlib.machinery.h:importlib.machinery \
Python/frozen_modules/runpy.h:runpy \
Python/frozen_modules/__hello__.h:__hello__ \
Python/frozen_modules/__phello__.h:__phello__ \
Python/frozen_modules/__phello__.ham.h:__phello__.ham \
Python/frozen_modules/__phello__.ham.eggs.h:__phello__.ham.eggs \
Python/frozen_modules/__phello__.spam.h:__phello__.spam \
Python/frozen_modules/frozen_only.h:frozen_only \
-o Python/deepfreeze/deepfreeze.c
/root/.local/state/pgb/bin/cc -c -fno-strict-overflow -Wsign-compare -DNDEBUG -g -O3 -Wall    -std=c11 -Wextra -Wno-unused-parameter -Wno-missing-field-initializers -Wstrict-prototypes -Werror=implicit-function-declaration -fvisibility=hidden  -I./Include/internal  -I. -I./Include    -DPy_BUILD_CORE -o Python/frozen.o Python/frozen.c
/root/.local/state/pgb/bin/cc -c -fno-strict-overflow -Wsign-compare -DNDEBUG -g -O3 -Wall    -std=c11 -Wextra -Wno-unused-parameter -Wno-missing-field-initializers -Wstrict-prototypes -Werror=implicit-function-declaration -fvisibility=hidden  -I./Include/internal  -I. -I./Include    -DPy_BUILD_CORE -o Python/deepfreeze/deepfreeze.o Python/deepfreeze/deepfreeze.c
rm -f libpython3.12.a
ar rcs libpython3.12.a Modules/getbuildinfo.o Parser/token.o  Parser/pegen.o Parser/pegen_errors.o Parser/action_helpers.o Parser/parser.o Parser/string_parser.o Parser/peg_api.o Parser/myreadline.o Parser/tokenizer.o Objects/abstract.o Objects/boolobject.o Objects/bytes_methods.o Objects/bytearrayobject.o Objects/bytesobject.o Objects/call.o Objects/capsule.o Objects/cellobject.o Objects/classobject.o Objects/codeobject.o Objects/complexobject.o Objects/descrobject.o Objects/enumobject.o Objects/exceptions.o Objects/genericaliasobject.o Objects/genobject.o Objects/fileobject.o Objects/floatobject.o Objects/frameobject.o Objects/funcobject.o Objects/interpreteridobject.o Objects/iterobject.o Objects/listobject.o Objects/longobject.o Objects/dictobject.o Objects/odictobject.o Objects/memoryobject.o Objects/methodobject.o Objects/moduleobject.o Objects/namespaceobject.o Objects/object.o Objects/obmalloc.o Objects/picklebufobject.o Objects/rangeobject.o Objects/setobject.o Objects/sliceobject.o Objects/structseq.o Objects/tupleobject.o Objects/typeobject.o Objects/typevarobject.o Objects/unicodeobject.o Objects/unicodectype.o Objects/unionobject.o Objects/weakrefobject.o Python/asm_trampoline.o Python/_warnings.o Python/Python-ast.o Python/Python-tokenize.o Python/asdl.o Python/assemble.o Python/ast.o Python/ast_opt.o Python/ast_unparse.o Python/bltinmodule.o Python/ceval.o Python/codecs.o Python/compile.o Python/context.o Python/dynamic_annotations.o Python/errors.o Python/flowgraph.o Python/frame.o Python/frozenmain.o Python/future.o Python/getargs.o Python/getcompiler.o Python/getcopyright.o Python/getplatform.o Python/getversion.o Python/ceval_gil.o Python/hamt.o Python/hashtable.o Python/import.o Python/importdl.o Python/initconfig.o Python/instrumentation.o Python/intrinsics.o Python/legacy_tracing.o Python/marshal.o Python/modsupport.o Python/mysnprintf.o Python/mystrtoul.o Python/pathconfig.o Python/preconfig.o Python/pyarena.o Python/pyctype.o Python/pyfpe.o Python/pyhash.o Python/pylifecycle.o Python/pymath.o Python/pystate.o Python/pythonrun.o Python/pytime.o Python/bootstrap_hash.o Python/specialize.o Python/structmember.o Python/symtable.o Python/sysmodule.o Python/thread.o Python/traceback.o Python/tracemalloc.o Python/getopt.o Python/pystrcmp.o Python/pystrtod.o Python/pystrhex.o Python/dtoa.o Python/formatter_unicode.o Python/fileutils.o Python/suggestions.o Python/perf_trampoline.o Python/dynload_shlib.o     Modules/config.o Modules/main.o Modules/gcmodule.o Modules/arraymodule.o  Modules/_asynciomodule.o  Modules/_bisectmodule.o  Modules/_contextvarsmodule.o  Modules/_csv.o  Modules/_heapqmodule.o  Modules/_json.o  Modules/_lsprof.o Modules/rotatingtree.o  Modules/_opcode.o  Modules/_pickle.o  Modules/_queuemodule.o  Modules/_randommodule.o  Modules/_struct.o  Modules/_xxsubinterpretersmodule.o  Modules/_xxinterpchannelsmodule.o  Modules/_zoneinfo.o  Modules/audioop.o  Modules/mathmodule.o  Modules/cmathmodule.o  Modules/_statisticsmodule.o  Modules/_datetimemodule.o  Modules/_decimal/_decimal.o  Modules/binascii.o  Modules/zlibmodule.o  Modules/md5module.o Modules/_hacl/Hacl_Hash_MD5.o  Modules/sha1module.o Modules/_hacl/Hacl_Hash_SHA1.o  Modules/sha2module.o  Modules/sha3module.o Modules/_hacl/Hacl_Hash_SHA3.o  Modules/_blake2/blake2module.o Modules/_blake2/blake2b_impl.o Modules/_blake2/blake2s_impl.o  Modules/pyexpat.o  Modules/_elementtree.o  Modules/cjkcodecs/_codecs_cn.o  Modules/cjkcodecs/_codecs_hk.o  Modules/cjkcodecs/_codecs_iso2022.o  Modules/cjkcodecs/_codecs_jp.o  Modules/cjkcodecs/_codecs_kr.o  Modules/cjkcodecs/_codecs_tw.o  Modules/cjkcodecs/multibytecodec.o  Modules/unicodedata.o  Modules/_cryptmodule.o  Modules/fcntlmodule.o  Modules/grpmodule.o  Modules/mmapmodule.o  Modules/ossaudiodev.o  Modules/_posixsubprocess.o  Modules/resource.o  Modules/selectmodule.o  Modules/socketmodule.o  Modules/spwdmodule.o  Modules/syslogmodule.o  Modules/termios.o  Modules/_multiprocessing/posixshmem.o  Modules/_multiprocessing/multiprocessing.o Modules/_multiprocessing/semaphore.o  Modules/_ctypes/_ctypes.o Modules/_ctypes/callbacks.o Modules/_ctypes/callproc.o Modules/_ctypes/stgdict.o Modules/_ctypes/cfield.o  Modules/xxlimited.o  Modules/xxlimited_35.o  Modules/atexitmodule.o  Modules/faulthandler.o  Modules/posixmodule.o  Modules/signalmodule.o  Modules/_tracemalloc.o  Modules/_codecsmodule.o  Modules/_collectionsmodule.o  Modules/errnomodule.o  Modules/_io/_iomodule.o Modules/_io/iobase.o Modules/_io/fileio.o Modules/_io/bytesio.o Modules/_io/bufferedio.o Modules/_io/textio.o Modules/_io/stringio.o  Modules/itertoolsmodule.o  Modules/_sre/sre.o  Modules/_threadmodule.o  Modules/timemodule.o  Modules/_typingmodule.o  Modules/_weakref.o  Modules/_abc.o  Modules/_functoolsmodule.o  Modules/_localemodule.o  Modules/_operator.o  Modules/_stat.o  Modules/symtablemodule.o  Modules/pwdmodule.o Python/deepfreeze/deepfreeze.o Modules/getpath.o Python/frozen.o
/root/.local/state/pgb/bin/cc     -Xlinker -export-dynamic -o python Programs/python.o Modules/getbuildinfo.o Parser/token.o  Parser/pegen.o Parser/pegen_errors.o Parser/action_helpers.o Parser/parser.o Parser/string_parser.o Parser/peg_api.o Parser/myreadline.o Parser/tokenizer.o Objects/abstract.o Objects/boolobject.o Objects/bytes_methods.o Objects/bytearrayobject.o Objects/bytesobject.o Objects/call.o Objects/capsule.o Objects/cellobject.o Objects/classobject.o Objects/codeobject.o Objects/complexobject.o Objects/descrobject.o Objects/enumobject.o Objects/exceptions.o Objects/genericaliasobject.o Objects/genobject.o Objects/fileobject.o Objects/floatobject.o Objects/frameobject.o Objects/funcobject.o Objects/interpreteridobject.o Objects/iterobject.o Objects/listobject.o Objects/longobject.o Objects/dictobject.o Objects/odictobject.o Objects/memoryobject.o Objects/methodobject.o Objects/moduleobject.o Objects/namespaceobject.o Objects/object.o Objects/obmalloc.o Objects/picklebufobject.o Objects/rangeobject.o Objects/setobject.o Objects/sliceobject.o Objects/structseq.o Objects/tupleobject.o Objects/typeobject.o Objects/typevarobject.o Objects/unicodeobject.o Objects/unicodectype.o Objects/unionobject.o Objects/weakrefobject.o Python/asm_trampoline.o Python/_warnings.o Python/Python-ast.o Python/Python-tokenize.o Python/asdl.o Python/assemble.o Python/ast.o Python/ast_opt.o Python/ast_unparse.o Python/bltinmodule.o Python/ceval.o Python/codecs.o Python/compile.o Python/context.o Python/dynamic_annotations.o Python/errors.o Python/flowgraph.o Python/frame.o Python/frozenmain.o Python/future.o Python/getargs.o Python/getcompiler.o Python/getcopyright.o Python/getplatform.o Python/getversion.o Python/ceval_gil.o Python/hamt.o Python/hashtable.o Python/import.o Python/importdl.o Python/initconfig.o Python/instrumentation.o Python/intrinsics.o Python/legacy_tracing.o Python/marshal.o Python/modsupport.o Python/mysnprintf.o Python/mystrtoul.o Python/pathconfig.o Python/preconfig.o Python/pyarena.o Python/pyctype.o Python/pyfpe.o Python/pyhash.o Python/pylifecycle.o Python/pymath.o Python/pystate.o Python/pythonrun.o Python/pytime.o Python/bootstrap_hash.o Python/specialize.o Python/structmember.o Python/symtable.o Python/sysmodule.o Python/thread.o Python/traceback.o Python/tracemalloc.o Python/getopt.o Python/pystrcmp.o Python/pystrtod.o Python/pystrhex.o Python/dtoa.o Python/formatter_unicode.o Python/fileutils.o Python/suggestions.o Python/perf_trampoline.o Python/dynload_shlib.o     Modules/config.o Modules/main.o Modules/gcmodule.o Modules/arraymodule.o  Modules/_asynciomodule.o  Modules/_bisectmodule.o  Modules/_contextvarsmodule.o  Modules/_csv.o  Modules/_heapqmodule.o  Modules/_json.o  Modules/_lsprof.o Modules/rotatingtree.o  Modules/_opcode.o  Modules/_pickle.o  Modules/_queuemodule.o  Modules/_randommodule.o  Modules/_struct.o  Modules/_xxsubinterpretersmodule.o  Modules/_xxinterpchannelsmodule.o  Modules/_zoneinfo.o  Modules/audioop.o  Modules/mathmodule.o  Modules/cmathmodule.o  Modules/_statisticsmodule.o  Modules/_datetimemodule.o  Modules/_decimal/_decimal.o  Modules/binascii.o  Modules/zlibmodule.o  Modules/md5module.o Modules/_hacl/Hacl_Hash_MD5.o  Modules/sha1module.o Modules/_hacl/Hacl_Hash_SHA1.o  Modules/sha2module.o  Modules/sha3module.o Modules/_hacl/Hacl_Hash_SHA3.o  Modules/_blake2/blake2module.o Modules/_blake2/blake2b_impl.o Modules/_blake2/blake2s_impl.o  Modules/pyexpat.o  Modules/_elementtree.o  Modules/cjkcodecs/_codecs_cn.o  Modules/cjkcodecs/_codecs_hk.o  Modules/cjkcodecs/_codecs_iso2022.o  Modules/cjkcodecs/_codecs_jp.o  Modules/cjkcodecs/_codecs_kr.o  Modules/cjkcodecs/_codecs_tw.o  Modules/cjkcodecs/multibytecodec.o  Modules/unicodedata.o  Modules/_cryptmodule.o  Modules/fcntlmodule.o  Modules/grpmodule.o  Modules/mmapmodule.o  Modules/ossaudiodev.o  Modules/_posixsubprocess.o  Modules/resource.o  Modules/selectmodule.o  Modules/socketmodule.o  Modules/spwdmodule.o  Modules/syslogmodule.o  Modules/termios.o  Modules/_multiprocessing/posixshmem.o  Modules/_multiprocessing/multiprocessing.o Modules/_multiprocessing/semaphore.o  Modules/_ctypes/_ctypes.o Modules/_ctypes/callbacks.o Modules/_ctypes/callproc.o Modules/_ctypes/stgdict.o Modules/_ctypes/cfield.o  Modules/xxlimited.o  Modules/xxlimited_35.o  Modules/atexitmodule.o  Modules/faulthandler.o  Modules/posixmodule.o  Modules/signalmodule.o  Modules/_tracemalloc.o  Modules/_codecsmodule.o  Modules/_collectionsmodule.o  Modules/errnomodule.o  Modules/_io/_iomodule.o Modules/_io/iobase.o Modules/_io/fileio.o Modules/_io/bytesio.o Modules/_io/bufferedio.o Modules/_io/textio.o Modules/_io/stringio.o  Modules/itertoolsmodule.o  Modules/_sre/sre.o  Modules/_threadmodule.o  Modules/timemodule.o  Modules/_typingmodule.o  Modules/_weakref.o  Modules/_abc.o  Modules/_functoolsmodule.o  Modules/_localemodule.o  Modules/_operator.o  Modules/_stat.o  Modules/symtablemodule.o  Modules/pwdmodule.o Python/deepfreeze/deepfreeze.o Modules/getpath.o Python/frozen.o -ldl                  -lm -lm -lm -lm -lm -lm Modules/_decimal/libmpdec/libmpdec.a -lz  -lz     Modules/_hacl/libHacl_Hash_SHA2.a   -lm Modules/expat/libexpat.a          -lcrypt               -lffi  -ldl                          -lm 
/root/.local/state/pgb/bin/cc     -Xlinker -export-dynamic -o Programs/_testembed Programs/_testembed.o Modules/getbuildinfo.o Parser/token.o  Parser/pegen.o Parser/pegen_errors.o Parser/action_helpers.o Parser/parser.o Parser/string_parser.o Parser/peg_api.o Parser/myreadline.o Parser/tokenizer.o Objects/abstract.o Objects/boolobject.o Objects/bytes_methods.o Objects/bytearrayobject.o Objects/bytesobject.o Objects/call.o Objects/capsule.o Objects/cellobject.o Objects/classobject.o Objects/codeobject.o Objects/complexobject.o Objects/descrobject.o Objects/enumobject.o Objects/exceptions.o Objects/genericaliasobject.o Objects/genobject.o Objects/fileobject.o Objects/floatobject.o Objects/frameobject.o Objects/funcobject.o Objects/interpreteridobject.o Objects/iterobject.o Objects/listobject.o Objects/longobject.o Objects/dictobject.o Objects/odictobject.o Objects/memoryobject.o Objects/methodobject.o Objects/moduleobject.o Objects/namespaceobject.o Objects/object.o Objects/obmalloc.o Objects/picklebufobject.o Objects/rangeobject.o Objects/setobject.o Objects/sliceobject.o Objects/structseq.o Objects/tupleobject.o Objects/typeobject.o Objects/typevarobject.o Objects/unicodeobject.o Objects/unicodectype.o Objects/unionobject.o Objects/weakrefobject.o Python/asm_trampoline.o Python/_warnings.o Python/Python-ast.o Python/Python-tokenize.o Python/asdl.o Python/assemble.o Python/ast.o Python/ast_opt.o Python/ast_unparse.o Python/bltinmodule.o Python/ceval.o Python/codecs.o Python/compile.o Python/context.o Python/dynamic_annotations.o Python/errors.o Python/flowgraph.o Python/frame.o Python/frozenmain.o Python/future.o Python/getargs.o Python/getcompiler.o Python/getcopyright.o Python/getplatform.o Python/getversion.o Python/ceval_gil.o Python/hamt.o Python/hashtable.o Python/import.o Python/importdl.o Python/initconfig.o Python/instrumentation.o Python/intrinsics.o Python/legacy_tracing.o Python/marshal.o Python/modsupport.o Python/mysnprintf.o Python/mystrtoul.o Python/pathconfig.o Python/preconfig.o Python/pyarena.o Python/pyctype.o Python/pyfpe.o Python/pyhash.o Python/pylifecycle.o Python/pymath.o Python/pystate.o Python/pythonrun.o Python/pytime.o Python/bootstrap_hash.o Python/specialize.o Python/structmember.o Python/symtable.o Python/sysmodule.o Python/thread.o Python/traceback.o Python/tracemalloc.o Python/getopt.o Python/pystrcmp.o Python/pystrtod.o Python/pystrhex.o Python/dtoa.o Python/formatter_unicode.o Python/fileutils.o Python/suggestions.o Python/perf_trampoline.o Python/dynload_shlib.o     Modules/config.o Modules/main.o Modules/gcmodule.o Modules/arraymodule.o  Modules/_asynciomodule.o  Modules/_bisectmodule.o  Modules/_contextvarsmodule.o  Modules/_csv.o  Modules/_heapqmodule.o  Modules/_json.o  Modules/_lsprof.o Modules/rotatingtree.o  Modules/_opcode.o  Modules/_pickle.o  Modules/_queuemodule.o  Modules/_randommodule.o  Modules/_struct.o  Modules/_xxsubinterpretersmodule.o  Modules/_xxinterpchannelsmodule.o  Modules/_zoneinfo.o  Modules/audioop.o  Modules/mathmodule.o  Modules/cmathmodule.o  Modules/_statisticsmodule.o  Modules/_datetimemodule.o  Modules/_decimal/_decimal.o  Modules/binascii.o  Modules/zlibmodule.o  Modules/md5module.o Modules/_hacl/Hacl_Hash_MD5.o  Modules/sha1module.o Modules/_hacl/Hacl_Hash_SHA1.o  Modules/sha2module.o  Modules/sha3module.o Modules/_hacl/Hacl_Hash_SHA3.o  Modules/_blake2/blake2module.o Modules/_blake2/blake2b_impl.o Modules/_blake2/blake2s_impl.o  Modules/pyexpat.o  Modules/_elementtree.o  Modules/cjkcodecs/_codecs_cn.o  Modules/cjkcodecs/_codecs_hk.o  Modules/cjkcodecs/_codecs_iso2022.o  Modules/cjkcodecs/_codecs_jp.o  Modules/cjkcodecs/_codecs_kr.o  Modules/cjkcodecs/_codecs_tw.o  Modules/cjkcodecs/multibytecodec.o  Modules/unicodedata.o  Modules/_cryptmodule.o  Modules/fcntlmodule.o  Modules/grpmodule.o  Modules/mmapmodule.o  Modules/ossaudiodev.o  Modules/_posixsubprocess.o  Modules/resource.o  Modules/selectmodule.o  Modules/socketmodule.o  Modules/spwdmodule.o  Modules/syslogmodule.o  Modules/termios.o  Modules/_multiprocessing/posixshmem.o  Modules/_multiprocessing/multiprocessing.o Modules/_multiprocessing/semaphore.o  Modules/_ctypes/_ctypes.o Modules/_ctypes/callbacks.o Modules/_ctypes/callproc.o Modules/_ctypes/stgdict.o Modules/_ctypes/cfield.o  Modules/xxlimited.o  Modules/xxlimited_35.o  Modules/atexitmodule.o  Modules/faulthandler.o  Modules/posixmodule.o  Modules/signalmodule.o  Modules/_tracemalloc.o  Modules/_codecsmodule.o  Modules/_collectionsmodule.o  Modules/errnomodule.o  Modules/_io/_iomodule.o Modules/_io/iobase.o Modules/_io/fileio.o Modules/_io/bytesio.o Modules/_io/bufferedio.o Modules/_io/textio.o Modules/_io/stringio.o  Modules/itertoolsmodule.o  Modules/_sre/sre.o  Modules/_threadmodule.o  Modules/timemodule.o  Modules/_typingmodule.o  Modules/_weakref.o  Modules/_abc.o  Modules/_functoolsmodule.o  Modules/_localemodule.o  Modules/_operator.o  Modules/_stat.o  Modules/symtablemodule.o  Modules/pwdmodule.o Python/deepfreeze/deepfreeze.o Modules/getpath.o Python/frozen.o -ldl                  -lm -lm -lm -lm -lm -lm Modules/_decimal/libmpdec/libmpdec.a -lz  -lz     Modules/_hacl/libHacl_Hash_SHA2.a   -lm Modules/expat/libexpat.a          -lcrypt               -lffi  -ldl                          -lm 
/usr/bin/ld: Python/dynload_shlib.o: in function `_PyImport_FindSharedFuncptr':
/var/tmp/pgb-poc/Python-3.12.7/./Python/dynload_shlib.c:80: warning: Using 'dlopen' in statically linked applications requires at runtime the shared libraries from the glibc version used for linking
/usr/bin/ld: Python/dynload_shlib.o: in function `_PyImport_FindSharedFuncptr':
/var/tmp/pgb-poc/Python-3.12.7/./Python/dynload_shlib.c:80: warning: Using 'dlopen' in statically linked applications requires at runtime the shared libraries from the glibc version used for linking
/usr/bin/ld: /usr/bin/ld: Modules/posixmodule.o: in function `os_getgrouplist_impl':
/var/tmp/pgb-poc/Python-3.12.7/./Modules/posixmodule.c:8596: warning: Using 'getgrouplist' in statically linked applications requires at runtime the shared libraries from the glibc version used for linking
/usr/bin/ld: Modules/posixmodule.o: in function `os_initgroups_impl':
/var/tmp/pgb-poc/Python-3.12.7/./Modules/posixmodule.c:8750: warning: Using 'initgroups' in statically linked applications requires at runtime the shared libraries from the glibc version used for linking
/usr/bin/ld: Modules/grpmodule.o: in function `grp_getgrall_impl':
/var/tmp/pgb-poc/Python-3.12.7/./Modules/grpmodule.c:282: warning: Using 'getgrent' in statically linked applications requires at runtime the shared libraries from the glibc version used for linking
/usr/bin/ld: /var/tmp/pgb-poc/Python-3.12.7/./Modules/grpmodule.c:281: warning: Using 'setgrent' in statically linked applications requires at runtime the shared libraries from the glibc version used for linking
/usr/bin/ld: /var/tmp/pgb-poc/Python-3.12.7/./Modules/grpmodule.c:292: warning: Using 'endgrent' in statically linked applications requires at runtime the shared libraries from the glibc version used for linking
/usr/bin/ld: Modules/grpmodule.o: in function `grp_getgrgid_impl':
/var/tmp/pgb-poc/Python-3.12.7/./Modules/grpmodule.c:148: warning: Using 'getgrgid_r' in statically linked applications requires at runtime the shared libraries from the glibc version used for linking
/usr/bin/ld: Modules/grpmodule.o: in function `grp_getgrnam_impl':
/var/tmp/pgb-poc/Python-3.12.7/./Modules/grpmodule.c:229: warning: Using 'getgrnam_r' in statically linked applications requires at runtime the shared libraries from the glibc version used for linking
/usr/bin/ld: Modules/posixmodule.o: in function `os_getgrouplist_impl':
/var/tmp/pgb-poc/Python-3.12.7/./Modules/posixmodule.c:8596: warning: Using 'getgrouplist' in statically linked applications requires at runtime the shared libraries from the glibc version used for linking
/usr/bin/ld: Modules/posixmodule.o: in function `os_initgroups_impl':
/var/tmp/pgb-poc/Python-3.12.7/./Modules/posixmodule.c:8750: warning: Using 'initgroups' in statically linked applications requires at runtime the shared libraries from the glibc version used for linking
Modules/pwdmodule.o: in function `pwd_getpwall_impl':
/var/tmp/pgb-poc/Python-3.12.7/./Modules/pwdmodule.c:297: warning: Using 'getpwent' in statically linked applications requires at runtime the shared libraries from the glibc version used for linking
/usr/bin/ld: /usr/bin/ld: /var/tmp/pgb-poc/Python-3.12.7/./Modules/pwdmodule.c:296: warning: Using 'setpwent' in statically linked applications requires at runtime the shared libraries from the glibc version used for linking
/usr/bin/ld: /var/tmp/pgb-poc/Python-3.12.7/./Modules/pwdmodule.c:307: warning: Using 'endpwent' in statically linked applications requires at runtime the shared libraries from the glibc version used for linking
/usr/bin/ld: Modules/pwdmodule.o: in function `pwd_getpwnam_impl':
/var/tmp/pgb-poc/Python-3.12.7/./Modules/pwdmodule.c:244: warning: Using 'getpwnam_r' in statically linked applications requires at runtime the shared libraries from the glibc version used for linking
/usr/bin/ld: Modules/pwdmodule.o: in function `pwd_getpwuid':
/var/tmp/pgb-poc/Python-3.12.7/./Modules/pwdmodule.c:161: warning: Using 'getpwuid_r' in statically linked applications requires at runtime the shared libraries from the glibc version used for linking
/usr/bin/ld: Modules/grpmodule.o: in function `grp_getgrall_impl':
/var/tmp/pgb-poc/Python-3.12.7/./Modules/grpmodule.c:282: warning: Using 'getgrent' in statically linked applications requires at runtime the shared libraries from the glibc version used for linking
/usr/bin/ld: /var/tmp/pgb-poc/Python-3.12.7/./Modules/grpmodule.c:281: warning: Using 'setgrent' in statically linked applications requires at runtime the shared libraries from the glibc version used for linking
/usr/bin/ld: /var/tmp/pgb-poc/Python-3.12.7/./Modules/grpmodule.c:292: warning: Using 'endgrent' in statically linked applications requires at runtime the shared libraries from the glibc version used for linking
/usr/bin/ld: Modules/grpmodule.o: in function `grp_getgrgid_impl':
/var/tmp/pgb-poc/Python-3.12.7/./Modules/grpmodule.c:148: warning: Using 'getgrgid_r' in statically linked applications requires at runtime the shared libraries from the glibc version used for linking
/usr/bin/ld: Modules/grpmodule.o: in function `grp_getgrnam_impl':
/var/tmp/pgb-poc/Python-3.12.7/./Modules/grpmodule.c:229: warning: Using 'getgrnam_r' in statically linked applications requires at runtime the shared libraries from the glibc version used for linking
/usr/bin/ld: Modules/socketmodule.o: in function `socket_getaddrinfo':
/var/tmp/pgb-poc/Python-3.12.7/./Modules/socketmodule.c:6763: warning: Using 'getaddrinfo' in statically linked applications requires at runtime the shared libraries from the glibc version used for linking
Modules/pwdmodule.o: in function `pwd_getpwall_impl':
/var/tmp/pgb-poc/Python-3.12.7/./Modules/pwdmodule.c:297: warning: Using 'getpwent' in statically linked applications requires at runtime the shared libraries from the glibc version used for linking
/usr/bin/ld: /var/tmp/pgb-poc/Python-3.12.7/./Modules/pwdmodule.c:296: warning: Using 'setpwent' in statically linked applications requires at runtime the shared libraries from the glibc version used for linking
/usr/bin/ld: /var/tmp/pgb-poc/Python-3.12.7/./Modules/pwdmodule.c:307: warning: Using 'endpwent' in statically linked applications requires at runtime the shared libraries from the glibc version used for linking
/usr/bin/ld: Modules/pwdmodule.o: in function `pwd_getpwnam_impl':
/var/tmp/pgb-poc/Python-3.12.7/./Modules/pwdmodule.c:244: warning: Using 'getpwnam_r' in statically linked applications requires at runtime the shared libraries from the glibc version used for linking
/usr/bin/ld: Modules/pwdmodule.o: in function `pwd_getpwuid':
/var/tmp/pgb-poc/Python-3.12.7/./Modules/pwdmodule.c:161: warning: Using 'getpwuid_r' in statically linked applications requires at runtime the shared libraries from the glibc version used for linking
/usr/bin/ld: Modules/spwdmodule.o: in function `spwd_getspall_impl':
/var/tmp/pgb-poc/Python-3.12.7/./Modules/spwdmodule.c:184: warning: Using 'getspent' in statically linked applications requires at runtime the shared libraries from the glibc version used for linking
/usr/bin/ld: Modules/spwdmodule.o: in function `spwd_getspnam_impl':
/var/tmp/pgb-poc/Python-3.12.7/./Modules/spwdmodule.c:150: warning: Using 'getspnam' in statically linked applications requires at runtime the shared libraries from the glibc version used for linking
/usr/bin/ld: Modules/spwdmodule.o: in function `spwd_getspall_impl':
/var/tmp/pgb-poc/Python-3.12.7/./Modules/spwdmodule.c:183: warning: Using 'setspent' in statically linked applications requires at runtime the shared libraries from the glibc version used for linking
/usr/bin/ld: /var/tmp/pgb-poc/Python-3.12.7/./Modules/spwdmodule.c:194: warning: Using 'endspent' in statically linked applications requires at runtime the shared libraries from the glibc version used for linking
/usr/bin/ld: Modules/socketmodule.o: in function `socket_gethostbyaddr':
/var/tmp/pgb-poc/Python-3.12.7/./Modules/socketmodule.c:6022: warning: Using 'gethostbyaddr_r' in statically linked applications requires at runtime the shared libraries from the glibc version used for linking
/usr/bin/ld: Modules/socketmodule.o: in function `socket_gethostbyname_ex':
/var/tmp/pgb-poc/Python-3.12.7/./Modules/socketmodule.c:5919: warning: Using 'gethostbyname_r' in statically linked applications requires at runtime the shared libraries from the glibc version used for linking
/usr/bin/ld: Modules/socketmodule.o: in function `socket_getprotobyname':
/var/tmp/pgb-poc/Python-3.12.7/./Modules/socketmodule.c:6150: warning: Using 'getprotobyname' in statically linked applications requires at runtime the shared libraries from the glibc version used for linking
/usr/bin/ld: Modules/socketmodule.o: in function `socket_getservbyname':
/var/tmp/pgb-poc/Python-3.12.7/./Modules/socketmodule.c:6076: warning: Using 'getservbyname' in statically linked applications requires at runtime the shared libraries from the glibc version used for linking
/usr/bin/ld: Modules/socketmodule.o: in function `socket_getservbyport':
/var/tmp/pgb-poc/Python-3.12.7/./Modules/socketmodule.c:6119: warning: Using 'getservbyport' in statically linked applications requires at runtime the shared libraries from the glibc version used for linking
/usr/bin/ld: Modules/socketmodule.o: in function `socket_getaddrinfo':
/var/tmp/pgb-poc/Python-3.12.7/./Modules/socketmodule.c:6763: warning: Using 'getaddrinfo' in statically linked applications requires at runtime the shared libraries from the glibc version used for linking
/usr/bin/ld: Modules/spwdmodule.o: in function `spwd_getspall_impl':
/var/tmp/pgb-poc/Python-3.12.7/./Modules/spwdmodule.c:184: warning: Using 'getspent' in statically linked applications requires at runtime the shared libraries from the glibc version used for linking
/usr/bin/ld: Modules/spwdmodule.o: in function `spwd_getspnam_impl':
/var/tmp/pgb-poc/Python-3.12.7/./Modules/spwdmodule.c:150: warning: Using 'getspnam' in statically linked applications requires at runtime the shared libraries from the glibc version used for linking
/usr/bin/ld: Modules/spwdmodule.o: in function `spwd_getspall_impl':
/var/tmp/pgb-poc/Python-3.12.7/./Modules/spwdmodule.c:183: warning: Using 'setspent' in statically linked applications requires at runtime the shared libraries from the glibc version used for linking
/usr/bin/ld: /var/tmp/pgb-poc/Python-3.12.7/./Modules/spwdmodule.c:194: warning: Using 'endspent' in statically linked applications requires at runtime the shared libraries from the glibc version used for linking
/usr/bin/ld: Modules/socketmodule.o: in function `socket_gethostbyaddr':
/var/tmp/pgb-poc/Python-3.12.7/./Modules/socketmodule.c:6022: warning: Using 'gethostbyaddr_r' in statically linked applications requires at runtime the shared libraries from the glibc version used for linking
/usr/bin/ld: Modules/socketmodule.o: in function `socket_gethostbyname_ex':
/var/tmp/pgb-poc/Python-3.12.7/./Modules/socketmodule.c:5919: warning: Using 'gethostbyname_r' in statically linked applications requires at runtime the shared libraries from the glibc version used for linking
/usr/bin/ld: Modules/socketmodule.o: in function `socket_getprotobyname':
/var/tmp/pgb-poc/Python-3.12.7/./Modules/socketmodule.c:6150: warning: Using 'getprotobyname' in statically linked applications requires at runtime the shared libraries from the glibc version used for linking
/usr/bin/ld: Modules/socketmodule.o: in function `socket_getservbyname':
/var/tmp/pgb-poc/Python-3.12.7/./Modules/socketmodule.c:6076: warning: Using 'getservbyname' in statically linked applications requires at runtime the shared libraries from the glibc version used for linking
/usr/bin/ld: Modules/socketmodule.o: in function `socket_getservbyport':
/var/tmp/pgb-poc/Python-3.12.7/./Modules/socketmodule.c:6119: warning: Using 'getservbyport' in statically linked applications requires at runtime the shared libraries from the glibc version used for linking
./python -E -S -m sysconfig --generate-posix-vars ;\
if test $? -ne 0 ; then \
	echo "generate-posix-vars failed" ; \
	rm -f ./pybuilddir.txt ; \
	exit 1 ; \
fi
./python -E -c 'import sys ; from sysconfig import get_platform ; print("%s-%d.%d" % (get_platform(), *sys.version_info[:2]))' >platform
The following modules are *disabled* in configure script:
_ctypes_test          _sqlite3              _testbuffer        
_testcapi             _testclinic           _testimportmultiple
_testinternalcapi     _testmultiphase       _xxtestfuzz        
xxsubtype                                                      

The necessary bits to build these optional modules were not found:
_bz2                  _curses               _curses_panel      
_dbm                  _gdbm                 _hashlib           
_lzma                 _ssl                  _tkinter           
_uuid                 readline                                 
To find the necessary bits, look in configure.ac and config.log.

Could not build the ssl module!
Python requires a OpenSSL 1.1.1 or newer

Checked 110 modules (87 built-in, 0 shared, 2 n/a on linux-x86_64, 10 disabled, 11 missing, 0 failed on import)
